AFG,cbeef,0.18
AFG,cpork,0.02
AFG,clamb,0.18
AFG,cpoul,0.19
AFG,ceggs,0.1
AFG,cmilk,0.41
AFG,cmaiz,0.07
AFG,crice,-0.17
AFG,cwhea,0.25
AFG,cbean,-0.3263
AFG,cchkp,-0.3263
AFG,ccowp,-0.3263
AFG,clent,-0.3263
AFG,cpigp,-0.3263
AFG,copul,-0.3263
AFG,cbana,-0.15
AFG,cplnt,-0.15
AFG,csubf,-0.15
AFG,ctemf,-0.15
AFG,cvege,-0.2
AFG,csugr,-0.3
AFG,cgrnd,-0.3263
AFG,cgdnt,-0.3263
AFG,cgdol,-0.4
AFG,cgdml,-0.2
AFG,crpol,-0.4
AFG,crpml,-0.2
AFG,csbol,-0.4
AFG,csbml,-0.2
AFG,csfol,-0.4
AFG,csfml,-0.2
AFG,cplol,-0.4
AFG,cpkol,-0.4
AFG,cpkml,-0.2
AFG,ctool,-0.4
AFG,ctoml,-0.2
AFG,ccoco,-0.15
AFG,ccafe,-0.15
AFG,ccott,-0.9047
AFG,cteas,-0.15
AFG,cothr,-0.3263
AGO,cbeef,-0.24
AGO,ceggs,-0.09
AGO,cmilk,-0.09
AGO,cbarl,0.2
AGO,cmaiz,-0.2
AGO,cmill,0.2
AGO,crice,-0.12
AGO,csorg,0.2
AGO,cwhea,0.15
AGO,cocer,0.2
AGO,cbean,-0.082
AGO,cchkp,-0.082
AGO,ccowp,-0.082
AGO,clent,-0.082
AGO,cpigp,-0.082
AGO,copul,-0.082
AGO,cbana,-0.12
AGO,cplnt,-0.12
AGO,csubf,-0.12
AGO,ctemf,-0.12
AGO,cvege,-0.12
AGO,csugr,-0.3
AGO,cgrnd,-0.082
AGO,cgdnt,-0.082
AGO,cgdol,-0.22
AGO,cgdml,-0.22
AGO,crpol,-0.22
AGO,crpml,-0.22
AGO,csbol,-0.22
AGO,csbml,-0.22
AGO,csfol,-0.22
AGO,csfml,-0.22
AGO,cplol,-0.22
AGO,cpkol,-0.22
AGO,cpkml,-0.22
AGO,ctool,-0.22
AGO,ctoml,-0.22
AGO,ccoco,-0.12
AGO,ccafe,-0.12
AGO,ccott,-0.2275
AGO,cteas,-0.12
AGO,cothr,-0.082
ALB,cbeef,-0.05
ALB,cpork,-0.05
ALB,clamb,-0.01
ALB,cpoul,-0.18
ALB,ceggs,-0.41
ALB,cmilk,-0.26
ALB,cwhea,0.01
ALB,cgdol,-0.05
ALB,cgdml,-0.05
ALB,crpol,-0.05
ALB,crpml,-0.05
ALB,csbol,-0.05
ALB,csbml,-0.05
ALB,csfol,-0.05
ALB,csfml,-0.05
ALB,cplol,-0.05
ALB,cpkol,-0.05
ALB,cpkml,-0.05
ALB,ctool,-0.05
ALB,ctoml,-0.05
ARG,cbeef,-0.07
ARG,cpork,-0.25
ARG,clamb,-0.26
ARG,cpoul,-0.25
ARG,ceggs,0.01
ARG,cmilk,-0.53
ARG,cmaiz,-0.05
ARG,cwhea,-0.04
ARG,cbean,-0.2237
ARG,cchkp,-0.2237
ARG,ccowp,-0.2237
ARG,clent,-0.2237
ARG,cpigp,-0.2237
ARG,copul,-0.2237
ARG,cbana,-0.12
ARG,cplnt,-0.12
ARG,csubf,-0.12
ARG,ctemf,-0.12
ARG,cvege,-0.12
ARG,csugr,-0.2
ARG,cgrnd,-0.2237
ARG,cgdnt,-0.2237
ARG,cgdol,-0.02
ARG,cgdml,-0.02
ARG,crpsd,-0.01
ARG,crpnt,-0.01
ARG,crpol,-0.02
ARG,crpml,-0.02
ARG,csoyb,-0.01
ARG,csbnt,-0.01
ARG,csbol,-0.02
ARG,csbml,-0.02
ARG,csnfl,-0.01
ARG,csfnt,-0.01
ARG,csfol,-0.02
ARG,csfml,-0.02
ARG,cpalm,-0.01
ARG,cplol,-0.02
ARG,cpkrl,-0.01
ARG,cpkol,-0.02
ARG,cpkml,-0.02
ARG,ctols,-0.01
ARG,ctont,-0.01
ARG,ctool,-0.02
ARG,ctoml,-0.02
ARG,ccoco,-0.12
ARG,ccafe,-0.12
ARG,ccott,-0.6203
ARG,cteas,-0.12
ARG,cothr,-0.2237
ARM,cbeef,-0.74
ARM,cpork,-0.83
ARM,clamb,-0.74
ARM,cpoul,-0.83
ARM,ceggs,-0.23
ARM,cmilk,-0.45
ARM,crice,-0.03
ARM,cwhea,0.15
ARM,cgdol,-0.07
ARM,cgdml,-0.07
ARM,crpol,-0.07
ARM,crpml,-0.07
ARM,csbol,-0.07
ARM,csbml,-0.07
ARM,csfol,-0.07
ARM,csfml,-0.07
ARM,cplol,-0.07
ARM,cpkol,-0.07
ARM,cpkml,-0.07
ARM,ctool,-0.07
ARM,ctoml,-0.07
AUS,cmilk,0.000287194
AUT,cbeef,0.131974056
AUT,cpork,0.017106521
AUT,clamb,0.141404438
AUT,cpoul,0.400119788
AUT,ceggs,0.00800476
AUT,cmill,-0.03
AUT,cpota,0.095875804
AUT,ctemf,0.069863457
AZE,cbeef,-0.74
AZE,cpork,-0.83
AZE,clamb,-0.74
AZE,cpoul,-0.83
AZE,ceggs,-0.23
AZE,cmilk,-0.45
AZE,crice,-0.03
AZE,cwhea,0.15
AZE,cgdol,-0.07
AZE,cgdml,-0.07
AZE,crpol,-0.07
AZE,crpml,-0.07
AZE,csbol,-0.07
AZE,csbml,-0.07
AZE,csfol,-0.07
AZE,csfml,-0.07
AZE,cplol,-0.07
AZE,cpkol,-0.07
AZE,cpkml,-0.07
AZE,ctool,-0.07
AZE,ctoml,-0.07
BDI,cbeef,-0.5
BDI,cpork,-0.3
BDI,clamb,0.5
BDI,cpoul,-0.3
BDI,ceggs,-0.1
BDI,cmilk,-0.15
BDI,cbarl,-0.18
BDI,cmaiz,-0.18
BDI,cmill,-0.18
BDI,crice,-0.3
BDI,csorg,-0.18
BDI,cwhea,0.05
BDI,cocer,-0.18
BDI,cbean,-0.138
BDI,cchkp,-0.138
BDI,ccowp,-0.138
BDI,clent,-0.138
BDI,cpigp,-0.138
BDI,copul,-0.138
BDI,cbana,-0.21
BDI,cplnt,-0.21
BDI,csubf,-0.21
BDI,ctemf,-0.21
BDI,cvege,-0.21
BDI,csugr,-0.3
BDI,cgrnd,-0.138
BDI,cgdnt,-0.138
BDI,cgdol,-0.22
BDI,cgdml,-0.22
BDI,crpol,-0.22
BDI,crpml,-0.22
BDI,csbol,-0.22
BDI,csbml,-0.22
BDI,csfol,-0.22
BDI,csfml,-0.22
BDI,cplol,-0.22
BDI,cpkol,-0.22
BDI,cpkml,-0.22
BDI,ctool,-0.22
BDI,ctoml,-0.22
BDI,ccoco,-0.21
BDI,ccafe,-0.21
BDI,ccott,-0.3825
BDI,cteas,-0.21
BDI,cothr,-0.138
BEN,cbeef,-0.43
BEN,cpork,-0.28
BEN,clamb,-0.28
BEN,cpoul,-0.1
BEN,ceggs,-0.1
BEN,cbarl,0.28
BEN,cmaiz,-0.28
BEN,cmill,0.28
BEN,crice,-0.41
BEN,csorg,0.28
BEN,cwhea,-0.1
BEN,cocer,0.28
BEN,cbean,-0.138
BEN,cchkp,-0.138
BEN,ccowp,-0.138
BEN,clent,-0.138
BEN,cpigp,-0.138
BEN,copul,-0.138
BEN,cbana,-0.21
BEN,cplnt,-0.21
BEN,csubf,-0.21
BEN,ctemf,-0.21
BEN,cvege,-0.21
BEN,csugr,-0.3
BEN,cgrnd,-0.138
BEN,cgdnt,-0.138
BEN,cgdol,-0.22
BEN,cgdml,-0.22
BEN,crpol,-0.22
BEN,crpml,-0.22
BEN,csbol,-0.22
BEN,csbml,-0.22
BEN,csfol,-0.22
BEN,csfml,-0.22
BEN,cplol,-0.22
BEN,cpkol,-0.22
BEN,cpkml,-0.22
BEN,ctool,-0.22
BEN,ctoml,-0.22
BEN,ccoco,-0.21
BEN,ccafe,-0.21
BEN,ccott,-0.3825
BEN,cteas,-0.21
BEN,cothr,-0.138
BFA,cbeef,-0.28
BFA,cpork,-0.08
BFA,clamb,-0.16
BFA,cpoul,-0.08
BFA,cbarl,0.25
BFA,cmaiz,-0.25
BFA,cmill,0.25
BFA,crice,0.42
BFA,csorg,0.25
BFA,cwhea,0.2
BFA,cocer,0.25
BFA,cbean,-0.1529
BFA,cchkp,-0.1529
BFA,ccowp,-0.1529
BFA,clent,-0.1529
BFA,cpigp,-0.1529
BFA,copul,-0.1529
BFA,cbana,-0.23
BFA,cplnt,-0.23
BFA,csubf,-0.23
BFA,ctemf,-0.23
BFA,cvege,-0.23
BFA,csugr,-0.3
BFA,cgrnd,-0.1529
BFA,cgdnt,-0.1529
BFA,cgdol,-0.07
BFA,cgdml,-0.07
BFA,crpol,-0.07
BFA,crpml,-0.07
BFA,csbol,-0.07
BFA,csbml,-0.07
BFA,csfol,-0.07
BFA,csfml,-0.07
BFA,cplol,-0.07
BFA,cpkol,-0.07
BFA,cpkml,-0.07
BFA,ctool,-0.07
BFA,ctoml,-0.07
BFA,ccoco,-0.23
BFA,ccafe,-0.23
BFA,ccott,-0.4239
BFA,cteas,-0.23
BFA,cothr,-0.1529
BGD,cmaiz,-0.2
BGD,crice,-0.2
BGD,cwhea,0.01
BGD,cbean,-0.1864
BGD,cchkp,-0.1864
BGD,ccowp,-0.1864
BGD,clent,-0.1864
BGD,cpigp,-0.1864
BGD,copul,-0.1864
BGD,cbana,-0.1
BGD,cplnt,-0.1
BGD,csubf,-0.1
BGD,ctemf,-0.1
BGD,cvege,-0.1
BGD,csugr,-0.3
BGD,cgrnd,-0.1864
BGD,cgdnt,-0.1864
BGD,cgdol,-0.2
BGD,cgdml,-0.1
BGD,crpol,-0.2
BGD,crpml,-0.1
BGD,csbol,-0.2
BGD,csbml,-0.1
BGD,csfol,-0.2
BGD,csfml,-0.1
BGD,cplol,-0.2
BGD,cpkol,-0.2
BGD,cpkml,-0.1
BGD,ctool,-0.2
BGD,ctoml,-0.1
BGD,ccoco,-0.1
BGD,ccafe,-0.1
BGD,ccott,-0.5169
BGD,cteas,-0.1
BGD,cothr,-0.1864
BGR,cbeef,0.131974056
BGR,cpork,0.017106521
BGR,clamb,0.141404438
BGR,cpoul,0.400119788
BGR,ceggs,0.00800476
BGR,cpota,0.095875804
BGR,ctemf,0.069863457
BGR,cgdol,-0.05
BGR,cgdml,-0.05
BGR,crpol,-0.05
BGR,crpml,-0.05
BGR,csbol,-0.05
BGR,csbml,-0.05
BGR,csfol,-0.05
BGR,csfml,-0.05
BGR,cpkol,-0.05
BGR,cpkml,-0.05
BGR,ctool,-0.05
BGR,ctoml,-0.05
BLR,cbeef,-0.74
BLR,cpork,-0.83
BLR,clamb,-0.74
BLR,cpoul,-0.83
BLR,ceggs,-0.23
BLR,cmilk,-0.45
BLR,crice,-0.03
BLR,cwhea,0.15
BLR,cgdol,-0.07
BLR,cgdml,-0.07
BLR,crpol,-0.07
BLR,crpml,-0.07
BLR,csbol,-0.07
BLR,csbml,-0.07
BLR,csfol,-0.07
BLR,csfml,-0.07
BLR,cplol,-0.07
BLR,cpkol,-0.07
BLR,cpkml,-0.07
BLR,ctool,-0.07
BLR,ctoml,-0.07
BLT,cbeef,-0.74
BLT,cpork,-0.83
BLT,clamb,-0.74
BLT,cpoul,-0.83
BLT,ceggs,-0.23
BLT,cmilk,-0.45
BLT,crice,-0.03
BLT,cwhea,0.15
BLT,cgdol,-0.07
BLT,cgdml,-0.07
BLT,crpol,-0.07
BLT,crpml,-0.07
BLT,csbol,-0.07
BLT,csbml,-0.07
BLT,csfol,-0.07
BLT,csfml,-0.07
BLT,cplol,-0.07
BLT,cpkol,-0.07
BLT,cpkml,-0.07
BLT,ctool,-0.07
BLT,ctoml,-0.07
BLX,cbeef,0.131974056
BLX,cpork,0.017106521
BLX,clamb,0.141404438
BLX,cpoul,0.400119788
BLX,ceggs,0.00800476
BLX,cmill,-0.03
BLX,cpota,0.095875804
BLX,ctemf,0.069863457
BLZ,cbeef,0.22
BLZ,cpork,0.1
BLZ,clamb,0.13
BLZ,cpoul,0.1
BLZ,cmilk,0.07
BLZ,cmaiz,0.04
BLZ,crice,-0.11
BLZ,cwhea,0.45
BLZ,cbean,-0.4661
BLZ,cchkp,-0.4661
BLZ,ccowp,-0.4661
BLZ,clent,-0.4661
BLZ,cpigp,-0.4661
BLZ,copul,-0.4661
BLZ,cbana,-0.25
BLZ,cplnt,-0.25
BLZ,csubf,-0.25
BLZ,ctemf,-0.25
BLZ,cvege,-0.25
BLZ,csugr,-0.2
BLZ,cgrnd,-0.4661
BLZ,cgdnt,-0.4661
BLZ,cgdol,-0.28
BLZ,cgdml,-0.28
BLZ,crpsd,-0.16
BLZ,crpnt,-0.16
BLZ,crpol,-0.28
BLZ,crpml,-0.28
BLZ,csoyb,-0.16
BLZ,csbnt,-0.16
BLZ,csbol,-0.28
BLZ,csbml,-0.28
BLZ,csnfl,-0.16
BLZ,csfnt,-0.16
BLZ,csfol,-0.28
BLZ,csfml,-0.28
BLZ,cpalm,-0.16
BLZ,cplol,-0.28
BLZ,cpkrl,-0.16
BLZ,cpkol,-0.28
BLZ,cpkml,-0.28
BLZ,ctols,-0.16
BLZ,ctont,-0.16
BLZ,ctool,-0.28
BLZ,ctoml,-0.28
BLZ,ccoco,-0.25
BLZ,ccafe,-0.25
BLZ,ccott,-1.2924
BLZ,cteas,-0.25
BLZ,cothr,-0.4661
BOL,cbeef,0.22
BOL,cpork,0.1
BOL,clamb,0.13
BOL,cpoul,0.1
BOL,cmilk,0.07
BOL,cmaiz,0.04
BOL,crice,-0.11
BOL,cwhea,0.45
BOL,cbean,-0.4661
BOL,cchkp,-0.4661
BOL,ccowp,-0.4661
BOL,clent,-0.4661
BOL,cpigp,-0.4661
BOL,copul,-0.4661
BOL,cbana,-0.25
BOL,cplnt,-0.25
BOL,csubf,-0.25
BOL,ctemf,-0.25
BOL,cvege,-0.25
BOL,csugr,-0.2
BOL,cgrnd,-0.4661
BOL,cgdnt,-0.4661
BOL,cgdol,-0.28
BOL,cgdml,-0.28
BOL,crpsd,-0.16
BOL,crpnt,-0.16
BOL,crpol,-0.28
BOL,crpml,-0.28
BOL,csoyb,-0.16
BOL,csbnt,-0.16
BOL,csbol,-0.28
BOL,csbml,-0.28
BOL,csnfl,-0.16
BOL,csfnt,-0.16
BOL,csfol,-0.28
BOL,csfml,-0.28
BOL,cpalm,-0.16
BOL,cplol,-0.28
BOL,cpkrl,-0.16
BOL,cpkol,-0.28
BOL,cpkml,-0.28
BOL,ctols,-0.16
BOL,ctont,-0.16
BOL,ctool,-0.28
BOL,ctoml,-0.28
BOL,ccoco,-0.25
BOL,ccafe,-0.25
BOL,ccott,-1.2924
BOL,cteas,-0.25
BOL,cothr,-0.4661
BRA,cpork,0.105184136
BRA,cmilk,0.183063224
BRA,crice,0.136996756
BRA,cchkp,-0.2797
BRA,cpigp,-0.2797
BRA,copul,-0.2797
BRA,cgdol,-0.15
BRA,cgdml,-0.15
BRA,crpol,-0.15
BRA,crpml,-0.15
BRA,csbol,-0.15
BRA,csbml,-0.15
BRA,csfol,-0.15
BRA,csfml,-0.15
BRA,cpalm,-0.09
BRA,cpkrl,-0.09
BRA,cpkol,-0.15
BRA,cpkml,-0.15
BRA,ctool,-0.15
BRA,ctoml,-0.15
BRA,ccott,0.24368172
BRA,cteas,-0.15
BRA,cothr,-0.2797
BTN,cbeef,0.18
BTN,cpork,0.02
BTN,clamb,0.18
BTN,cpoul,0.19
BTN,ceggs,0.1
BTN,cmilk,0.41
BTN,cmaiz,0.07
BTN,crice,-0.17
BTN,cwhea,0.25
BTN,cbean,-0.3263
BTN,cchkp,-0.3263
BTN,ccowp,-0.3263
BTN,clent,-0.3263
BTN,cpigp,-0.3263
BTN,copul,-0.3263
BTN,cbana,-0.15
BTN,cplnt,-0.15
BTN,csubf,-0.15
BTN,ctemf,-0.15
BTN,cvege,-0.2
BTN,csugr,-0.3
BTN,cgrnd,-0.3263
BTN,cgdnt,-0.3263
BTN,cgdol,-0.4
BTN,cgdml,-0.2
BTN,crpol,-0.4
BTN,crpml,-0.2
BTN,csbol,-0.4
BTN,csbml,-0.2
BTN,csfol,-0.4
BTN,csfml,-0.2
BTN,cplol,-0.4
BTN,cpkol,-0.4
BTN,cpkml,-0.2
BTN,ctool,-0.4
BTN,ctoml,-0.2
BTN,ccoco,-0.15
BTN,ccafe,-0.15
BTN,ccott,-0.9047
BTN,cteas,-0.15
BTN,cothr,-0.3263
BWA,cbeef,-0.24
BWA,ceggs,-0.09
BWA,cmilk,-0.09
BWA,cbarl,0.2
BWA,cmaiz,-0.2
BWA,cmill,0.2
BWA,crice,-0.12
BWA,csorg,0.2
BWA,cwhea,0.15
BWA,cocer,0.2
BWA,cbean,-0.082
BWA,cchkp,-0.082
BWA,ccowp,-0.082
BWA,clent,-0.082
BWA,cpigp,-0.082
BWA,copul,-0.082
BWA,cbana,-0.12
BWA,cplnt,-0.12
BWA,csubf,-0.12
BWA,ctemf,-0.12
BWA,cvege,-0.12
BWA,csugr,-0.3
BWA,cgrnd,-0.082
BWA,cgdnt,-0.082
BWA,cgdol,-0.22
BWA,cgdml,-0.22
BWA,crpol,-0.22
BWA,crpml,-0.22
BWA,csbol,-0.22
BWA,csbml,-0.22
BWA,csfol,-0.22
BWA,csfml,-0.22
BWA,cplol,-0.22
BWA,cpkol,-0.22
BWA,cpkml,-0.22
BWA,ctool,-0.22
BWA,ctoml,-0.22
BWA,ccoco,-0.12
BWA,ccafe,-0.12
BWA,ccott,-0.2275
BWA,cteas,-0.12
BWA,cothr,-0.082
CAF,cbeef,-0.43
CAF,cpork,-0.28
CAF,clamb,-0.28
CAF,cpoul,-0.1
CAF,ceggs,-0.1
CAF,cbarl,0.28
CAF,cmaiz,-0.28
CAF,cmill,0.28
CAF,crice,-0.41
CAF,csorg,0.28
CAF,cwhea,-0.1
CAF,cocer,0.28
CAF,cbean,-0.138
CAF,cchkp,-0.138
CAF,ccowp,-0.138
CAF,clent,-0.138
CAF,cpigp,-0.138
CAF,copul,-0.138
CAF,cbana,-0.21
CAF,cplnt,-0.21
CAF,csubf,-0.21
CAF,ctemf,-0.21
CAF,cvege,-0.21
CAF,csugr,-0.3
CAF,cgrnd,-0.138
CAF,cgdnt,-0.138
CAF,cgdol,-0.22
CAF,cgdml,-0.22
CAF,crpol,-0.22
CAF,crpml,-0.22
CAF,csbol,-0.22
CAF,csbml,-0.22
CAF,csfol,-0.22
CAF,csfml,-0.22
CAF,cplol,-0.22
CAF,cpkol,-0.22
CAF,cpkml,-0.22
CAF,ctool,-0.22
CAF,ctoml,-0.22
CAF,ccoco,-0.21
CAF,ccafe,-0.21
CAF,ccott,-0.3825
CAF,cteas,-0.21
CAF,cothr,-0.138
CAN,cpoul,0.184525966
CAN,ceggs,0.281765859
CAN,cmilk,0.9999
CAN,cgdol,-0.22
CAN,cgdml,-0.22
CAN,crpol,-0.22
CAN,crpml,-0.22
CAN,csbol,-0.22
CAN,csbml,-0.22
CAN,csfol,-0.22
CAN,csfml,-0.22
CAN,cpkol,-0.22
CAN,cpkml,-0.22
CAN,ctool,-0.22
CAN,ctoml,-0.22
CHL,cchkp,-0.4661
CHL,cpigp,-0.4661
CHL,copul,-0.4661
CHL,csugc,0.027156659
CHL,csugb,0.027156659
CHL,csugr,0.027156659
CHL,cgdol,-0.28
CHL,cgdml,-0.28
CHL,crpol,-0.28
CHL,crpml,-0.28
CHL,csbol,-0.28
CHL,csbml,-0.28
CHL,csfol,-0.28
CHL,csfml,-0.28
CHL,cpalm,-0.16
CHL,cpkrl,-0.16
CHL,cpkol,-0.28
CHL,cpkml,-0.28
CHL,ctool,-0.28
CHL,ctoml,-0.28
CHL,cteas,-0.25
CHL,cothr,-0.4661
CHM,cbeef,0.155
CHM,cpork,0.16
CHM,clamb,0.17
CHM,cpoul,0.036947409
CHM,cmilk,0.205787512
CHM,cmaiz,0.189072657
CHM,cmill,-0.03
CHM,crice,-0.022461391
CHM,cwhea,0.393484504
CHM,cchkp,-0.2536
CHM,cpigp,-0.2536
CHM,copul,-0.2536
CHM,csugc,0.36143204
CHM,csugb,0.36143204
CHM,csugr,0.36143204
CHM,crpsd,0.240649459
CHM,crpnt,0.240649459
CHM,csoyb,0.21957858
CHM,csbnt,0.21957858
CHM,cpalm,-0.02
CHM,cpkrl,-0.02
CHM,ccott,0.9999
CHM,cteas,-0.2
CHM,cothr,-0.2536
CHP,cbeef,0.611806838
CHP,cpork,0.9999
CHP,clamb,0.410637439
CHP,cpoul,0.9999
CHP,ceggs,0.9999
CHP,cbarl,0.716125858
CHP,cmaiz,0.463898617
CHP,cmill,-0.03
CHP,cwhea,0.528348196
CHP,csugc,0.256676092
CHP,csugb,0.256676092
CHP,csugr,0.256676092
CHP,crpsd,0.648633836
CHP,crpnt,0.648633836
CIV,cbeef,-0.43
CIV,cpork,-0.28
CIV,clamb,-0.28
CIV,cpoul,-0.1
CIV,ceggs,-0.1
CIV,cbarl,0.28
CIV,cmaiz,-0.28
CIV,cmill,0.28
CIV,crice,-0.41
CIV,csorg,0.28
CIV,cwhea,-0.1
CIV,cocer,0.28
CIV,cbean,-0.138
CIV,cchkp,-0.138
CIV,ccowp,-0.138
CIV,clent,-0.138
CIV,cpigp,-0.138
CIV,copul,-0.138
CIV,cbana,-0.21
CIV,cplnt,-0.21
CIV,csubf,-0.21
CIV,ctemf,-0.21
CIV,cvege,-0.21
CIV,csugr,-0.3
CIV,cgrnd,-0.138
CIV,cgdnt,-0.138
CIV,cgdol,-0.22
CIV,cgdml,-0.22
CIV,crpol,-0.22
CIV,crpml,-0.22
CIV,csbol,-0.22
CIV,csbml,-0.22
CIV,csfol,-0.22
CIV,csfml,-0.22
CIV,cplol,-0.22
CIV,cpkol,-0.22
CIV,cpkml,-0.22
CIV,ctool,-0.22
CIV,ctoml,-0.22
CIV,ccoco,-0.21
CIV,ccafe,-0.21
CIV,ccott,-0.3825
CIV,cteas,-0.21
CIV,cothr,-0.138
CMR,cbeef,-0.43
CMR,cpork,-0.28
CMR,clamb,-0.28
CMR,cpoul,-0.1
CMR,ceggs,-0.1
CMR,cbarl,0.28
CMR,cmaiz,-0.28
CMR,cmill,0.28
CMR,crice,-0.41
CMR,csorg,0.28
CMR,cwhea,-0.1
CMR,cocer,0.28
CMR,cbean,-0.138
CMR,cchkp,-0.138
CMR,ccowp,-0.138
CMR,clent,-0.138
CMR,cpigp,-0.138
CMR,copul,-0.138
CMR,cbana,-0.21
CMR,cplnt,-0.21
CMR,csubf,-0.21
CMR,ctemf,-0.21
CMR,cvege,-0.21
CMR,csugr,-0.3
CMR,cgrnd,-0.138
CMR,cgdnt,-0.138
CMR,cgdol,-0.22
CMR,cgdml,-0.22
CMR,crpol,-0.22
CMR,crpml,-0.22
CMR,csbol,-0.22
CMR,csbml,-0.22
CMR,csfol,-0.22
CMR,csfml,-0.22
CMR,cplol,-0.22
CMR,cpkol,-0.22
CMR,cpkml,-0.22
CMR,ctool,-0.22
CMR,ctoml,-0.22
CMR,ccoco,-0.21
CMR,ccafe,-0.21
CMR,ccott,-0.3825
CMR,cteas,-0.21
CMR,cothr,-0.138
COD,cbeef,-0.43
COD,cpork,-0.28
COD,clamb,-0.28
COD,cpoul,-0.1
COD,ceggs,-0.1
COD,cbarl,0.28
COD,cmaiz,-0.28
COD,cmill,0.28
COD,crice,-0.41
COD,csorg,0.28
COD,cwhea,-0.1
COD,cocer,0.28
COD,cbean,-0.138
COD,cchkp,-0.138
COD,ccowp,-0.138
COD,clent,-0.138
COD,cpigp,-0.138
COD,copul,-0.138
COD,cbana,-0.21
COD,cplnt,-0.21
COD,csubf,-0.21
COD,ctemf,-0.21
COD,cvege,-0.21
COD,csugr,-0.3
COD,cgrnd,-0.138
COD,cgdnt,-0.138
COD,cgdol,-0.22
COD,cgdml,-0.22
COD,crpol,-0.22
COD,crpml,-0.22
COD,csbol,-0.22
COD,csbml,-0.22
COD,csfol,-0.22
COD,csfml,-0.22
COD,cplol,-0.22
COD,cpkol,-0.22
COD,cpkml,-0.22
COD,ctool,-0.22
COD,ctoml,-0.22
COD,ccoco,-0.21
COD,ccafe,-0.21
COD,ccott,-0.3825
COD,cteas,-0.21
COD,cothr,-0.138
COG,cbeef,-0.43
COG,cpork,-0.28
COG,clamb,-0.28
COG,cpoul,-0.1
COG,ceggs,-0.1
COG,cbarl,0.28
COG,cmaiz,-0.28
COG,cmill,0.28
COG,crice,-0.41
COG,csorg,0.28
COG,cwhea,-0.1
COG,cocer,0.28
COG,cbean,-0.138
COG,cchkp,-0.138
COG,ccowp,-0.138
COG,clent,-0.138
COG,cpigp,-0.138
COG,copul,-0.138
COG,cbana,-0.21
COG,cplnt,-0.21
COG,csubf,-0.21
COG,ctemf,-0.21
COG,cvege,-0.21
COG,csugr,-0.3
COG,cgrnd,-0.138
COG,cgdnt,-0.138
COG,cgdol,-0.22
COG,cgdml,-0.22
COG,crpol,-0.22
COG,crpml,-0.22
COG,csbol,-0.22
COG,csbml,-0.22
COG,csfol,-0.22
COG,csfml,-0.22
COG,cplol,-0.22
COG,cpkol,-0.22
COG,cpkml,-0.22
COG,ctool,-0.22
COG,ctoml,-0.22
COG,ccoco,-0.21
COG,ccafe,-0.21
COG,ccott,-0.3825
COG,cteas,-0.21
COG,cothr,-0.138
COL,cbeef,-0.41
COL,cpork,-0.17
COL,clamb,-0.17
COL,cpoul,-0.17
COL,ceggs,0.01
COL,cmilk,0.4
COL,cmaiz,-0.19
COL,crice,-0.28
COL,cwhea,-0.21
COL,cbean,-0.2051
COL,cchkp,-0.2051
COL,ccowp,-0.2051
COL,clent,-0.2051
COL,cpigp,-0.2051
COL,copul,-0.2051
COL,cbana,-0.11
COL,cplnt,-0.11
COL,csubf,-0.11
COL,ctemf,-0.11
COL,cvege,-0.11
COL,csugr,-0.2
COL,cgrnd,-0.2051
COL,cgdnt,-0.2051
COL,cgdol,-0.01
COL,cgdml,-0.01
COL,crpsd,-0.11
COL,crpnt,-0.11
COL,crpol,-0.01
COL,crpml,-0.01
COL,csoyb,-0.11
COL,csbnt,-0.11
COL,csbol,-0.01
COL,csbml,-0.01
COL,csnfl,-0.11
COL,csfnt,-0.11
COL,csfol,-0.01
COL,csfml,-0.01
COL,cpalm,-0.11
COL,cplol,-0.01
COL,cpkrl,-0.11
COL,cpkol,-0.01
COL,cpkml,-0.01
COL,ctols,-0.11
COL,ctont,-0.11
COL,ctool,-0.01
COL,ctoml,-0.01
COL,ccoco,-0.11
COL,ccafe,-0.11
COL,ccott,-0.5686
COL,cteas,-0.11
COL,cothr,-0.2051
CRB,cmaiz,-0.09
CRB,crice,-0.32
CRB,cwhea,-0.03
CRB,cbean,-0.2797
CRB,cchkp,-0.2797
CRB,ccowp,-0.2797
CRB,clent,-0.2797
CRB,cpigp,-0.2797
CRB,copul,-0.2797
CRB,cbana,-0.15
CRB,cplnt,-0.15
CRB,csubf,-0.15
CRB,ctemf,-0.15
CRB,cvege,-0.15
CRB,csugr,-0.2
CRB,cgrnd,-0.2797
CRB,cgdnt,-0.2797
CRB,ccoco,-0.15
CRB,ccafe,-0.15
CRB,ccott,-0.7754
CRB,cteas,-0.15
CRB,cothr,-0.2797
CRI,cbeef,0.22
CRI,cpork,0.1
CRI,clamb,0.13
CRI,cpoul,0.1
CRI,cmilk,0.07
CRI,cmaiz,0.04
CRI,crice,-0.11
CRI,cwhea,0.45
CRI,cbean,-0.4661
CRI,cchkp,-0.4661
CRI,ccowp,-0.4661
CRI,clent,-0.4661
CRI,cpigp,-0.4661
CRI,copul,-0.4661
CRI,cbana,-0.25
CRI,cplnt,-0.25
CRI,csubf,-0.25
CRI,ctemf,-0.25
CRI,cvege,-0.25
CRI,csugr,-0.2
CRI,cgrnd,-0.4661
CRI,cgdnt,-0.4661
CRI,cgdol,-0.28
CRI,cgdml,-0.28
CRI,crpsd,-0.16
CRI,crpnt,-0.16
CRI,crpol,-0.28
CRI,crpml,-0.28
CRI,csoyb,-0.16
CRI,csbnt,-0.16
CRI,csbol,-0.28
CRI,csbml,-0.28
CRI,csnfl,-0.16
CRI,csfnt,-0.16
CRI,csfol,-0.28
CRI,csfml,-0.28
CRI,cpalm,-0.16
CRI,cplol,-0.28
CRI,cpkrl,-0.16
CRI,cpkol,-0.28
CRI,cpkml,-0.28
CRI,ctols,-0.16
CRI,ctont,-0.16
CRI,ctool,-0.28
CRI,ctoml,-0.28
CRI,ccoco,-0.25
CRI,ccafe,-0.25
CRI,ccott,-1.2924
CRI,cteas,-0.25
CRI,cothr,-0.4661
CUB,cbeef,0.22
CUB,cpork,0.1
CUB,clamb,0.13
CUB,cpoul,0.1
CUB,cmilk,0.07
CUB,cmaiz,0.04
CUB,crice,-0.11
CUB,cwhea,0.45
CUB,cbean,-0.4661
CUB,cchkp,-0.4661
CUB,ccowp,-0.4661
CUB,clent,-0.4661
CUB,cpigp,-0.4661
CUB,copul,-0.4661
CUB,cbana,-0.25
CUB,cplnt,-0.25
CUB,csubf,-0.25
CUB,ctemf,-0.25
CUB,cvege,-0.25
CUB,csugr,-0.2
CUB,cgrnd,-0.4661
CUB,cgdnt,-0.4661
CUB,cgdol,-0.28
CUB,cgdml,-0.28
CUB,crpsd,-0.16
CUB,crpnt,-0.16
CUB,crpol,-0.28
CUB,crpml,-0.28
CUB,csoyb,-0.16
CUB,csbnt,-0.16
CUB,csbol,-0.28
CUB,csbml,-0.28
CUB,csnfl,-0.16
CUB,csfnt,-0.16
CUB,csfol,-0.28
CUB,csfml,-0.28
CUB,cpalm,-0.16
CUB,cplol,-0.28
CUB,cpkrl,-0.16
CUB,cpkol,-0.28
CUB,cpkml,-0.28
CUB,ctols,-0.16
CUB,ctont,-0.16
CUB,ctool,-0.28
CUB,ctoml,-0.28
CUB,ccoco,-0.25
CUB,ccafe,-0.25
CUB,ccott,-1.2924
CUB,cteas,-0.25
CUB,cothr,-0.4661
CYP,cbeef,0.131974056
CYP,cpork,0.017106521
CYP,clamb,0.141404438
CYP,cpoul,0.400119788
CYP,ceggs,0.00800476
CYP,cmill,-0.07
CYP,cpota,0.095875804
CYP,cchkp,-0.1864
CYP,cpigp,-0.1864
CYP,copul,-0.1864
CYP,ctemf,0.069863457
CYP,cgdol,-0.18
CYP,cgdml,-0.18
CYP,crpol,-0.18
CYP,crpml,-0.18
CYP,csbol,-0.18
CYP,csbml,-0.18
CYP,csfol,-0.18
CYP,csfml,-0.18
CYP,cpkol,-0.18
CYP,cpkml,-0.18
CYP,ctool,-0.18
CYP,ctoml,-0.18
CYP,cteas,-0.1
CYP,cothr,-0.1864
CZE,cbeef,0.131974056
CZE,cpork,0.017106521
CZE,clamb,0.141404438
CZE,cpoul,0.400119788
CZE,ceggs,0.00800476
CZE,cpota,0.095875804
CZE,ctemf,0.069863457
CZE,cgdol,-0.05
CZE,cgdml,-0.05
CZE,crpol,-0.05
CZE,crpml,-0.05
CZE,csbol,-0.05
CZE,csbml,-0.05
CZE,csfol,-0.05
CZE,csfml,-0.05
CZE,cpkol,-0.05
CZE,cpkml,-0.05
CZE,ctool,-0.05
CZE,ctoml,-0.05
DEU,cbeef,0.131974056
DEU,cpork,0.017106521
DEU,clamb,0.141404438
DEU,cpoul,0.400119788
DEU,ceggs,0.00800476
DEU,cmill,-0.03
DEU,cpota,0.095875804
DEU,ctemf,0.069863457
DJI,cbeef,-0.28
DJI,cpork,-0.08
DJI,clamb,-0.16
DJI,cpoul,-0.08
DJI,cbarl,0.25
DJI,cmaiz,-0.25
DJI,cmill,0.25
DJI,crice,0.42
DJI,csorg,0.25
DJI,cwhea,0.2
DJI,cocer,0.25
DJI,cbean,-0.138
DJI,cchkp,-0.138
DJI,ccowp,-0.138
DJI,clent,-0.138
DJI,cpigp,-0.138
DJI,copul,-0.138
DJI,cbana,-0.21
DJI,cplnt,-0.21
DJI,csubf,-0.21
DJI,ctemf,-0.21
DJI,cvege,-0.21
DJI,csugr,-0.3
DJI,cgrnd,-0.138
DJI,cgdnt,-0.138
DJI,cgdol,-0.07
DJI,cgdml,-0.07
DJI,crpol,-0.07
DJI,crpml,-0.07
DJI,csbol,-0.07
DJI,csbml,-0.07
DJI,csfol,-0.07
DJI,csfml,-0.07
DJI,cplol,-0.07
DJI,cpkol,-0.07
DJI,cpkml,-0.07
DJI,ctool,-0.07
DJI,ctoml,-0.07
DJI,ccoco,-0.21
DJI,ccafe,-0.21
DJI,ccott,-0.3825
DJI,cteas,-0.21
DJI,cothr,-0.138
DNK,cbeef,0.131974056
DNK,cpork,0.017106521
DNK,clamb,0.141404438
DNK,cpoul,0.400119788
DNK,ceggs,0.00800476
DNK,cmill,-0.03
DNK,cpota,0.095875804
DNK,ctemf,0.069863457
DOM,cbeef,0.22
DOM,cpork,0.1
DOM,clamb,0.13
DOM,cpoul,0.1
DOM,cmilk,0.07
DOM,cmaiz,0.04
DOM,crice,-0.11
DOM,cwhea,0.45
DOM,cbean,-0.4661
DOM,cchkp,-0.4661
DOM,ccowp,-0.4661
DOM,clent,-0.4661
DOM,cpigp,-0.4661
DOM,copul,-0.4661
DOM,cbana,-0.25
DOM,cplnt,-0.25
DOM,csubf,-0.25
DOM,ctemf,-0.25
DOM,cvege,-0.25
DOM,csugr,-0.2
DOM,cgrnd,-0.4661
DOM,cgdnt,-0.4661
DOM,cgdol,-0.28
DOM,cgdml,-0.28
DOM,crpsd,-0.16
DOM,crpnt,-0.16
DOM,crpol,-0.28
DOM,crpml,-0.28
DOM,csoyb,-0.16
DOM,csbnt,-0.16
DOM,csbol,-0.28
DOM,csbml,-0.28
DOM,csnfl,-0.16
DOM,csfnt,-0.16
DOM,csfol,-0.28
DOM,csfml,-0.28
DOM,cpalm,-0.16
DOM,cplol,-0.28
DOM,cpkrl,-0.16
DOM,cpkol,-0.28
DOM,cpkml,-0.28
DOM,ctols,-0.16
DOM,ctont,-0.16
DOM,ctool,-0.28
DOM,ctoml,-0.28
DOM,ccoco,-0.25
DOM,ccafe,-0.25
DOM,ccott,-1.2924
DOM,cteas,-0.25
DOM,cothr,-0.4661
DZA,cbeef,-0.35
DZA,cpork,-0.62
DZA,clamb,-0.35
DZA,cpoul,-0.62
DZA,ceggs,-0.1
DZA,cmilk,-0.57
DZA,cbarl,-0.07
DZA,cmaiz,-0.14
DZA,cmill,-0.07
DZA,crice,-0.07
DZA,csorg,-0.07
DZA,cwhea,-0.06
DZA,cocer,-0.07
DZA,cbean,-0.1864
DZA,cchkp,-0.1864
DZA,ccowp,-0.1864
DZA,clent,-0.1864
DZA,cpigp,-0.1864
DZA,copul,-0.1864
DZA,cbana,-0.1
DZA,cplnt,-0.1
DZA,csubf,-0.1
DZA,ctemf,-0.1
DZA,cvege,-0.1
DZA,csugr,-0.2
DZA,cgrnd,-0.1864
DZA,cgdnt,-0.1864
DZA,cgdol,-0.18
DZA,cgdml,-0.18
DZA,crpol,-0.18
DZA,crpml,-0.18
DZA,csbol,-0.18
DZA,csbml,-0.18
DZA,csfol,-0.18
DZA,csfml,-0.18
DZA,cplol,-0.18
DZA,cpkol,-0.18
DZA,cpkml,-0.18
DZA,ctool,-0.18
DZA,ctoml,-0.18
DZA,ccoco,-0.1
DZA,ccafe,-0.1
DZA,ccott,-0.5169
DZA,cteas,-0.1
DZA,cothr,-0.1864
ECU,cbeef,0.22
ECU,cpork,0.1
ECU,clamb,0.13
ECU,cpoul,0.1
ECU,cmilk,0.07
ECU,cmaiz,0.04
ECU,crice,-0.11
ECU,cwhea,0.45
ECU,cbean,-0.4661
ECU,cchkp,-0.4661
ECU,ccowp,-0.4661
ECU,clent,-0.4661
ECU,cpigp,-0.4661
ECU,copul,-0.4661
ECU,cbana,-0.25
ECU,cplnt,-0.25
ECU,csubf,-0.25
ECU,ctemf,-0.25
ECU,cvege,-0.25
ECU,csugr,-0.2
ECU,cgrnd,-0.4661
ECU,cgdnt,-0.4661
ECU,cgdol,-0.28
ECU,cgdml,-0.28
ECU,crpsd,-0.16
ECU,crpnt,-0.16
ECU,crpol,-0.28
ECU,crpml,-0.28
ECU,csoyb,-0.16
ECU,csbnt,-0.16
ECU,csbol,-0.28
ECU,csbml,-0.28
ECU,csnfl,-0.16
ECU,csfnt,-0.16
ECU,csfol,-0.28
ECU,csfml,-0.28
ECU,cpalm,-0.16
ECU,cplol,-0.28
ECU,cpkrl,-0.16
ECU,cpkol,-0.28
ECU,cpkml,-0.28
ECU,ctols,-0.16
ECU,ctont,-0.16
ECU,ctool,-0.28
ECU,ctoml,-0.28
ECU,ccoco,-0.25
ECU,ccafe,-0.25
ECU,ccott,-1.2924
ECU,cteas,-0.25
ECU,cothr,-0.4661
EGY,cbarl,0.23
EGY,cmaiz,-0.03
EGY,cmill,0.23
EGY,crice,0.23
EGY,csorg,0.23
EGY,cwhea,-0.74
EGY,cocer,0.23
EGY,cbean,-0.2237
EGY,cchkp,-0.2237
EGY,ccowp,-0.2237
EGY,clent,-0.2237
EGY,cpigp,-0.2237
EGY,copul,-0.2237
EGY,cbana,-0.12
EGY,cplnt,-0.12
EGY,csubf,-0.12
EGY,ctemf,-0.12
EGY,cvege,-0.12
EGY,csugr,-0.2
EGY,cgrnd,-0.2237
EGY,cgdnt,-0.2237
EGY,cgdol,-0.04
EGY,cgdml,-0.04
EGY,crpol,-0.04
EGY,crpml,-0.04
EGY,csbol,-0.04
EGY,csbml,-0.04
EGY,csfol,-0.04
EGY,csfml,-0.04
EGY,cplol,-0.04
EGY,cpkol,-0.04
EGY,cpkml,-0.04
EGY,ctool,-0.04
EGY,ctoml,-0.04
EGY,ccoco,-0.12
EGY,ccafe,-0.12
EGY,ccott,-0.6203
EGY,cteas,-0.12
EGY,cothr,-0.2237
ERI,cbeef,-0.28
ERI,cpork,-0.08
ERI,clamb,-0.16
ERI,cpoul,-0.08
ERI,cbarl,0.25
ERI,cmaiz,-0.25
ERI,cmill,0.25
ERI,crice,0.42
ERI,csorg,0.25
ERI,cwhea,0.2
ERI,cocer,0.25
ERI,cbean,-0.1529
ERI,cchkp,-0.1529
ERI,ccowp,-0.1529
ERI,clent,-0.1529
ERI,cpigp,-0.1529
ERI,copul,-0.1529
ERI,cbana,-0.23
ERI,cplnt,-0.23
ERI,csubf,-0.23
ERI,ctemf,-0.23
ERI,cvege,-0.23
ERI,csugr,-0.3
ERI,cgrnd,-0.1529
ERI,cgdnt,-0.1529
ERI,cgdol,-0.07
ERI,cgdml,-0.07
ERI,crpol,-0.07
ERI,crpml,-0.07
ERI,csbol,-0.07
ERI,csbml,-0.07
ERI,csfol,-0.07
ERI,csfml,-0.07
ERI,cplol,-0.07
ERI,cpkol,-0.07
ERI,cpkml,-0.07
ERI,ctool,-0.07
ERI,ctoml,-0.07
ERI,ccoco,-0.23
ERI,ccafe,-0.23
ERI,ccott,-0.4239
ERI,cteas,-0.23
ERI,cothr,-0.1529
ETH,cbeef,-0.28
ETH,cpork,-0.08
ETH,clamb,-0.16
ETH,cpoul,-0.08
ETH,cbarl,0.25
ETH,cmaiz,-0.25
ETH,cmill,0.25
ETH,crice,0.42
ETH,csorg,0.25
ETH,cwhea,0.2
ETH,cocer,0.25
ETH,cbean,-0.1529
ETH,cchkp,-0.1529
ETH,ccowp,-0.1529
ETH,clent,-0.1529
ETH,cpigp,-0.1529
ETH,copul,-0.1529
ETH,cbana,-0.23
ETH,cplnt,-0.23
ETH,csubf,-0.23
ETH,ctemf,-0.23
ETH,cvege,-0.23
ETH,csugr,-0.3
ETH,cgrnd,-0.1529
ETH,cgdnt,-0.1529
ETH,cgdol,-0.07
ETH,cgdml,-0.07
ETH,crpol,-0.07
ETH,crpml,-0.07
ETH,csbol,-0.07
ETH,csbml,-0.07
ETH,csfol,-0.07
ETH,csfml,-0.07
ETH,cplol,-0.07
ETH,cpkol,-0.07
ETH,cpkml,-0.07
ETH,ctool,-0.07
ETH,ctoml,-0.07
ETH,ccoco,-0.23
ETH,ccafe,-0.23
ETH,ccott,-0.4239
ETH,cteas,-0.23
ETH,cothr,-0.1529
FJI,cmaiz,-0.09
FJI,crice,-0.32
FJI,cwhea,-0.03
FJI,cbean,-0.2797
FJI,cchkp,-0.2797
FJI,ccowp,-0.2797
FJI,clent,-0.2797
FJI,cpigp,-0.2797
FJI,copul,-0.2797
FJI,cbana,-0.15
FJI,cplnt,-0.15
FJI,csubf,-0.15
FJI,ctemf,-0.15
FJI,cvege,-0.15
FJI,csugr,-0.2
FJI,cgrnd,-0.2797
FJI,cgdnt,-0.2797
FJI,ccoco,-0.15
FJI,ccafe,-0.15
FJI,ccott,-0.7754
FJI,cteas,-0.15
FJI,cothr,-0.2797
FNP,cbeef,0.131974056
FNP,cpork,0.017106521
FNP,clamb,0.141404438
FNP,cpoul,0.400119788
FNP,ceggs,0.00800476
FNP,cmill,-0.03
FNP,cpota,0.095875804
FNP,ctemf,0.069863457
FRP,cbeef,0.131974056
FRP,cpork,0.017106521
FRP,clamb,0.141404438
FRP,cpoul,0.400119788
FRP,ceggs,0.00800476
FRP,cmill,-0.03
FRP,cpota,0.095875804
FRP,ctemf,0.069863457
GAB,cbeef,-0.43
GAB,cpork,-0.28
GAB,clamb,-0.28
GAB,cpoul,-0.1
GAB,ceggs,-0.1
GAB,cbarl,0.28
GAB,cmaiz,-0.28
GAB,cmill,0.28
GAB,crice,-0.41
GAB,csorg,0.28
GAB,cwhea,-0.1
GAB,cocer,0.28
GAB,cbean,-0.138
GAB,cchkp,-0.138
GAB,ccowp,-0.138
GAB,clent,-0.138
GAB,cpigp,-0.138
GAB,copul,-0.138
GAB,cbana,-0.21
GAB,cplnt,-0.21
GAB,csubf,-0.21
GAB,ctemf,-0.21
GAB,cvege,-0.21
GAB,csugr,-0.3
GAB,cgrnd,-0.138
GAB,cgdnt,-0.138
GAB,cgdol,-0.22
GAB,cgdml,-0.22
GAB,crpol,-0.22
GAB,crpml,-0.22
GAB,csbol,-0.22
GAB,csbml,-0.22
GAB,csfol,-0.22
GAB,csfml,-0.22
GAB,cplol,-0.22
GAB,cpkol,-0.22
GAB,cpkml,-0.22
GAB,ctool,-0.22
GAB,ctoml,-0.22
GAB,ccoco,-0.21
GAB,ccafe,-0.21
GAB,ccott,-0.3825
GAB,cteas,-0.21
GAB,cothr,-0.138
GEO,cbeef,-0.74
GEO,cpork,-0.83
GEO,clamb,-0.74
GEO,cpoul,-0.83
GEO,ceggs,-0.23
GEO,cmilk,-0.45
GEO,crice,-0.03
GEO,cwhea,0.15
GEO,cgdol,-0.07
GEO,cgdml,-0.07
GEO,crpol,-0.07
GEO,crpml,-0.07
GEO,csbol,-0.07
GEO,csbml,-0.07
GEO,csfol,-0.07
GEO,csfml,-0.07
GEO,cplol,-0.07
GEO,cpkol,-0.07
GEO,cpkml,-0.07
GEO,ctool,-0.07
GEO,ctoml,-0.07
GHA,cbeef,-0.43
GHA,cpork,-0.28
GHA,clamb,-0.28
GHA,cpoul,-0.1
GHA,ceggs,-0.1
GHA,cbarl,0.28
GHA,cmaiz,-0.28
GHA,cmill,0.28
GHA,crice,-0.41
GHA,csorg,0.28
GHA,cwhea,-0.1
GHA,cocer,0.28
GHA,cbean,-0.138
GHA,cchkp,-0.138
GHA,ccowp,-0.138
GHA,clent,-0.138
GHA,cpigp,-0.138
GHA,copul,-0.138
GHA,cbana,-0.21
GHA,cplnt,-0.21
GHA,csubf,-0.21
GHA,ctemf,-0.21
GHA,cvege,-0.21
GHA,csugr,-0.3
GHA,cgrnd,-0.138
GHA,cgdnt,-0.138
GHA,cgdol,-0.22
GHA,cgdml,-0.22
GHA,crpol,-0.22
GHA,crpml,-0.22
GHA,csbol,-0.22
GHA,csbml,-0.22
GHA,csfol,-0.22
GHA,csfml,-0.22
GHA,cplol,-0.22
GHA,cpkol,-0.22
GHA,cpkml,-0.22
GHA,ctool,-0.22
GHA,ctoml,-0.22
GHA,ccoco,-0.21
GHA,ccafe,-0.21
GHA,ccott,-0.3825
GHA,cteas,-0.21
GHA,cothr,-0.138
GIN,cbeef,-0.43
GIN,cpork,-0.28
GIN,clamb,-0.28
GIN,cpoul,-0.1
GIN,ceggs,-0.1
GIN,cbarl,0.28
GIN,cmaiz,-0.28
GIN,cmill,0.28
GIN,crice,-0.41
GIN,csorg,0.28
GIN,cwhea,-0.1
GIN,cocer,0.28
GIN,cbean,-0.138
GIN,cchkp,-0.138
GIN,ccowp,-0.138
GIN,clent,-0.138
GIN,cpigp,-0.138
GIN,copul,-0.138
GIN,cbana,-0.21
GIN,cplnt,-0.21
GIN,csubf,-0.21
GIN,ctemf,-0.21
GIN,cvege,-0.21
GIN,csugr,-0.3
GIN,cgrnd,-0.138
GIN,cgdnt,-0.138
GIN,cgdol,-0.22
GIN,cgdml,-0.22
GIN,crpol,-0.22
GIN,crpml,-0.22
GIN,csbol,-0.22
GIN,csbml,-0.22
GIN,csfol,-0.22
GIN,csfml,-0.22
GIN,cplol,-0.22
GIN,cpkol,-0.22
GIN,cpkml,-0.22
GIN,ctool,-0.22
GIN,ctoml,-0.22
GIN,ccoco,-0.21
GIN,ccafe,-0.21
GIN,ccott,-0.3825
GIN,cteas,-0.21
GIN,cothr,-0.138
GMB,cbeef,-0.43
GMB,cpork,-0.28
GMB,clamb,-0.28
GMB,cpoul,-0.1
GMB,ceggs,-0.1
GMB,cbarl,0.28
GMB,cmaiz,-0.28
GMB,cmill,0.28
GMB,crice,-0.41
GMB,csorg,0.28
GMB,cwhea,-0.1
GMB,cocer,0.28
GMB,cbean,-0.138
GMB,cchkp,-0.138
GMB,ccowp,-0.138
GMB,clent,-0.138
GMB,cpigp,-0.138
GMB,copul,-0.138
GMB,cbana,-0.21
GMB,cplnt,-0.21
GMB,csubf,-0.21
GMB,ctemf,-0.21
GMB,cvege,-0.21
GMB,csugr,-0.3
GMB,cgrnd,-0.138
GMB,cgdnt,-0.138
GMB,cgdol,-0.22
GMB,cgdml,-0.22
GMB,crpol,-0.22
GMB,crpml,-0.22
GMB,csbol,-0.22
GMB,csbml,-0.22
GMB,csfol,-0.22
GMB,csfml,-0.22
GMB,cplol,-0.22
GMB,cpkol,-0.22
GMB,cpkml,-0.22
GMB,ctool,-0.22
GMB,ctoml,-0.22
GMB,ccoco,-0.21
GMB,ccafe,-0.21
GMB,ccott,-0.3825
GMB,cteas,-0.21
GMB,cothr,-0.138
GNB,cbeef,-0.43
GNB,cpork,-0.28
GNB,clamb,-0.28
GNB,cpoul,-0.1
GNB,ceggs,-0.1
GNB,cbarl,0.28
GNB,cmaiz,-0.28
GNB,cmill,0.28
GNB,crice,-0.41
GNB,csorg,0.28
GNB,cwhea,-0.1
GNB,cocer,0.28
GNB,cbean,-0.138
GNB,cchkp,-0.138
GNB,ccowp,-0.138
GNB,clent,-0.138
GNB,cpigp,-0.138
GNB,copul,-0.138
GNB,cbana,-0.21
GNB,cplnt,-0.21
GNB,csubf,-0.21
GNB,ctemf,-0.21
GNB,cvege,-0.21
GNB,csugr,-0.3
GNB,cgrnd,-0.138
GNB,cgdnt,-0.138
GNB,cgdol,-0.22
GNB,cgdml,-0.22
GNB,crpol,-0.22
GNB,crpml,-0.22
GNB,csbol,-0.22
GNB,csbml,-0.22
GNB,csfol,-0.22
GNB,csfml,-0.22
GNB,cplol,-0.22
GNB,cpkol,-0.22
GNB,cpkml,-0.22
GNB,ctool,-0.22
GNB,ctoml,-0.22
GNB,ccoco,-0.21
GNB,ccafe,-0.21
GNB,ccott,-0.3825
GNB,cteas,-0.21
GNB,cothr,-0.138
GNQ,cbeef,-0.43
GNQ,cpork,-0.28
GNQ,clamb,-0.28
GNQ,cpoul,-0.1
GNQ,ceggs,-0.1
GNQ,cbarl,0.28
GNQ,cmaiz,-0.28
GNQ,cmill,0.28
GNQ,crice,-0.41
GNQ,csorg,0.28
GNQ,cwhea,-0.1
GNQ,cocer,0.28
GNQ,cbean,-0.138
GNQ,cchkp,-0.138
GNQ,ccowp,-0.138
GNQ,clent,-0.138
GNQ,cpigp,-0.138
GNQ,copul,-0.138
GNQ,cbana,-0.21
GNQ,cplnt,-0.21
GNQ,csubf,-0.21
GNQ,ctemf,-0.21
GNQ,cvege,-0.21
GNQ,csugr,-0.3
GNQ,cgrnd,-0.138
GNQ,cgdnt,-0.138
GNQ,cgdol,-0.22
GNQ,cgdml,-0.22
GNQ,crpol,-0.22
GNQ,crpml,-0.22
GNQ,csbol,-0.22
GNQ,csbml,-0.22
GNQ,csfol,-0.22
GNQ,csfml,-0.22
GNQ,cplol,-0.22
GNQ,cpkol,-0.22
GNQ,cpkml,-0.22
GNQ,ctool,-0.22
GNQ,ctoml,-0.22
GNQ,ccoco,-0.21
GNQ,ccafe,-0.21
GNQ,ccott,-0.3825
GNQ,cteas,-0.21
GNQ,cothr,-0.138
GRC,cbeef,0.131974056
GRC,cpork,0.017106521
GRC,clamb,0.141404438
GRC,cpoul,0.400119788
GRC,ceggs,0.00800476
GRC,cpota,0.095875804
GRC,ctemf,0.069863457
GRC,cgdol,-0.05
GRC,cgdml,-0.05
GRC,crpol,-0.05
GRC,crpml,-0.05
GRC,csbol,-0.05
GRC,csbml,-0.05
GRC,csfol,-0.05
GRC,csfml,-0.05
GRC,cpkol,-0.05
GRC,cpkml,-0.05
GRC,ctool,-0.05
GRC,ctoml,-0.05
GSA,cbeef,0.22
GSA,cpork,0.1
GSA,clamb,0.13
GSA,cpoul,0.1
GSA,cmilk,0.07
GSA,cmaiz,0.04
GSA,crice,-0.11
GSA,cwhea,0.45
GSA,cbean,-0.4661
GSA,cchkp,-0.4661
GSA,ccowp,-0.4661
GSA,clent,-0.4661
GSA,cpigp,-0.4661
GSA,copul,-0.4661
GSA,cbana,-0.25
GSA,cplnt,-0.25
GSA,csubf,-0.25
GSA,ctemf,-0.25
GSA,cvege,-0.25
GSA,csugr,-0.2
GSA,cgrnd,-0.4661
GSA,cgdnt,-0.4661
GSA,cgdol,-0.28
GSA,cgdml,-0.28
GSA,crpsd,-0.16
GSA,crpnt,-0.16
GSA,crpol,-0.28
GSA,crpml,-0.28
GSA,csoyb,-0.16
GSA,csbnt,-0.16
GSA,csbol,-0.28
GSA,csbml,-0.28
GSA,csnfl,-0.16
GSA,csfnt,-0.16
GSA,csfol,-0.28
GSA,csfml,-0.28
GSA,cpalm,-0.16
GSA,cplol,-0.28
GSA,cpkrl,-0.16
GSA,cpkol,-0.28
GSA,cpkml,-0.28
GSA,ctols,-0.16
GSA,ctont,-0.16
GSA,ctool,-0.28
GSA,ctoml,-0.28
GSA,ccoco,-0.25
GSA,ccafe,-0.25
GSA,ccott,-1.2924
GSA,cteas,-0.25
GSA,cothr,-0.4661
GTM,cbeef,0.22
GTM,cpork,0.1
GTM,clamb,0.13
GTM,cpoul,0.1
GTM,cmilk,0.07
GTM,cmaiz,0.04
GTM,crice,-0.11
GTM,cwhea,0.45
GTM,cbean,-0.4661
GTM,cchkp,-0.4661
GTM,ccowp,-0.4661
GTM,clent,-0.4661
GTM,cpigp,-0.4661
GTM,copul,-0.4661
GTM,cbana,-0.25
GTM,cplnt,-0.25
GTM,csubf,-0.25
GTM,ctemf,-0.25
GTM,cvege,-0.25
GTM,csugr,-0.2
GTM,cgrnd,-0.4661
GTM,cgdnt,-0.4661
GTM,cgdol,-0.28
GTM,cgdml,-0.28
GTM,crpsd,-0.16
GTM,crpnt,-0.16
GTM,crpol,-0.28
GTM,crpml,-0.28
GTM,csoyb,-0.16
GTM,csbnt,-0.16
GTM,csbol,-0.28
GTM,csbml,-0.28
GTM,csnfl,-0.16
GTM,csfnt,-0.16
GTM,csfol,-0.28
GTM,csfml,-0.28
GTM,cpalm,-0.16
GTM,cplol,-0.28
GTM,cpkrl,-0.16
GTM,cpkol,-0.28
GTM,cpkml,-0.28
GTM,ctols,-0.16
GTM,ctont,-0.16
GTM,ctool,-0.28
GTM,ctoml,-0.28
GTM,ccoco,-0.25
GTM,ccafe,-0.25
GTM,ccott,-1.2924
GTM,cteas,-0.25
GTM,cothr,-0.4661
HND,cbeef,0.22
HND,cpork,0.1
HND,clamb,0.13
HND,cpoul,0.1
HND,cmilk,0.07
HND,cmaiz,0.04
HND,crice,-0.11
HND,cwhea,0.45
HND,cbean,-0.4661
HND,cchkp,-0.4661
HND,ccowp,-0.4661
HND,clent,-0.4661
HND,cpigp,-0.4661
HND,copul,-0.4661
HND,cbana,-0.25
HND,cplnt,-0.25
HND,csubf,-0.25
HND,ctemf,-0.25
HND,cvege,-0.25
HND,csugr,-0.2
HND,cgrnd,-0.4661
HND,cgdnt,-0.4661
HND,cgdol,-0.28
HND,cgdml,-0.28
HND,crpsd,-0.16
HND,crpnt,-0.16
HND,crpol,-0.28
HND,crpml,-0.28
HND,csoyb,-0.16
HND,csbnt,-0.16
HND,csbol,-0.28
HND,csbml,-0.28
HND,csnfl,-0.16
HND,csfnt,-0.16
HND,csfol,-0.28
HND,csfml,-0.28
HND,cpalm,-0.16
HND,cplol,-0.28
HND,cpkrl,-0.16
HND,cpkol,-0.28
HND,cpkml,-0.28
HND,ctols,-0.16
HND,ctont,-0.16
HND,ctool,-0.28
HND,ctoml,-0.28
HND,ccoco,-0.25
HND,ccafe,-0.25
HND,ccott,-1.2924
HND,cteas,-0.25
HND,cothr,-0.4661
HRV,cbeef,0.131974056
HRV,cpork,0.017106521
HRV,clamb,0.141404438
HRV,cpoul,0.400119788
HRV,ceggs,0.00800476
HRV,cpota,0.095875804
HRV,ctemf,0.069863457
HRV,cgdol,-0.05
HRV,cgdml,-0.05
HRV,crpol,-0.05
HRV,crpml,-0.05
HRV,csbol,-0.05
HRV,csbml,-0.05
HRV,csfol,-0.05
HRV,csfml,-0.05
HRV,cpkol,-0.05
HRV,cpkml,-0.05
HRV,ctool,-0.05
HRV,ctoml,-0.05
HTI,cbeef,0.22
HTI,cpork,0.1
HTI,clamb,0.13
HTI,cpoul,0.1
HTI,cmilk,0.07
HTI,cmaiz,0.04
HTI,crice,-0.11
HTI,cwhea,0.45
HTI,cbean,-0.4661
HTI,cchkp,-0.4661
HTI,ccowp,-0.4661
HTI,clent,-0.4661
HTI,cpigp,-0.4661
HTI,copul,-0.4661
HTI,cbana,-0.25
HTI,cplnt,-0.25
HTI,csubf,-0.25
HTI,ctemf,-0.25
HTI,cvege,-0.25
HTI,csugr,-0.2
HTI,cgrnd,-0.4661
HTI,cgdnt,-0.4661
HTI,cgdol,-0.28
HTI,cgdml,-0.28
HTI,crpsd,-0.16
HTI,crpnt,-0.16
HTI,crpol,-0.28
HTI,crpml,-0.28
HTI,csoyb,-0.16
HTI,csbnt,-0.16
HTI,csbol,-0.28
HTI,csbml,-0.28
HTI,csnfl,-0.16
HTI,csfnt,-0.16
HTI,csfol,-0.28
HTI,csfml,-0.28
HTI,cpalm,-0.16
HTI,cplol,-0.28
HTI,cpkrl,-0.16
HTI,cpkol,-0.28
HTI,cpkml,-0.28
HTI,ctols,-0.16
HTI,ctont,-0.16
HTI,ctool,-0.28
HTI,ctoml,-0.28
HTI,ccoco,-0.25
HTI,ccafe,-0.25
HTI,ccott,-1.2924
HTI,cteas,-0.25
HTI,cothr,-0.4661
HUN,cbeef,0.131974056
HUN,cpork,0.017106521
HUN,clamb,0.141404438
HUN,cpoul,0.400119788
HUN,ceggs,0.00800476
HUN,cpota,0.095875804
HUN,ctemf,0.069863457
HUN,cgdol,-0.05
HUN,cgdml,-0.05
HUN,crpol,-0.05
HUN,crpml,-0.05
HUN,csbol,-0.05
HUN,csbml,-0.05
HUN,csfol,-0.05
HUN,csfml,-0.05
HUN,cpkol,-0.05
HUN,cpkml,-0.05
HUN,ctool,-0.05
HUN,ctoml,-0.05
IDN,cbeef,0.673091954
IDN,cpoul,0.9999
IDN,ceggs,0.416814046
IDN,cmilk,-0.13233636
IDN,cmaiz,0.574820239
IDN,crice,0.432392538
IDN,cchkp,-0.112
IDN,cpigp,-0.112
IDN,copul,-0.112
IDN,csugc,0.268988925
IDN,csugb,0.268988925
IDN,csugr,0.268988925
IDN,cgdol,-0.14
IDN,cgdml,0.12
IDN,crpol,-0.14
IDN,crpml,0.12
IDN,csoyb,0.025
IDN,csbnt,0.025
IDN,csbol,-0.14
IDN,csbml,0.12
IDN,csfol,-0.14
IDN,csfml,0.12
IDN,cpalm,0.38
IDN,cplol,-0.074192268
IDN,cpkrl,0.38
IDN,cpkol,-0.14
IDN,cpkml,0.12
IDN,ctool,-0.14
IDN,ctoml,0.12
IDN,cteas,-0.08
IDN,cothr,-0.112
IND,cbeef,0.2
IND,cpork,0.15
IND,clamb,0.2
IND,cpoul,0.2
IND,ceggs,0.11
IND,cbarl,0.02
IND,cmaiz,0.02
IND,cmill,0.02
IND,crice,-0.09
IND,csorg,0.02
IND,cwhea,0.19
IND,cocer,0.02
IND,cbean,-0.2983
IND,cchkp,-0.2983
IND,ccowp,-0.2983
IND,clent,-0.2983
IND,cpigp,-0.2983
IND,copul,-0.2983
IND,cbana,-0.12
IND,cplnt,-0.12
IND,csubf,-0.12
IND,ctemf,-0.12
IND,cvege,-0.2
IND,csugr,-0.54
IND,cgrnd,-0.2983
IND,cgdnt,-0.2983
IND,cgdol,-0.5
IND,cgdml,-0.25
IND,crpol,-0.5
IND,crpml,-0.25
IND,csbol,-0.5
IND,csbml,-0.25
IND,csfol,-0.5
IND,csfml,-0.25
IND,cplol,-0.5
IND,cpkol,-0.5
IND,cpkml,-0.25
IND,ctool,-0.5
IND,ctoml,-0.25
IND,ccoco,-0.12
IND,ccafe,-0.12
IND,ccott,-0.8271
IND,cteas,-0.12
IND,cothr,-0.2983
IRL,cbeef,0.131974056
IRL,cpork,0.017106521
IRL,clamb,0.141404438
IRL,cpoul,0.400119788
IRL,ceggs,0.00800476
IRL,cmill,-0.03
IRL,cpota,0.095875804
IRL,ctemf,0.069863457
IRN,cbeef,-0.35
IRN,cpork,-0.62
IRN,clamb,-0.35
IRN,cpoul,-0.62
IRN,ceggs,-0.1
IRN,cmilk,-0.57
IRN,cbarl,-0.07
IRN,cmaiz,-0.14
IRN,cmill,-0.07
IRN,crice,-0.07
IRN,csorg,-0.07
IRN,cwhea,-0.06
IRN,cocer,-0.07
IRN,cbean,-0.1864
IRN,cchkp,-0.1864
IRN,ccowp,-0.1864
IRN,clent,-0.1864
IRN,cpigp,-0.1864
IRN,copul,-0.1864
IRN,cbana,-0.1
IRN,cplnt,-0.1
IRN,csubf,-0.1
IRN,ctemf,-0.1
IRN,cvege,-0.1
IRN,csugr,-0.2
IRN,cgrnd,-0.1864
IRN,cgdnt,-0.1864
IRN,cgdol,-0.18
IRN,cgdml,-0.18
IRN,crpol,-0.18
IRN,crpml,-0.18
IRN,csbol,-0.18
IRN,csbml,-0.18
IRN,csfol,-0.18
IRN,csfml,-0.18
IRN,cplol,-0.18
IRN,cpkol,-0.18
IRN,cpkml,-0.18
IRN,ctool,-0.18
IRN,ctoml,-0.18
IRN,ccoco,-0.1
IRN,ccafe,-0.1
IRN,ccott,-0.5169
IRN,cteas,-0.1
IRN,cothr,-0.1864
IRQ,cbeef,-0.35
IRQ,cpork,-0.62
IRQ,clamb,-0.35
IRQ,cpoul,-0.62
IRQ,ceggs,-0.1
IRQ,cmilk,-0.57
IRQ,cbarl,-0.07
IRQ,cmaiz,-0.14
IRQ,cmill,-0.07
IRQ,crice,-0.07
IRQ,csorg,-0.07
IRQ,cwhea,-0.06
IRQ,cocer,-0.07
IRQ,cbean,-0.1864
IRQ,cchkp,-0.1864
IRQ,ccowp,-0.1864
IRQ,clent,-0.1864
IRQ,cpigp,-0.1864
IRQ,copul,-0.1864
IRQ,cbana,-0.1
IRQ,cplnt,-0.1
IRQ,csubf,-0.1
IRQ,ctemf,-0.1
IRQ,cvege,-0.1
IRQ,csugr,-0.2
IRQ,cgrnd,-0.1864
IRQ,cgdnt,-0.1864
IRQ,cgdol,-0.18
IRQ,cgdml,-0.18
IRQ,crpol,-0.18
IRQ,crpml,-0.18
IRQ,csbol,-0.18
IRQ,csbml,-0.18
IRQ,csfol,-0.18
IRQ,csfml,-0.18
IRQ,cplol,-0.18
IRQ,cpkol,-0.18
IRQ,cpkml,-0.18
IRQ,ctool,-0.18
IRQ,ctoml,-0.18
IRQ,ccoco,-0.1
IRQ,ccafe,-0.1
IRQ,ccott,-0.5169
IRQ,cteas,-0.1
IRQ,cothr,-0.1864
ISL,cbeef,0.078044275
ISL,cpork,0.272260936
ISL,cpoul,0.9999
ISL,ceggs,0.9999
ISL,cmilk,0.238533856
ISL,cmill,-0.03
ISR,cbeef,0.685610686
ISR,clamb,0.5
ISR,cpoul,0.304667575
ISR,ceggs,0.020422038
ISR,cmilk,0.194514947
ISR,cwhea,0.153015483
ISR,cbana,0.104700939
ISR,cplnt,0.104700939
ISR,ctemf,0.037339679
ISR,cgdol,-0.22
ISR,cgdml,-0.22
ISR,crpol,-0.22
ISR,crpml,-0.22
ISR,csbol,-0.22
ISR,csbml,-0.22
ISR,csfol,-0.22
ISR,csfml,-0.22
ISR,cpkol,-0.22
ISR,cpkml,-0.22
ISR,ctool,-0.22
ISR,ctoml,-0.22
ITP,cbeef,0.131974056
ITP,cpork,0.017106521
ITP,clamb,0.141404438
ITP,cpoul,0.400119788
ITP,ceggs,0.00800476
ITP,cmill,-0.03
ITP,cpota,0.095875804
ITP,ctemf,0.069863457
JAM,cmaiz,-0.09
JAM,crice,-0.32
JAM,cwhea,-0.03
JAM,cbean,-0.2797
JAM,cchkp,-0.2797
JAM,ccowp,-0.2797
JAM,clent,-0.2797
JAM,cpigp,-0.2797
JAM,copul,-0.2797
JAM,cbana,-0.15
JAM,cplnt,-0.15
JAM,csubf,-0.15
JAM,ctemf,-0.15
JAM,cvege,-0.15
JAM,csugr,-0.2
JAM,cgrnd,-0.2797
JAM,cgdnt,-0.2797
JAM,ccoco,-0.15
JAM,ccafe,-0.15
JAM,ccott,-0.7754
JAM,cteas,-0.15
JAM,cothr,-0.2797
JOR,cbeef,-0.35
JOR,cpork,-0.62
JOR,clamb,-0.35
JOR,cpoul,-0.62
JOR,ceggs,-0.1
JOR,cmilk,-0.57
JOR,cbarl,-0.07
JOR,cmaiz,-0.14
JOR,cmill,-0.07
JOR,crice,-0.07
JOR,csorg,-0.07
JOR,cwhea,-0.06
JOR,cocer,-0.07
JOR,cbean,-0.1864
JOR,cchkp,-0.1864
JOR,ccowp,-0.1864
JOR,clent,-0.1864
JOR,cpigp,-0.1864
JOR,copul,-0.1864
JOR,cbana,-0.1
JOR,cplnt,-0.1
JOR,csubf,-0.1
JOR,ctemf,-0.1
JOR,cvege,-0.1
JOR,csugr,-0.2
JOR,cgrnd,-0.1864
JOR,cgdnt,-0.1864
JOR,cgdol,-0.18
JOR,cgdml,-0.18
JOR,crpol,-0.18
JOR,crpml,-0.18
JOR,csbol,-0.18
JOR,csbml,-0.18
JOR,csfol,-0.18
JOR,csfml,-0.18
JOR,cplol,-0.18
JOR,cpkol,-0.18
JOR,cpkml,-0.18
JOR,ctool,-0.18
JOR,ctoml,-0.18
JOR,ccoco,-0.1
JOR,ccafe,-0.1
JOR,ccott,-0.5169
JOR,cteas,-0.1
JOR,cothr,-0.1864
JPN,cbeef,0.385
JPN,cpork,0.9999
JPN,cpoul,0.117583333
JPN,ceggs,0.17
JPN,cmilk,0.9999
JPN,cbarl,0.9999
JPN,crice,0.9999
JPN,csubf,0.9999
JPN,ctemf,0.87332377
JPN,cvege,0.9999
JPN,csugc,0.9999
JPN,csugb,0.9999
JPN,csugr,0.9999
KAZ,cbeef,0.013127058
KAZ,cpork,0.420313886
KAZ,cpoul,0.093005784
KAZ,ceggs,0.314179692
KAZ,cbarl,-0.025215123
KAZ,cmaiz,-0.176240318
KAZ,crice,-0.234311376
KAZ,cwhea,0.079621018
KAZ,cgdol,-0.07
KAZ,cgdml,-0.07
KAZ,crpol,-0.07
KAZ,crpml,-0.07
KAZ,csbol,-0.07
KAZ,csbml,-0.07
KAZ,csnfl,-0.287782599
KAZ,csfnt,-0.287782599
KAZ,csfol,-0.07
KAZ,csfml,-0.07
KAZ,cpkol,-0.07
KAZ,cpkml,-0.07
KAZ,ctool,-0.07
KAZ,ctoml,-0.07
KAZ,ccott,0.547314186
KEN,cbeef,-0.5
KEN,cpork,-0.3
KEN,clamb,0.5
KEN,cpoul,-0.3
KEN,ceggs,-0.1
KEN,cmilk,-0.15
KEN,cbarl,-0.18
KEN,cmaiz,-0.18
KEN,cmill,-0.18
KEN,crice,-0.3
KEN,csorg,-0.18
KEN,cwhea,0.05
KEN,cocer,-0.18
KEN,cbean,-0.138
KEN,cchkp,-0.138
KEN,ccowp,-0.138
KEN,clent,-0.138
KEN,cpigp,-0.138
KEN,copul,-0.138
KEN,cbana,-0.21
KEN,cplnt,-0.21
KEN,csubf,-0.21
KEN,ctemf,-0.21
KEN,cvege,-0.21
KEN,csugr,-0.3
KEN,cgrnd,-0.138
KEN,cgdnt,-0.138
KEN,cgdol,-0.22
KEN,cgdml,-0.22
KEN,crpol,-0.22
KEN,crpml,-0.22
KEN,csbol,-0.22
KEN,csbml,-0.22
KEN,csfol,-0.22
KEN,csfml,-0.22
KEN,cplol,-0.22
KEN,cpkol,-0.22
KEN,cpkml,-0.22
KEN,ctool,-0.22
KEN,ctoml,-0.22
KEN,ccoco,-0.21
KEN,ccafe,-0.21
KEN,ccott,-0.3825
KEN,cteas,-0.21
KEN,cothr,-0.138
KGZ,cbeef,-0.39
KGZ,cpork,-0.43
KGZ,clamb,-0.37
KGZ,cpoul,-0.46
KGZ,ceggs,-0.22
KGZ,cmilk,-0.36
KGZ,crice,-0.2
KGZ,cwhea,0.15
KGZ,cgdol,-0.07
KGZ,cgdml,-0.07
KGZ,crpol,-0.07
KGZ,crpml,-0.07
KGZ,csbol,-0.07
KGZ,csbml,-0.07
KGZ,csfol,-0.07
KGZ,csfml,-0.07
KGZ,cplol,-0.07
KGZ,cpkol,-0.07
KGZ,cpkml,-0.07
KGZ,ctool,-0.07
KGZ,ctoml,-0.07
KHM,cbeef,-0.15
KHM,cpork,-0.16
KHM,cpoul,-0.16
KHM,cmilk,-0.08
KHM,cmaiz,-0.09
KHM,crice,-0.32
KHM,cwhea,-0.03
KHM,cbean,-0.3356
KHM,cchkp,-0.3356
KHM,ccowp,-0.3356
KHM,clent,-0.3356
KHM,cpigp,-0.3356
KHM,copul,-0.3356
KHM,cbana,-0.12
KHM,cplnt,-0.12
KHM,csubf,-0.12
KHM,ctemf,-0.12
KHM,cvege,-0.12
KHM,csugr,-0.45
KHM,cgrnd,-0.3356
KHM,cgdnt,-0.3356
KHM,cgdol,-0.34
KHM,cgdml,-0.34
KHM,crpol,-0.34
KHM,crpml,-0.34
KHM,csbol,-0.34
KHM,csbml,-0.34
KHM,csfol,-0.34
KHM,csfml,-0.34
KHM,cplol,-0.34
KHM,cpkol,-0.34
KHM,cpkml,-0.34
KHM,ctool,-0.34
KHM,ctoml,-0.34
KHM,ccoco,-0.12
KHM,ccafe,-0.12
KHM,ccott,-0.9305
KHM,cteas,-0.12
KHM,cothr,-0.3356
KOR,cbeef,0.445988735
KOR,cpork,0.9999
KOR,cpoul,0.874089578
KOR,ceggs,0.066792652
KOR,cmilk,0.77211651
KOR,cbarl,0.310569117
KOR,crice,0.740478082
KOR,cchkp,-0.0895
KOR,cpigp,-0.0895
KOR,copul,-0.0895
KOR,cvege,0.9999
KOR,cgdol,-0.31
KOR,cgdml,-0.31
KOR,crpol,-0.31
KOR,crpml,-0.31
KOR,csoyb,0.673765643
KOR,csbnt,0.673765643
KOR,csbol,-0.31
KOR,csbml,-0.31
KOR,csfol,-0.31
KOR,csfml,-0.31
KOR,cpalm,-0.31
KOR,cpkrl,-0.31
KOR,cpkol,-0.31
KOR,cpkml,-0.31
KOR,ctool,-0.31
KOR,ctoml,-0.31
KOR,cteas,-0.04
KOR,cothr,-0.0895
LAO,cbeef,-0.15
LAO,cpork,-0.16
LAO,cpoul,-0.16
LAO,cmilk,-0.08
LAO,cmaiz,-0.09
LAO,crice,-0.32
LAO,cwhea,-0.03
LAO,cbean,-0.3356
LAO,cchkp,-0.3356
LAO,ccowp,-0.3356
LAO,clent,-0.3356
LAO,cpigp,-0.3356
LAO,copul,-0.3356
LAO,cbana,-0.12
LAO,cplnt,-0.12
LAO,csubf,-0.12
LAO,ctemf,-0.12
LAO,cvege,-0.12
LAO,csugr,-0.45
LAO,cgrnd,-0.3356
LAO,cgdnt,-0.3356
LAO,cgdol,-0.34
LAO,cgdml,-0.34
LAO,crpol,-0.34
LAO,crpml,-0.34
LAO,csbol,-0.34
LAO,csbml,-0.34
LAO,csfol,-0.34
LAO,csfml,-0.34
LAO,cplol,-0.34
LAO,cpkol,-0.34
LAO,cpkml,-0.34
LAO,ctool,-0.34
LAO,ctoml,-0.34
LAO,ccoco,-0.12
LAO,ccafe,-0.12
LAO,ccott,-0.9305
LAO,cteas,-0.12
LAO,cothr,-0.3356
LBN,cbeef,-0.35
LBN,cpork,-0.62
LBN,clamb,-0.35
LBN,cpoul,-0.62
LBN,ceggs,-0.1
LBN,cmilk,-0.57
LBN,cbarl,-0.07
LBN,cmaiz,-0.14
LBN,cmill,-0.07
LBN,crice,-0.07
LBN,csorg,-0.07
LBN,cwhea,-0.06
LBN,cocer,-0.07
LBN,cbean,-0.1864
LBN,cchkp,-0.1864
LBN,ccowp,-0.1864
LBN,clent,-0.1864
LBN,cpigp,-0.1864
LBN,copul,-0.1864
LBN,cbana,-0.1
LBN,cplnt,-0.1
LBN,csubf,-0.1
LBN,ctemf,-0.1
LBN,cvege,-0.1
LBN,csugr,-0.2
LBN,cgrnd,-0.1864
LBN,cgdnt,-0.1864
LBN,cgdol,-0.18
LBN,cgdml,-0.18
LBN,crpol,-0.18
LBN,crpml,-0.18
LBN,csbol,-0.18
LBN,csbml,-0.18
LBN,csfol,-0.18
LBN,csfml,-0.18
LBN,cplol,-0.18
LBN,cpkol,-0.18
LBN,cpkml,-0.18
LBN,ctool,-0.18
LBN,ctoml,-0.18
LBN,ccoco,-0.1
LBN,ccafe,-0.1
LBN,ccott,-0.5169
LBN,cteas,-0.1
LBN,cothr,-0.1864
LBR,cbeef,-0.43
LBR,cpork,-0.28
LBR,clamb,-0.28
LBR,cpoul,-0.1
LBR,ceggs,-0.1
LBR,cbarl,0.28
LBR,cmaiz,-0.28
LBR,cmill,0.28
LBR,crice,-0.41
LBR,csorg,0.28
LBR,cwhea,-0.1
LBR,cocer,0.28
LBR,cbean,-0.138
LBR,cchkp,-0.138
LBR,ccowp,-0.138
LBR,clent,-0.138
LBR,cpigp,-0.138
LBR,copul,-0.138
LBR,cbana,-0.21
LBR,cplnt,-0.21
LBR,csubf,-0.21
LBR,ctemf,-0.21
LBR,cvege,-0.21
LBR,csugr,-0.3
LBR,cgrnd,-0.138
LBR,cgdnt,-0.138
LBR,cgdol,-0.22
LBR,cgdml,-0.22
LBR,crpol,-0.22
LBR,crpml,-0.22
LBR,csbol,-0.22
LBR,csbml,-0.22
LBR,csfol,-0.22
LBR,csfml,-0.22
LBR,cplol,-0.22
LBR,cpkol,-0.22
LBR,cpkml,-0.22
LBR,ctool,-0.22
LBR,ctoml,-0.22
LBR,ccoco,-0.21
LBR,ccafe,-0.21
LBR,ccott,-0.3825
LBR,cteas,-0.21
LBR,cothr,-0.138
LBY,cbeef,-0.35
LBY,cpork,-0.62
LBY,clamb,-0.35
LBY,cpoul,-0.62
LBY,ceggs,-0.1
LBY,cmilk,-0.57
LBY,cbarl,-0.07
LBY,cmaiz,-0.14
LBY,cmill,-0.07
LBY,crice,-0.07
LBY,csorg,-0.07
LBY,cwhea,-0.06
LBY,cocer,-0.07
LBY,cbean,-0.1864
LBY,cchkp,-0.1864
LBY,ccowp,-0.1864
LBY,clent,-0.1864
LBY,cpigp,-0.1864
LBY,copul,-0.1864
LBY,cbana,-0.1
LBY,cplnt,-0.1
LBY,csubf,-0.1
LBY,ctemf,-0.1
LBY,cvege,-0.1
LBY,csugr,-0.2
LBY,cgrnd,-0.1864
LBY,cgdnt,-0.1864
LBY,cgdol,-0.18
LBY,cgdml,-0.18
LBY,crpol,-0.18
LBY,crpml,-0.18
LBY,csbol,-0.18
LBY,csbml,-0.18
LBY,csfol,-0.18
LBY,csfml,-0.18
LBY,cplol,-0.18
LBY,cpkol,-0.18
LBY,cpkml,-0.18
LBY,ctool,-0.18
LBY,ctoml,-0.18
LBY,ccoco,-0.1
LBY,ccafe,-0.1
LBY,ccott,-0.5169
LBY,cteas,-0.1
LBY,cothr,-0.1864
LKA,cbeef,0.18
LKA,cpork,0.02
LKA,clamb,0.18
LKA,cpoul,0.19
LKA,ceggs,0.1
LKA,cmilk,0.41
LKA,cmaiz,0.07
LKA,crice,-0.17
LKA,cwhea,0.25
LKA,cbean,-0.3263
LKA,cchkp,-0.3263
LKA,ccowp,-0.3263
LKA,clent,-0.3263
LKA,cpigp,-0.3263
LKA,copul,-0.3263
LKA,cbana,-0.15
LKA,cplnt,-0.15
LKA,csubf,-0.15
LKA,ctemf,-0.15
LKA,cvege,-0.2
LKA,csugr,-0.3
LKA,cgrnd,-0.3263
LKA,cgdnt,-0.3263
LKA,cgdol,-0.4
LKA,cgdml,-0.2
LKA,crpol,-0.4
LKA,crpml,-0.2
LKA,csbol,-0.4
LKA,csbml,-0.2
LKA,csfol,-0.4
LKA,csfml,-0.2
LKA,cplol,-0.4
LKA,cpkol,-0.4
LKA,cpkml,-0.2
LKA,ctool,-0.4
LKA,ctoml,-0.2
LKA,ccoco,-0.15
LKA,ccafe,-0.15
LKA,ccott,-0.9047
LKA,cteas,-0.15
LKA,cothr,-0.3263
LSO,cbeef,-0.24
LSO,ceggs,-0.09
LSO,cmilk,-0.09
LSO,cbarl,0.2
LSO,cmaiz,-0.2
LSO,cmill,0.2
LSO,crice,-0.12
LSO,csorg,0.2
LSO,cwhea,0.15
LSO,cocer,0.2
LSO,cbean,-0.082
LSO,cchkp,-0.082
LSO,ccowp,-0.082
LSO,clent,-0.082
LSO,cpigp,-0.082
LSO,copul,-0.082
LSO,cbana,-0.12
LSO,cplnt,-0.12
LSO,csubf,-0.12
LSO,ctemf,-0.12
LSO,cvege,-0.12
LSO,csugr,-0.3
LSO,cgrnd,-0.082
LSO,cgdnt,-0.082
LSO,cgdol,-0.22
LSO,cgdml,-0.22
LSO,crpol,-0.22
LSO,crpml,-0.22
LSO,csbol,-0.22
LSO,csbml,-0.22
LSO,csfol,-0.22
LSO,csfml,-0.22
LSO,cplol,-0.22
LSO,cpkol,-0.22
LSO,cpkml,-0.22
LSO,ctool,-0.22
LSO,ctoml,-0.22
LSO,ccoco,-0.12
LSO,ccafe,-0.12
LSO,ccott,-0.2275
LSO,cteas,-0.12
LSO,cothr,-0.082
MDA,cbeef,-0.05
MDA,cpork,-0.05
MDA,clamb,-0.01
MDA,cpoul,-0.18
MDA,ceggs,-0.41
MDA,cmilk,-0.26
MDA,cwhea,0.01
MDA,cgdol,-0.05
MDA,cgdml,-0.05
MDA,crpol,-0.05
MDA,crpml,-0.05
MDA,csbol,-0.05
MDA,csbml,-0.05
MDA,csfol,-0.05
MDA,csfml,-0.05
MDA,cplol,-0.05
MDA,cpkol,-0.05
MDA,cpkml,-0.05
MDA,ctool,-0.05
MDA,ctoml,-0.05
MDG,cbeef,-0.24
MDG,ceggs,-0.09
MDG,cmilk,-0.09
MDG,cbarl,0.2
MDG,cmaiz,-0.2
MDG,cmill,0.2
MDG,crice,-0.12
MDG,csorg,0.2
MDG,cwhea,0.15
MDG,cocer,0.2
MDG,cbean,-0.082
MDG,cchkp,-0.082
MDG,ccowp,-0.082
MDG,clent,-0.082
MDG,cpigp,-0.082
MDG,copul,-0.082
MDG,cbana,-0.12
MDG,cplnt,-0.12
MDG,csubf,-0.12
MDG,ctemf,-0.12
MDG,cvege,-0.12
MDG,csugr,-0.3
MDG,cgrnd,-0.082
MDG,cgdnt,-0.082
MDG,cgdol,-0.22
MDG,cgdml,-0.22
MDG,crpol,-0.22
MDG,crpml,-0.22
MDG,csbol,-0.22
MDG,csbml,-0.22
MDG,csfol,-0.22
MDG,csfml,-0.22
MDG,cplol,-0.22
MDG,cpkol,-0.22
MDG,cpkml,-0.22
MDG,ctool,-0.22
MDG,ctoml,-0.22
MDG,ccoco,-0.12
MDG,ccafe,-0.12
MDG,ccott,-0.2275
MDG,cteas,-0.12
MDG,cothr,-0.082
MEX,cpoul,0.115394003
MEX,crice,0.016915547
MEX,cbean,0.424717511
MEX,csugc,0.23868676
MEX,csugb,0.23868676
MEX,csugr,0.23868676
MEX,cgdol,-0.06
MEX,cgdml,-0.06
MEX,crpol,-0.06
MEX,crpml,-0.06
MEX,csbol,-0.06
MEX,csbml,-0.06
MEX,csfol,-0.06
MEX,csfml,-0.06
MEX,cpalm,-0.06
MEX,cpkrl,-0.06
MEX,cpkol,-0.06
MEX,cpkml,-0.06
MEX,ctool,-0.06
MEX,ctoml,-0.06
MLI,cbeef,-0.28
MLI,cpork,-0.08
MLI,clamb,-0.16
MLI,cpoul,-0.08
MLI,cbarl,0.25
MLI,cmaiz,-0.25
MLI,cmill,0.25
MLI,crice,0.42
MLI,csorg,0.25
MLI,cwhea,0.2
MLI,cocer,0.25
MLI,cbean,-0.1529
MLI,cchkp,-0.1529
MLI,ccowp,-0.1529
MLI,clent,-0.1529
MLI,cpigp,-0.1529
MLI,copul,-0.1529
MLI,cbana,-0.23
MLI,cplnt,-0.23
MLI,csubf,-0.23
MLI,ctemf,-0.23
MLI,cvege,-0.23
MLI,csugr,-0.3
MLI,cgrnd,-0.1529
MLI,cgdnt,-0.1529
MLI,cgdol,-0.07
MLI,cgdml,-0.07
MLI,crpol,-0.07
MLI,crpml,-0.07
MLI,csbol,-0.07
MLI,csbml,-0.07
MLI,csfol,-0.07
MLI,csfml,-0.07
MLI,cplol,-0.07
MLI,cpkol,-0.07
MLI,cpkml,-0.07
MLI,ctool,-0.07
MLI,ctoml,-0.07
MLI,ccoco,-0.23
MLI,ccafe,-0.23
MLI,ccott,-0.4239
MLI,cteas,-0.23
MLI,cothr,-0.1529
MMR,cbeef,-0.15
MMR,cpork,-0.16
MMR,cpoul,-0.16
MMR,cmilk,-0.08
MMR,cmaiz,-0.09
MMR,crice,-0.32
MMR,cwhea,-0.03
MMR,cbean,-0.6432
MMR,cchkp,-0.6432
MMR,ccowp,-0.6432
MMR,clent,-0.6432
MMR,cpigp,-0.6432
MMR,copul,-0.6432
MMR,cbana,-0.23
MMR,cplnt,-0.23
MMR,csubf,-0.23
MMR,ctemf,-0.23
MMR,cvege,-0.23
MMR,csugr,-0.45
MMR,cgrnd,-0.6432
MMR,cgdnt,-0.6432
MMR,cgdol,-0.34
MMR,cgdml,-0.34
MMR,crpol,-0.34
MMR,crpml,-0.34
MMR,csbol,-0.34
MMR,csbml,-0.34
MMR,csfol,-0.34
MMR,csfml,-0.34
MMR,cplol,-0.34
MMR,cpkol,-0.34
MMR,cpkml,-0.34
MMR,ctool,-0.34
MMR,ctoml,-0.34
MMR,ccoco,-0.23
MMR,ccafe,-0.23
MMR,ccott,-1.7835
MMR,cteas,-0.23
MMR,cothr,-0.6432
MNG,cmilk,-0.64
MNG,cbarl,-0.3
MNG,cmaiz,-0.09
MNG,cmill,-0.3
MNG,crice,-0.32
MNG,csorg,-0.3
MNG,cwhea,-0.03
MNG,cocer,-0.3
MNG,cbean,-0.2797
MNG,cchkp,-0.2797
MNG,ccowp,-0.2797
MNG,clent,-0.2797
MNG,cpigp,-0.2797
MNG,copul,-0.2797
MNG,cbana,-0.15
MNG,cplnt,-0.15
MNG,csubf,-0.15
MNG,ctemf,-0.15
MNG,cvege,-0.15
MNG,csugr,-0.2
MNG,cgrnd,-0.2797
MNG,cgdnt,-0.2797
MNG,cgdol,-0.34
MNG,cgdml,-0.34
MNG,crpol,-0.34
MNG,crpml,-0.34
MNG,csbol,-0.34
MNG,csbml,-0.34
MNG,csfol,-0.34
MNG,csfml,-0.34
MNG,cplol,-0.34
MNG,cpkol,-0.34
MNG,cpkml,-0.34
MNG,ctool,-0.34
MNG,ctoml,-0.34
MNG,ccoco,-0.15
MNG,ccafe,-0.15
MNG,ccott,-0.7754
MNG,cteas,-0.15
MNG,cothr,-0.2797
MOR,cbeef,-0.35
MOR,cpork,-0.62
MOR,clamb,-0.35
MOR,cpoul,-0.62
MOR,ceggs,-0.1
MOR,cmilk,-0.57
MOR,cbarl,-0.07
MOR,cmaiz,-0.14
MOR,cmill,-0.07
MOR,crice,-0.07
MOR,csorg,-0.07
MOR,cwhea,-0.06
MOR,cocer,-0.07
MOR,cbean,-0.1864
MOR,cchkp,-0.1864
MOR,ccowp,-0.1864
MOR,clent,-0.1864
MOR,cpigp,-0.1864
MOR,copul,-0.1864
MOR,cbana,-0.1
MOR,cplnt,-0.1
MOR,csubf,-0.1
MOR,ctemf,-0.1
MOR,cvege,-0.1
MOR,csugr,-0.2
MOR,cgrnd,-0.1864
MOR,cgdnt,-0.1864
MOR,cgdol,-0.18
MOR,cgdml,-0.18
MOR,crpol,-0.18
MOR,crpml,-0.18
MOR,csbol,-0.18
MOR,csbml,-0.18
MOR,csfol,-0.18
MOR,csfml,-0.18
MOR,cplol,-0.18
MOR,cpkol,-0.18
MOR,cpkml,-0.18
MOR,ctool,-0.18
MOR,ctoml,-0.18
MOR,ccoco,-0.1
MOR,ccafe,-0.1
MOR,ccott,-0.5169
MOR,cteas,-0.1
MOR,cothr,-0.1864
MOZ,cbeef,-0.24
MOZ,ceggs,-0.09
MOZ,cmilk,-0.09
MOZ,cbarl,0.2
MOZ,cmaiz,-0.2
MOZ,cmill,0.2
MOZ,crice,-0.12
MOZ,csorg,0.2
MOZ,cwhea,0.15
MOZ,cocer,0.2
MOZ,cbean,-0.082
MOZ,cchkp,-0.082
MOZ,ccowp,-0.082
MOZ,clent,-0.082
MOZ,cpigp,-0.082
MOZ,copul,-0.082
MOZ,cbana,-0.12
MOZ,cplnt,-0.12
MOZ,csubf,-0.12
MOZ,ctemf,-0.12
MOZ,cvege,-0.12
MOZ,csugr,-0.3
MOZ,cgrnd,-0.082
MOZ,cgdnt,-0.082
MOZ,cgdol,-0.22
MOZ,cgdml,-0.22
MOZ,crpol,-0.22
MOZ,crpml,-0.22
MOZ,csbol,-0.22
MOZ,csbml,-0.22
MOZ,csfol,-0.22
MOZ,csfml,-0.22
MOZ,cplol,-0.22
MOZ,cpkol,-0.22
MOZ,cpkml,-0.22
MOZ,ctool,-0.22
MOZ,ctoml,-0.22
MOZ,ccoco,-0.12
MOZ,ccafe,-0.12
MOZ,ccott,-0.2275
MOZ,cteas,-0.12
MOZ,cothr,-0.082
MRT,cbeef,-0.28
MRT,cpork,-0.08
MRT,clamb,-0.16
MRT,cpoul,-0.08
MRT,cbarl,0.25
MRT,cmaiz,-0.25
MRT,cmill,0.25
MRT,crice,0.42
MRT,csorg,0.25
MRT,cwhea,0.2
MRT,cocer,0.25
MRT,cbean,-0.1529
MRT,cchkp,-0.1529
MRT,ccowp,-0.1529
MRT,clent,-0.1529
MRT,cpigp,-0.1529
MRT,copul,-0.1529
MRT,cbana,-0.23
MRT,cplnt,-0.23
MRT,csubf,-0.23
MRT,ctemf,-0.23
MRT,cvege,-0.23
MRT,csugr,-0.3
MRT,cgrnd,-0.1529
MRT,cgdnt,-0.1529
MRT,cgdol,-0.07
MRT,cgdml,-0.07
MRT,crpol,-0.07
MRT,crpml,-0.07
MRT,csbol,-0.07
MRT,csbml,-0.07
MRT,csfol,-0.07
MRT,csfml,-0.07
MRT,cplol,-0.07
MRT,cpkol,-0.07
MRT,cpkml,-0.07
MRT,ctool,-0.07
MRT,ctoml,-0.07
MRT,ccoco,-0.23
MRT,ccafe,-0.23
MRT,ccott,-0.4239
MRT,cteas,-0.23
MRT,cothr,-0.1529
MWI,cbeef,-0.24
MWI,ceggs,-0.09
MWI,cmilk,-0.09
MWI,cbarl,0.2
MWI,cmaiz,-0.2
MWI,cmill,0.2
MWI,crice,-0.12
MWI,csorg,0.2
MWI,cwhea,0.15
MWI,cocer,0.2
MWI,cbean,-0.082
MWI,cchkp,-0.082
MWI,ccowp,-0.082
MWI,clent,-0.082
MWI,cpigp,-0.082
MWI,copul,-0.082
MWI,cbana,-0.12
MWI,cplnt,-0.12
MWI,csubf,-0.12
MWI,ctemf,-0.12
MWI,cvege,-0.12
MWI,csugr,-0.3
MWI,cgrnd,-0.082
MWI,cgdnt,-0.082
MWI,cgdol,-0.22
MWI,cgdml,-0.22
MWI,crpol,-0.22
MWI,crpml,-0.22
MWI,csbol,-0.22
MWI,csbml,-0.22
MWI,csfol,-0.22
MWI,csfml,-0.22
MWI,cplol,-0.22
MWI,cpkol,-0.22
MWI,cpkml,-0.22
MWI,ctool,-0.22
MWI,ctoml,-0.22
MWI,ccoco,-0.12
MWI,ccafe,-0.12
MWI,ccott,-0.2275
MWI,cteas,-0.12
MWI,cothr,-0.082
MYS,cbeef,-0.13
MYS,cpork,-0.13
MYS,cbarl,-0.45
MYS,cmaiz,-0.13
MYS,cmill,-0.45
MYS,crice,-0.49
MYS,csorg,-0.45
MYS,cwhea,-0.13
MYS,cocer,-0.45
MYS,cbean,-0.179
MYS,cchkp,-0.179
MYS,ccowp,-0.179
MYS,clent,-0.179
MYS,cpigp,-0.179
MYS,copul,-0.179
MYS,cbana,-0.16
MYS,cplnt,-0.16
MYS,csubf,-0.16
MYS,ctemf,-0.16
MYS,cvege,-0.16
MYS,cgrnd,-0.179
MYS,cgdnt,-0.179
MYS,cgdol,-0.01
MYS,cgdml,-0.01
MYS,crpsd,-0.48
MYS,crpnt,-0.48
MYS,crpol,-0.01
MYS,crpml,-0.01
MYS,csoyb,-0.48
MYS,csbnt,-0.48
MYS,csbol,-0.01
MYS,csbml,-0.01
MYS,csnfl,-0.48
MYS,csfnt,-0.48
MYS,csfol,-0.01
MYS,csfml,-0.01
MYS,cpalm,-0.48
MYS,cplol,-0.01
MYS,cpkrl,-0.48
MYS,cpkol,-0.01
MYS,cpkml,-0.01
MYS,ctols,-0.48
MYS,ctont,-0.48
MYS,ctool,-0.01
MYS,ctoml,-0.01
MYS,ccoco,-0.16
MYS,ccafe,-0.16
MYS,ccott,-0.4963
MYS,cteas,-0.16
MYS,cothr,-0.179
NAM,cbeef,-0.24
NAM,ceggs,-0.09
NAM,cmilk,-0.09
NAM,cbarl,0.2
NAM,cmaiz,-0.2
NAM,cmill,0.2
NAM,crice,-0.12
NAM,csorg,0.2
NAM,cwhea,0.15
NAM,cocer,0.2
NAM,cbean,-0.082
NAM,cchkp,-0.082
NAM,ccowp,-0.082
NAM,clent,-0.082
NAM,cpigp,-0.082
NAM,copul,-0.082
NAM,cbana,-0.12
NAM,cplnt,-0.12
NAM,csubf,-0.12
NAM,ctemf,-0.12
NAM,cvege,-0.12
NAM,csugr,-0.3
NAM,cgrnd,-0.082
NAM,cgdnt,-0.082
NAM,cgdol,-0.22
NAM,cgdml,-0.22
NAM,crpol,-0.22
NAM,crpml,-0.22
NAM,csbol,-0.22
NAM,csbml,-0.22
NAM,csfol,-0.22
NAM,csfml,-0.22
NAM,cplol,-0.22
NAM,cpkol,-0.22
NAM,cpkml,-0.22
NAM,ctool,-0.22
NAM,ctoml,-0.22
NAM,ccoco,-0.12
NAM,ccafe,-0.12
NAM,ccott,-0.2275
NAM,cteas,-0.12
NAM,cothr,-0.082
NER,cbeef,-0.28
NER,cpork,-0.08
NER,clamb,-0.16
NER,cpoul,-0.08
NER,cbarl,0.25
NER,cmaiz,-0.25
NER,cmill,0.25
NER,crice,0.42
NER,csorg,0.25
NER,cwhea,0.2
NER,cocer,0.25
NER,cbean,-0.1529
NER,cchkp,-0.1529
NER,ccowp,-0.1529
NER,clent,-0.1529
NER,cpigp,-0.1529
NER,copul,-0.1529
NER,cbana,-0.23
NER,cplnt,-0.23
NER,csubf,-0.23
NER,ctemf,-0.23
NER,cvege,-0.23
NER,csugr,-0.3
NER,cgrnd,-0.1529
NER,cgdnt,-0.1529
NER,cgdol,-0.07
NER,cgdml,-0.07
NER,crpol,-0.07
NER,crpml,-0.07
NER,csbol,-0.07
NER,csbml,-0.07
NER,csfol,-0.07
NER,csfml,-0.07
NER,cplol,-0.07
NER,cpkol,-0.07
NER,cpkml,-0.07
NER,ctool,-0.07
NER,ctoml,-0.07
NER,ccoco,-0.23
NER,ccafe,-0.23
NER,ccott,-0.4239
NER,cteas,-0.23
NER,cothr,-0.1529
NGA,cbeef,-0.25
NGA,cpork,-0.25
NGA,clamb,-0.25
NGA,cpoul,-0.25
NGA,cbarl,0.15
NGA,cmaiz,-0.15
NGA,cmill,0.15
NGA,crice,-0.3
NGA,csorg,0.15
NGA,cwhea,0.3
NGA,cocer,0.15
NGA,cbean,-0.1007
NGA,cchkp,-0.1007
NGA,ccowp,-0.1007
NGA,clent,-0.1007
NGA,cpigp,-0.1007
NGA,copul,-0.1007
NGA,cbana,-0.15
NGA,cplnt,-0.15
NGA,csubf,-0.15
NGA,ctemf,-0.15
NGA,cvege,-0.15
NGA,csugr,-0.3
NGA,cgrnd,-0.1007
NGA,cgdnt,-0.1007
NGA,cgdol,0.1
NGA,cgdml,0.1
NGA,crpol,0.1
NGA,crpml,0.1
NGA,csbol,0.1
NGA,csbml,0.1
NGA,csfol,0.1
NGA,csfml,0.1
NGA,cplol,0.1
NGA,cpkol,0.1
NGA,cpkml,0.1
NGA,ctool,0.1
NGA,ctoml,0.1
NGA,ccoco,-0.15
NGA,ccafe,-0.15
NGA,ccott,-0.2792
NGA,cteas,-0.15
NGA,cothr,-0.1007
NIC,cbeef,0.22
NIC,cpork,0.1
NIC,clamb,0.13
NIC,cpoul,0.1
NIC,cmilk,0.07
NIC,cmaiz,0.04
NIC,crice,-0.11
NIC,cwhea,0.45
NIC,cbean,-0.4661
NIC,cchkp,-0.4661
NIC,ccowp,-0.4661
NIC,clent,-0.4661
NIC,cpigp,-0.4661
NIC,copul,-0.4661
NIC,cbana,-0.25
NIC,cplnt,-0.25
NIC,csubf,-0.25
NIC,ctemf,-0.25
NIC,cvege,-0.25
NIC,csugr,-0.2
NIC,cgrnd,-0.4661
NIC,cgdnt,-0.4661
NIC,cgdol,-0.28
NIC,cgdml,-0.28
NIC,crpsd,-0.16
NIC,crpnt,-0.16
NIC,crpol,-0.28
NIC,crpml,-0.28
NIC,csoyb,-0.16
NIC,csbnt,-0.16
NIC,csbol,-0.28
NIC,csbml,-0.28
NIC,csnfl,-0.16
NIC,csfnt,-0.16
NIC,csfol,-0.28
NIC,csfml,-0.28
NIC,cpalm,-0.16
NIC,cplol,-0.28
NIC,cpkrl,-0.16
NIC,cpkol,-0.28
NIC,cpkml,-0.28
NIC,ctols,-0.16
NIC,ctont,-0.16
NIC,ctool,-0.28
NIC,ctoml,-0.28
NIC,ccoco,-0.25
NIC,ccafe,-0.25
NIC,ccott,-1.2924
NIC,cteas,-0.25
NIC,cothr,-0.4661
NLD,cbeef,0.131974056
NLD,cpork,0.017106521
NLD,clamb,0.141404438
NLD,cpoul,0.400119788
NLD,ceggs,0.00800476
NLD,cmill,-0.03
NLD,cpota,0.095875804
NLD,ctemf,0.069863457
NOR,cbeef,0.9999
NOR,cpork,0.9999
NOR,clamb,0.23403613
NOR,cpoul,0.9999
NOR,ceggs,0.9999
NOR,cmilk,0.484955439
NOR,cbarl,0.807152232
NOR,cmill,-0.03
NOR,cwhea,0.741213013
NOR,cocer,0.87121265
NPL,cbeef,0.18
NPL,cpork,0.02
NPL,clamb,0.18
NPL,cpoul,0.19
NPL,ceggs,0.1
NPL,cmilk,0.41
NPL,cmaiz,0.07
NPL,crice,-0.17
NPL,cwhea,0.25
NPL,cbean,-0.3263
NPL,cchkp,-0.3263
NPL,ccowp,-0.3263
NPL,clent,-0.3263
NPL,cpigp,-0.3263
NPL,copul,-0.3263
NPL,cbana,-0.15
NPL,cplnt,-0.15
NPL,csubf,-0.15
NPL,ctemf,-0.15
NPL,cvege,-0.2
NPL,csugr,-0.3
NPL,cgrnd,-0.3263
NPL,cgdnt,-0.3263
NPL,cgdol,-0.4
NPL,cgdml,-0.2
NPL,crpol,-0.4
NPL,crpml,-0.2
NPL,csbol,-0.4
NPL,csbml,-0.2
NPL,csfol,-0.4
NPL,csfml,-0.2
NPL,cplol,-0.4
NPL,cpkol,-0.4
NPL,cpkml,-0.2
NPL,ctool,-0.4
NPL,ctoml,-0.2
NPL,ccoco,-0.15
NPL,ccafe,-0.15
NPL,ccott,-0.9047
NPL,cteas,-0.15
NPL,cothr,-0.3263
NZL,cpoul,0.209900987
NZL,ceggs,0.151946203
NZL,cgdol,-0.22
NZL,cgdml,-0.22
NZL,crpol,-0.22
NZL,crpml,-0.22
NZL,csbol,-0.22
NZL,csbml,-0.22
NZL,csfol,-0.22
NZL,csfml,-0.22
NZL,cpkol,-0.22
NZL,cpkml,-0.22
NZL,ctool,-0.22
NZL,ctoml,-0.22
OAO,cmaiz,-0.09
OAO,crice,-0.32
OAO,cwhea,-0.03
OAO,cbean,-0.2797
OAO,cchkp,-0.2797
OAO,ccowp,-0.2797
OAO,clent,-0.2797
OAO,cpigp,-0.2797
OAO,copul,-0.2797
OAO,cbana,-0.15
OAO,cplnt,-0.15
OAO,csubf,-0.15
OAO,ctemf,-0.15
OAO,cvege,-0.15
OAO,csugr,-0.2
OAO,cgrnd,-0.2797
OAO,cgdnt,-0.2797
OAO,ccoco,-0.15
OAO,ccafe,-0.15
OAO,ccott,-0.7754
OAO,cteas,-0.15
OAO,cothr,-0.2797
OBN,cbeef,-0.05
OBN,cpork,-0.05
OBN,clamb,-0.01
OBN,cpoul,-0.18
OBN,ceggs,-0.41
OBN,cmilk,-0.26
OBN,cwhea,0.01
OBN,cgdol,-0.05
OBN,cgdml,-0.05
OBN,crpol,-0.05
OBN,crpml,-0.05
OBN,csbol,-0.05
OBN,csbml,-0.05
OBN,csfol,-0.05
OBN,csfml,-0.05
OBN,cplol,-0.05
OBN,cpkol,-0.05
OBN,cpkml,-0.05
OBN,ctool,-0.05
OBN,ctoml,-0.05
OIO,cmaiz,-0.09
OIO,crice,-0.32
OIO,cwhea,-0.03
OIO,cbean,-0.2797
OIO,cchkp,-0.2797
OIO,ccowp,-0.2797
OIO,clent,-0.2797
OIO,cpigp,-0.2797
OIO,copul,-0.2797
OIO,cbana,-0.15
OIO,cplnt,-0.15
OIO,csubf,-0.15
OIO,ctemf,-0.15
OIO,cvege,-0.15
OIO,csugr,-0.2
OIO,cgrnd,-0.2797
OIO,cgdnt,-0.2797
OIO,ccoco,-0.15
OIO,ccafe,-0.15
OIO,ccott,-0.7754
OIO,cteas,-0.15
OIO,cothr,-0.2797
OPO,cmaiz,-0.09
OPO,crice,-0.32
OPO,cwhea,-0.03
OPO,cbean,-0.2797
OPO,cchkp,-0.2797
OPO,ccowp,-0.2797
OPO,clent,-0.2797
OPO,cpigp,-0.2797
OPO,copul,-0.2797
OPO,cbana,-0.15
OPO,cplnt,-0.15
OPO,csubf,-0.15
OPO,ctemf,-0.15
OPO,cvege,-0.15
OPO,csugr,-0.2
OPO,cgrnd,-0.2797
OPO,cgdnt,-0.2797
OPO,ccoco,-0.15
OPO,ccafe,-0.15
OPO,ccott,-0.7754
OPO,cteas,-0.15
OPO,cothr,-0.2797
OSA,cbeef,-0.15
OSA,cpork,-0.16
OSA,cpoul,-0.16
OSA,cmilk,-0.08
OSA,cmaiz,-0.09
OSA,crice,-0.32
OSA,cwhea,-0.03
OSA,cbean,-0.3356
OSA,cchkp,-0.3356
OSA,ccowp,-0.3356
OSA,clent,-0.3356
OSA,cpigp,-0.3356
OSA,copul,-0.3356
OSA,cbana,-0.12
OSA,cplnt,-0.12
OSA,csubf,-0.12
OSA,ctemf,-0.12
OSA,cvege,-0.12
OSA,csugr,-0.45
OSA,cgrnd,-0.3356
OSA,cgdnt,-0.3356
OSA,cgdol,-0.34
OSA,cgdml,-0.34
OSA,crpol,-0.34
OSA,crpml,-0.34
OSA,csbol,-0.34
OSA,csbml,-0.34
OSA,csfol,-0.34
OSA,csfml,-0.34
OSA,cplol,-0.34
OSA,cpkol,-0.34
OSA,cpkml,-0.34
OSA,ctool,-0.34
OSA,ctoml,-0.34
OSA,ccoco,-0.12
OSA,ccafe,-0.12
OSA,ccott,-0.9305
OSA,cteas,-0.12
OSA,cothr,-0.3356
PAK,cbarl,-0.26
PAK,cmaiz,-0.28
PAK,cmill,-0.26
PAK,crice,-0.1
PAK,csorg,-0.26
PAK,cwhea,0.26
PAK,cocer,-0.26
PAK,cbean,-0.1864
PAK,cchkp,-0.1864
PAK,ccowp,-0.1864
PAK,clent,-0.1864
PAK,cpigp,-0.1864
PAK,copul,-0.1864
PAK,cbana,-0.1
PAK,cplnt,-0.1
PAK,csubf,-0.1
PAK,ctemf,-0.1
PAK,cvege,-0.1
PAK,csugr,-0.3
PAK,cgrnd,-0.1864
PAK,cgdnt,-0.1864
PAK,cgdol,-0.33
PAK,cgdml,-0.16
PAK,crpol,-0.33
PAK,crpml,-0.16
PAK,csbol,-0.33
PAK,csbml,-0.16
PAK,csfol,-0.33
PAK,csfml,-0.16
PAK,cplol,-0.33
PAK,cpkol,-0.33
PAK,cpkml,-0.16
PAK,ctool,-0.33
PAK,ctoml,-0.16
PAK,ccoco,-0.1
PAK,ccafe,-0.1
PAK,ccott,-0.5169
PAK,cteas,-0.1
PAK,cothr,-0.1864
PAN,cbeef,0.22
PAN,cpork,0.1
PAN,clamb,0.13
PAN,cpoul,0.1
PAN,cmilk,0.07
PAN,cmaiz,0.04
PAN,crice,-0.11
PAN,cwhea,0.45
PAN,cbean,-0.4661
PAN,cchkp,-0.4661
PAN,ccowp,-0.4661
PAN,clent,-0.4661
PAN,cpigp,-0.4661
PAN,copul,-0.4661
PAN,cbana,-0.25
PAN,cplnt,-0.25
PAN,csubf,-0.25
PAN,ctemf,-0.25
PAN,cvege,-0.25
PAN,csugr,-0.2
PAN,cgrnd,-0.4661
PAN,cgdnt,-0.4661
PAN,cgdol,-0.28
PAN,cgdml,-0.28
PAN,crpsd,-0.16
PAN,crpnt,-0.16
PAN,crpol,-0.28
PAN,crpml,-0.28
PAN,csoyb,-0.16
PAN,csbnt,-0.16
PAN,csbol,-0.28
PAN,csbml,-0.28
PAN,csnfl,-0.16
PAN,csfnt,-0.16
PAN,csfol,-0.28
PAN,csfml,-0.28
PAN,cpalm,-0.16
PAN,cplol,-0.28
PAN,cpkrl,-0.16
PAN,cpkol,-0.28
PAN,cpkml,-0.28
PAN,ctols,-0.16
PAN,ctont,-0.16
PAN,ctool,-0.28
PAN,ctoml,-0.28
PAN,ccoco,-0.25
PAN,ccafe,-0.25
PAN,ccott,-1.2924
PAN,cteas,-0.25
PAN,cothr,-0.4661
PER,cbeef,0.22
PER,cpork,0.1
PER,clamb,0.13
PER,cpoul,0.1
PER,cmilk,0.07
PER,cmaiz,0.04
PER,crice,-0.11
PER,cwhea,0.45
PER,cbean,-0.4661
PER,cchkp,-0.4661
PER,ccowp,-0.4661
PER,clent,-0.4661
PER,cpigp,-0.4661
PER,copul,-0.4661
PER,cbana,-0.25
PER,cplnt,-0.25
PER,csubf,-0.25
PER,ctemf,-0.25
PER,cvege,-0.25
PER,csugr,-0.2
PER,cgrnd,-0.4661
PER,cgdnt,-0.4661
PER,cgdol,-0.28
PER,cgdml,-0.28
PER,crpsd,-0.16
PER,crpnt,-0.16
PER,crpol,-0.28
PER,crpml,-0.28
PER,csoyb,-0.16
PER,csbnt,-0.16
PER,csbol,-0.28
PER,csbml,-0.28
PER,csnfl,-0.16
PER,csfnt,-0.16
PER,csfol,-0.28
PER,csfml,-0.28
PER,cpalm,-0.16
PER,cplol,-0.28
PER,cpkrl,-0.16
PER,cpkol,-0.28
PER,cpkml,-0.28
PER,ctols,-0.16
PER,ctont,-0.16
PER,ctool,-0.28
PER,ctoml,-0.28
PER,ccoco,-0.25
PER,ccafe,-0.25
PER,ccott,-1.2924
PER,cteas,-0.25
PER,cothr,-0.4661
PHL,cbeef,-0.25
PHL,cpork,-0.3
PHL,cpoul,-0.35
PHL,cbarl,-0.32
PHL,cmaiz,-0.6
PHL,cmill,-0.32
PHL,crice,-0.27
PHL,csorg,-0.32
PHL,cwhea,-0.47
PHL,cocer,-0.32
PHL,cbean,-0.3169
PHL,cchkp,-0.3169
PHL,ccowp,-0.3169
PHL,clent,-0.3169
PHL,cpigp,-0.3169
PHL,copul,-0.3169
PHL,cbana,-0.17
PHL,cplnt,-0.17
PHL,csubf,-0.17
PHL,ctemf,-0.17
PHL,cvege,-0.17
PHL,csugr,-0.55
PHL,cgrnd,-0.3169
PHL,cgdnt,-0.3169
PHL,cgdol,0.1
PHL,cgdml,0.1
PHL,crpsd,-0.48
PHL,crpnt,-0.48
PHL,crpol,0.1
PHL,crpml,0.1
PHL,csoyb,-0.48
PHL,csbnt,-0.48
PHL,csbol,0.1
PHL,csbml,0.1
PHL,csnfl,-0.48
PHL,csfnt,-0.48
PHL,csfol,0.1
PHL,csfml,0.1
PHL,cpalm,-0.48
PHL,cplol,0.1
PHL,cpkrl,-0.48
PHL,cpkol,0.1
PHL,cpkml,0.1
PHL,ctols,-0.48
PHL,ctont,-0.48
PHL,ctool,0.1
PHL,ctoml,0.1
PHL,ccoco,-0.17
PHL,ccafe,-0.17
PHL,ccott,-0.8788
PHL,cteas,-0.17
PHL,cothr,-0.3169
PNG,cmaiz,-0.09
PNG,crice,-0.32
PNG,cwhea,-0.03
PNG,cbean,-0.2797
PNG,cchkp,-0.2797
PNG,ccowp,-0.2797
PNG,clent,-0.2797
PNG,cpigp,-0.2797
PNG,copul,-0.2797
PNG,cbana,-0.15
PNG,cplnt,-0.15
PNG,csubf,-0.15
PNG,ctemf,-0.15
PNG,cvege,-0.15
PNG,csugr,-0.2
PNG,cgrnd,-0.2797
PNG,cgdnt,-0.2797
PNG,ccoco,-0.15
PNG,ccafe,-0.15
PNG,ccott,-0.7754
PNG,cteas,-0.15
PNG,cothr,-0.2797
POL,cbeef,0.131974056
POL,cpork,0.017106521
POL,clamb,0.141404438
POL,cpoul,0.400119788
POL,ceggs,0.00800476
POL,cpota,0.095875804
POL,ctemf,0.069863457
POL,cgdol,-0.05
POL,cgdml,-0.05
POL,crpol,-0.05
POL,crpml,-0.05
POL,csbol,-0.05
POL,csbml,-0.05
POL,csfol,-0.05
POL,csfml,-0.05
POL,cpkol,-0.05
POL,cpkml,-0.05
POL,ctool,-0.05
POL,ctoml,-0.05
PRK,cmilk,-0.64
PRK,cbarl,-0.3
PRK,cmaiz,-0.09
PRK,cmill,-0.3
PRK,crice,-0.32
PRK,csorg,-0.3
PRK,cwhea,-0.03
PRK,cocer,-0.3
PRK,cbean,-0.2797
PRK,cchkp,-0.2797
PRK,ccowp,-0.2797
PRK,clent,-0.2797
PRK,cpigp,-0.2797
PRK,copul,-0.2797
PRK,cbana,-0.15
PRK,cplnt,-0.15
PRK,csubf,-0.15
PRK,ctemf,-0.15
PRK,cvege,-0.15
PRK,csugr,-0.2
PRK,cgrnd,-0.2797
PRK,cgdnt,-0.2797
PRK,cgdol,-0.34
PRK,cgdml,-0.34
PRK,crpol,-0.34
PRK,crpml,-0.34
PRK,csbol,-0.34
PRK,csbml,-0.34
PRK,csfol,-0.34
PRK,csfml,-0.34
PRK,cplol,-0.34
PRK,cpkol,-0.34
PRK,cpkml,-0.34
PRK,ctool,-0.34
PRK,ctoml,-0.34
PRK,ccoco,-0.15
PRK,ccafe,-0.15
PRK,ccott,-0.7754
PRK,cteas,-0.15
PRK,cothr,-0.2797
PRT,cbeef,0.131974056
PRT,cpork,0.017106521
PRT,clamb,0.141404438
PRT,cpoul,0.400119788
PRT,ceggs,0.00800476
PRT,cmill,-0.03
PRT,cpota,0.095875804
PRT,ctemf,0.069863457
PRY,cbeef,0.22
PRY,cpork,0.1
PRY,clamb,0.13
PRY,cpoul,0.1
PRY,cmilk,0.07
PRY,cmaiz,0.04
PRY,crice,-0.11
PRY,cwhea,0.45
PRY,cbean,-0.4661
PRY,cchkp,-0.4661
PRY,ccowp,-0.4661
PRY,clent,-0.4661
PRY,cpigp,-0.4661
PRY,copul,-0.4661
PRY,cbana,-0.25
PRY,cplnt,-0.25
PRY,csubf,-0.25
PRY,ctemf,-0.25
PRY,cvege,-0.25
PRY,csugr,-0.2
PRY,cgrnd,-0.4661
PRY,cgdnt,-0.4661
PRY,cgdol,-0.28
PRY,cgdml,-0.28
PRY,crpsd,-0.16
PRY,crpnt,-0.16
PRY,crpol,-0.28
PRY,crpml,-0.28
PRY,csoyb,-0.16
PRY,csbnt,-0.16
PRY,csbol,-0.28
PRY,csbml,-0.28
PRY,csnfl,-0.16
PRY,csfnt,-0.16
PRY,csfol,-0.28
PRY,csfml,-0.28
PRY,cpalm,-0.16
PRY,cplol,-0.28
PRY,cpkrl,-0.16
PRY,cpkol,-0.28
PRY,cpkml,-0.28
PRY,ctols,-0.16
PRY,ctont,-0.16
PRY,ctool,-0.28
PRY,ctoml,-0.28
PRY,ccoco,-0.25
PRY,ccafe,-0.25
PRY,ccott,-1.2924
PRY,cteas,-0.25
PRY,cothr,-0.4661
PSE,cbeef,-0.43
PSE,cpork,-0.28
PSE,clamb,-0.28
PSE,cpoul,-0.1
PSE,ceggs,-0.1
PSE,cbarl,0.28
PSE,cmaiz,-0.28
PSE,cmill,0.28
PSE,crice,-0.41
PSE,csorg,0.28
PSE,cwhea,-0.1
PSE,cocer,0.28
PSE,cbean,-0.138
PSE,cchkp,-0.138
PSE,ccowp,-0.138
PSE,clent,-0.138
PSE,cpigp,-0.138
PSE,copul,-0.138
PSE,cbana,-0.21
PSE,cplnt,-0.21
PSE,csubf,-0.21
PSE,ctemf,-0.21
PSE,cvege,-0.21
PSE,csugr,-0.3
PSE,cgrnd,-0.138
PSE,cgdnt,-0.138
PSE,cgdol,-0.22
PSE,cgdml,-0.22
PSE,crpol,-0.22
PSE,crpml,-0.22
PSE,csbol,-0.22
PSE,csbml,-0.22
PSE,csfol,-0.22
PSE,csfml,-0.22
PSE,cplol,-0.22
PSE,cpkol,-0.22
PSE,cpkml,-0.22
PSE,ctool,-0.22
PSE,ctoml,-0.22
PSE,ccoco,-0.21
PSE,ccafe,-0.21
PSE,ccott,-0.3825
PSE,cteas,-0.21
PSE,cothr,-0.138
RAP,cbeef,-0.35
RAP,cpork,-0.62
RAP,clamb,-0.35
RAP,cpoul,-0.62
RAP,ceggs,-0.1
RAP,cmilk,-0.57
RAP,cbarl,-0.07
RAP,cmaiz,-0.14
RAP,cmill,-0.07
RAP,crice,-0.07
RAP,csorg,-0.07
RAP,cwhea,-0.06
RAP,cocer,-0.07
RAP,cbean,-0.1864
RAP,cchkp,-0.1864
RAP,ccowp,-0.1864
RAP,clent,-0.1864
RAP,cpigp,-0.1864
RAP,copul,-0.1864
RAP,cbana,-0.1
RAP,cplnt,-0.1
RAP,csubf,-0.1
RAP,ctemf,-0.1
RAP,cvege,-0.1
RAP,csugr,-0.2
RAP,cgrnd,-0.1864
RAP,cgdnt,-0.1864
RAP,cgdol,-0.18
RAP,cgdml,-0.18
RAP,crpol,-0.18
RAP,crpml,-0.18
RAP,csbol,-0.18
RAP,csbml,-0.18
RAP,csfol,-0.18
RAP,csfml,-0.18
RAP,cplol,-0.18
RAP,cpkol,-0.18
RAP,cpkml,-0.18
RAP,ctool,-0.18
RAP,ctoml,-0.18
RAP,ccoco,-0.1
RAP,ccafe,-0.1
RAP,ccott,-0.5169
RAP,cteas,-0.1
RAP,cothr,-0.1864
ROU,cbeef,0.131974056
ROU,cpork,0.017106521
ROU,clamb,0.141404438
ROU,cpoul,0.400119788
ROU,ceggs,0.00800476
ROU,cpota,0.095875804
ROU,ctemf,0.069863457
ROU,cgdol,-0.05
ROU,cgdml,-0.05
ROU,crpol,-0.05
ROU,crpml,-0.05
ROU,csbol,-0.05
ROU,csbml,-0.05
ROU,csfol,-0.05
ROU,csfml,-0.05
ROU,cpkol,-0.05
ROU,cpkml,-0.05
ROU,ctool,-0.05
ROU,ctoml,-0.05
RUS,cbeef,0.362947242
RUS,cpork,0.9999
RUS,cpoul,0.260168448
RUS,cmilk,0.211397637
RUS,cbarl,-0.124472242
RUS,cmaiz,-0.320047222
RUS,cwhea,-0.108159963
RUS,cocer,-0.171541802
RUS,csugc,0.062988435
RUS,csugb,0.062988435
RUS,csugr,0.062988435
RUS,cgdol,-0.07
RUS,cgdml,-0.07
RUS,crpol,-0.07
RUS,crpml,-0.07
RUS,csbol,-0.07
RUS,csbml,-0.07
RUS,csnfl,-0.08022114
RUS,csfnt,-0.08022114
RUS,csfol,-0.07
RUS,csfml,-0.07
RUS,cpkol,-0.07
RUS,cpkml,-0.07
RUS,ctool,-0.07
RUS,ctoml,-0.07
RWA,cbeef,-0.5
RWA,cpork,-0.3
RWA,clamb,0.5
RWA,cpoul,-0.3
RWA,ceggs,-0.1
RWA,cmilk,-0.15
RWA,cbarl,-0.18
RWA,cmaiz,-0.18
RWA,cmill,-0.18
RWA,crice,-0.3
RWA,csorg,-0.18
RWA,cwhea,0.05
RWA,cocer,-0.18
RWA,cbean,-0.138
RWA,cchkp,-0.138
RWA,ccowp,-0.138
RWA,clent,-0.138
RWA,cpigp,-0.138
RWA,copul,-0.138
RWA,cbana,-0.21
RWA,cplnt,-0.21
RWA,csubf,-0.21
RWA,ctemf,-0.21
RWA,cvege,-0.21
RWA,csugr,-0.3
RWA,cgrnd,-0.138
RWA,cgdnt,-0.138
RWA,cgdol,-0.22
RWA,cgdml,-0.22
RWA,crpol,-0.22
RWA,crpml,-0.22
RWA,csbol,-0.22
RWA,csbml,-0.22
RWA,csfol,-0.22
RWA,csfml,-0.22
RWA,cplol,-0.22
RWA,cpkol,-0.22
RWA,cpkml,-0.22
RWA,ctool,-0.22
RWA,ctoml,-0.22
RWA,ccoco,-0.21
RWA,ccafe,-0.21
RWA,ccott,-0.3825
RWA,cteas,-0.21
RWA,cothr,-0.138
SAU,cbeef,-0.35
SAU,cpork,-0.62
SAU,clamb,-0.35
SAU,cpoul,-0.62
SAU,ceggs,-0.1
SAU,cmilk,-0.57
SAU,cbarl,-0.07
SAU,cmaiz,-0.14
SAU,cmill,-0.07
SAU,crice,-0.07
SAU,csorg,-0.07
SAU,cwhea,-0.06
SAU,cocer,-0.07
SAU,cbean,-0.1864
SAU,cchkp,-0.1864
SAU,ccowp,-0.1864
SAU,clent,-0.1864
SAU,cpigp,-0.1864
SAU,copul,-0.1864
SAU,cbana,-0.1
SAU,cplnt,-0.1
SAU,csubf,-0.1
SAU,ctemf,-0.1
SAU,cvege,-0.1
SAU,csugr,-0.2
SAU,cgrnd,-0.1864
SAU,cgdnt,-0.1864
SAU,cgdol,-0.18
SAU,cgdml,-0.18
SAU,crpol,-0.18
SAU,crpml,-0.18
SAU,csbol,-0.18
SAU,csbml,-0.18
SAU,csfol,-0.18
SAU,csfml,-0.18
SAU,cplol,-0.18
SAU,cpkol,-0.18
SAU,cpkml,-0.18
SAU,ctool,-0.18
SAU,ctoml,-0.18
SAU,ccoco,-0.1
SAU,ccafe,-0.1
SAU,ccott,-0.5169
SAU,cteas,-0.1
SAU,cothr,-0.1864
SDN,cbeef,-0.28
SDN,cpork,-0.08
SDN,clamb,-0.16
SDN,cpoul,-0.08
SDN,cbarl,0.25
SDN,cmaiz,-0.25
SDN,cmill,0.25
SDN,crice,0.42
SDN,csorg,0.25
SDN,cwhea,0.2
SDN,cocer,0.25
SDN,cbean,-0.1529
SDN,cchkp,-0.1529
SDN,ccowp,-0.1529
SDN,clent,-0.1529
SDN,cpigp,-0.1529
SDN,copul,-0.1529
SDN,cbana,-0.23
SDN,cplnt,-0.23
SDN,csubf,-0.23
SDN,ctemf,-0.23
SDN,cvege,-0.23
SDN,csugr,-0.3
SDN,cgrnd,-0.1529
SDN,cgdnt,-0.1529
SDN,cgdol,-0.07
SDN,cgdml,-0.07
SDN,crpol,-0.07
SDN,crpml,-0.07
SDN,csbol,-0.07
SDN,csbml,-0.07
SDN,csfol,-0.07
SDN,csfml,-0.07
SDN,cplol,-0.07
SDN,cpkol,-0.07
SDN,cpkml,-0.07
SDN,ctool,-0.07
SDN,ctoml,-0.07
SDN,ccoco,-0.23
SDN,ccafe,-0.23
SDN,ccott,-0.4239
SDN,cteas,-0.23
SDN,cothr,-0.1529
SEN,cbeef,-0.43
SEN,cpork,-0.28
SEN,clamb,-0.28
SEN,cpoul,-0.1
SEN,ceggs,-0.1
SEN,cbarl,0.28
SEN,cmaiz,-0.28
SEN,cmill,0.28
SEN,crice,-0.41
SEN,csorg,0.28
SEN,cwhea,-0.1
SEN,cocer,0.28
SEN,cbean,-0.138
SEN,cchkp,-0.138
SEN,ccowp,-0.138
SEN,clent,-0.138
SEN,cpigp,-0.138
SEN,copul,-0.138
SEN,cbana,-0.21
SEN,cplnt,-0.21
SEN,csubf,-0.21
SEN,ctemf,-0.21
SEN,cvege,-0.21
SEN,csugr,-0.3
SEN,cgrnd,-0.138
SEN,cgdnt,-0.138
SEN,cgdol,-0.22
SEN,cgdml,-0.22
SEN,crpol,-0.22
SEN,crpml,-0.22
SEN,csbol,-0.22
SEN,csbml,-0.22
SEN,csfol,-0.22
SEN,csfml,-0.22
SEN,cplol,-0.22
SEN,cpkol,-0.22
SEN,cpkml,-0.22
SEN,ctool,-0.22
SEN,ctoml,-0.22
SEN,ccoco,-0.21
SEN,ccafe,-0.21
SEN,ccott,-0.3825
SEN,cteas,-0.21
SEN,cothr,-0.138
SLB,cmaiz,-0.09
SLB,crice,-0.32
SLB,cwhea,-0.03
SLB,cbean,-0.2797
SLB,cchkp,-0.2797
SLB,ccowp,-0.2797
SLB,clent,-0.2797
SLB,cpigp,-0.2797
SLB,copul,-0.2797
SLB,cbana,-0.15
SLB,cplnt,-0.15
SLB,csubf,-0.15
SLB,ctemf,-0.15
SLB,cvege,-0.15
SLB,csugr,-0.2
SLB,cgrnd,-0.2797
SLB,cgdnt,-0.2797
SLB,ccoco,-0.15
SLB,ccafe,-0.15
SLB,ccott,-0.7754
SLB,cteas,-0.15
SLB,cothr,-0.2797
SLE,cbeef,-0.43
SLE,cpork,-0.28
SLE,clamb,-0.28
SLE,cpoul,-0.1
SLE,ceggs,-0.1
SLE,cbarl,0.28
SLE,cmaiz,-0.28
SLE,cmill,0.28
SLE,crice,-0.41
SLE,csorg,0.28
SLE,cwhea,-0.1
SLE,cocer,0.28
SLE,cbean,-0.138
SLE,cchkp,-0.138
SLE,ccowp,-0.138
SLE,clent,-0.138
SLE,cpigp,-0.138
SLE,copul,-0.138
SLE,cbana,-0.21
SLE,cplnt,-0.21
SLE,csubf,-0.21
SLE,ctemf,-0.21
SLE,cvege,-0.21
SLE,csugr,-0.3
SLE,cgrnd,-0.138
SLE,cgdnt,-0.138
SLE,cgdol,-0.22
SLE,cgdml,-0.22
SLE,crpol,-0.22
SLE,crpml,-0.22
SLE,csbol,-0.22
SLE,csbml,-0.22
SLE,csfol,-0.22
SLE,csfml,-0.22
SLE,cplol,-0.22
SLE,cpkol,-0.22
SLE,cpkml,-0.22
SLE,ctool,-0.22
SLE,ctoml,-0.22
SLE,ccoco,-0.21
SLE,ccafe,-0.21
SLE,ccott,-0.3825
SLE,cteas,-0.21
SLE,cothr,-0.138
SLV,cbeef,0.22
SLV,cpork,0.1
SLV,clamb,0.13
SLV,cpoul,0.1
SLV,cmilk,0.07
SLV,cmaiz,0.04
SLV,crice,-0.11
SLV,cwhea,0.45
SLV,cbean,-0.4661
SLV,cchkp,-0.4661
SLV,ccowp,-0.4661
SLV,clent,-0.4661
SLV,cpigp,-0.4661
SLV,copul,-0.4661
SLV,cbana,-0.25
SLV,cplnt,-0.25
SLV,csubf,-0.25
SLV,ctemf,-0.25
SLV,cvege,-0.25
SLV,csugr,-0.2
SLV,cgrnd,-0.4661
SLV,cgdnt,-0.4661
SLV,cgdol,-0.28
SLV,cgdml,-0.28
SLV,crpsd,-0.16
SLV,crpnt,-0.16
SLV,crpol,-0.28
SLV,crpml,-0.28
SLV,csoyb,-0.16
SLV,csbnt,-0.16
SLV,csbol,-0.28
SLV,csbml,-0.28
SLV,csnfl,-0.16
SLV,csfnt,-0.16
SLV,csfol,-0.28
SLV,csfml,-0.28
SLV,cpalm,-0.16
SLV,cplol,-0.28
SLV,cpkrl,-0.16
SLV,cpkol,-0.28
SLV,cpkml,-0.28
SLV,ctols,-0.16
SLV,ctont,-0.16
SLV,ctool,-0.28
SLV,ctoml,-0.28
SLV,ccoco,-0.25
SLV,ccafe,-0.25
SLV,ccott,-1.2924
SLV,cteas,-0.25
SLV,cothr,-0.4661
SOM,cbeef,-0.28
SOM,cpork,-0.08
SOM,clamb,-0.16
SOM,cpoul,-0.08
SOM,cbarl,0.25
SOM,cmaiz,-0.25
SOM,cmill,0.25
SOM,crice,0.42
SOM,csorg,0.25
SOM,cwhea,0.2
SOM,cocer,0.25
SOM,cbean,-0.1529
SOM,cchkp,-0.1529
SOM,ccowp,-0.1529
SOM,clent,-0.1529
SOM,cpigp,-0.1529
SOM,copul,-0.1529
SOM,cbana,-0.23
SOM,cplnt,-0.23
SOM,csubf,-0.23
SOM,ctemf,-0.23
SOM,cvege,-0.23
SOM,csugr,-0.3
SOM,cgrnd,-0.1529
SOM,cgdnt,-0.1529
SOM,cgdol,-0.07
SOM,cgdml,-0.07
SOM,crpol,-0.07
SOM,crpml,-0.07
SOM,csbol,-0.07
SOM,csbml,-0.07
SOM,csfol,-0.07
SOM,csfml,-0.07
SOM,cplol,-0.07
SOM,cpkol,-0.07
SOM,cpkml,-0.07
SOM,ctool,-0.07
SOM,ctoml,-0.07
SOM,ccoco,-0.23
SOM,ccafe,-0.23
SOM,ccott,-0.4239
SOM,cteas,-0.23
SOM,cothr,-0.1529
SPP,cbeef,0.131974056
SPP,cpork,0.017106521
SPP,clamb,0.141404438
SPP,cpoul,0.400119788
SPP,ceggs,0.00800476
SPP,cmill,-0.03
SPP,cpota,0.095875804
SPP,ctemf,0.069863457
SVK,cbeef,0.131974056
SVK,cpork,0.017106521
SVK,clamb,0.141404438
SVK,cpoul,0.400119788
SVK,ceggs,0.00800476
SVK,cpota,0.095875804
SVK,ctemf,0.069863457
SVK,cgdol,-0.05
SVK,cgdml,-0.05
SVK,crpol,-0.05
SVK,crpml,-0.05
SVK,csbol,-0.05
SVK,csbml,-0.05
SVK,csfol,-0.05
SVK,csfml,-0.05
SVK,cpkol,-0.05
SVK,cpkml,-0.05
SVK,ctool,-0.05
SVK,ctoml,-0.05
SVN,cbeef,0.131974056
SVN,cpork,0.017106521
SVN,clamb,0.141404438
SVN,cpoul,0.400119788
SVN,ceggs,0.00800476
SVN,cpota,0.095875804
SVN,ctemf,0.069863457
SVN,cgdol,-0.05
SVN,cgdml,-0.05
SVN,crpol,-0.05
SVN,crpml,-0.05
SVN,csbol,-0.05
SVN,csbml,-0.05
SVN,csfol,-0.05
SVN,csfml,-0.05
SVN,cpkol,-0.05
SVN,cpkml,-0.05
SVN,ctool,-0.05
SVN,ctoml,-0.05
SWE,cbeef,0.131974056
SWE,cpork,0.017106521
SWE,clamb,0.141404438
SWE,cpoul,0.400119788
SWE,ceggs,0.00800476
SWE,cmill,-0.03
SWE,cpota,0.095875804
SWE,ctemf,0.069863457
SWZ,cbeef,-0.24
SWZ,ceggs,-0.09
SWZ,cmilk,-0.09
SWZ,cbarl,0.2
SWZ,cmaiz,-0.2
SWZ,cmill,0.2
SWZ,crice,-0.12
SWZ,csorg,0.2
SWZ,cwhea,0.15
SWZ,cocer,0.2
SWZ,cbean,-0.082
SWZ,cchkp,-0.082
SWZ,ccowp,-0.082
SWZ,clent,-0.082
SWZ,cpigp,-0.082
SWZ,copul,-0.082
SWZ,cbana,-0.12
SWZ,cplnt,-0.12
SWZ,csubf,-0.12
SWZ,ctemf,-0.12
SWZ,cvege,-0.12
SWZ,csugr,-0.3
SWZ,cgrnd,-0.082
SWZ,cgdnt,-0.082
SWZ,cgdol,-0.22
SWZ,cgdml,-0.22
SWZ,crpol,-0.22
SWZ,crpml,-0.22
SWZ,csbol,-0.22
SWZ,csbml,-0.22
SWZ,csfol,-0.22
SWZ,csfml,-0.22
SWZ,cplol,-0.22
SWZ,cpkol,-0.22
SWZ,cpkml,-0.22
SWZ,ctool,-0.22
SWZ,ctoml,-0.22
SWZ,ccoco,-0.12
SWZ,ccafe,-0.12
SWZ,ccott,-0.2275
SWZ,cteas,-0.12
SWZ,cothr,-0.082
SYR,cbeef,-0.35
SYR,cpork,-0.62
SYR,clamb,-0.35
SYR,cpoul,-0.62
SYR,ceggs,-0.1
SYR,cmilk,-0.57
SYR,cbarl,-0.07
SYR,cmaiz,-0.14
SYR,cmill,-0.07
SYR,crice,-0.07
SYR,csorg,-0.07
SYR,cwhea,-0.06
SYR,cocer,-0.07
SYR,cbean,-0.1864
SYR,cchkp,-0.1864
SYR,ccowp,-0.1864
SYR,clent,-0.1864
SYR,cpigp,-0.1864
SYR,copul,-0.1864
SYR,cbana,-0.1
SYR,cplnt,-0.1
SYR,csubf,-0.1
SYR,ctemf,-0.1
SYR,cvege,-0.1
SYR,csugr,-0.2
SYR,cgrnd,-0.1864
SYR,cgdnt,-0.1864
SYR,cgdol,-0.18
SYR,cgdml,-0.18
SYR,crpol,-0.18
SYR,crpml,-0.18
SYR,csbol,-0.18
SYR,csbml,-0.18
SYR,csfol,-0.18
SYR,csfml,-0.18
SYR,cplol,-0.18
SYR,cpkol,-0.18
SYR,cpkml,-0.18
SYR,ctool,-0.18
SYR,ctoml,-0.18
SYR,ccoco,-0.1
SYR,ccafe,-0.1
SYR,ccott,-0.5169
SYR,cteas,-0.1
SYR,cothr,-0.1864
TCD,cbeef,-0.28
TCD,cpork,-0.08
TCD,clamb,-0.16
TCD,cpoul,-0.08
TCD,cbarl,0.25
TCD,cmaiz,-0.25
TCD,cmill,0.25
TCD,crice,0.42
TCD,csorg,0.25
TCD,cwhea,0.2
TCD,cocer,0.25
TCD,cbean,-0.1529
TCD,cchkp,-0.1529
TCD,ccowp,-0.1529
TCD,clent,-0.1529
TCD,cpigp,-0.1529
TCD,copul,-0.1529
TCD,cbana,-0.23
TCD,cplnt,-0.23
TCD,csubf,-0.23
TCD,ctemf,-0.23
TCD,cvege,-0.23
TCD,csugr,-0.3
TCD,cgrnd,-0.1529
TCD,cgdnt,-0.1529
TCD,cgdol,-0.07
TCD,cgdml,-0.07
TCD,crpol,-0.07
TCD,crpml,-0.07
TCD,csbol,-0.07
TCD,csbml,-0.07
TCD,csfol,-0.07
TCD,csfml,-0.07
TCD,cplol,-0.07
TCD,cpkol,-0.07
TCD,cpkml,-0.07
TCD,ctool,-0.07
TCD,ctoml,-0.07
TCD,ccoco,-0.23
TCD,ccafe,-0.23
TCD,ccott,-0.4239
TCD,cteas,-0.23
TCD,cothr,-0.1529
TGO,cbeef,-0.43
TGO,cpork,-0.28
TGO,clamb,-0.28
TGO,cpoul,-0.1
TGO,ceggs,-0.1
TGO,cbarl,0.28
TGO,cmaiz,-0.28
TGO,cmill,0.28
TGO,crice,-0.41
TGO,csorg,0.28
TGO,cwhea,-0.1
TGO,cocer,0.28
TGO,cbean,-0.138
TGO,cchkp,-0.138
TGO,ccowp,-0.138
TGO,clent,-0.138
TGO,cpigp,-0.138
TGO,copul,-0.138
TGO,cbana,-0.21
TGO,cplnt,-0.21
TGO,csubf,-0.21
TGO,ctemf,-0.21
TGO,cvege,-0.21
TGO,csugr,-0.3
TGO,cgrnd,-0.138
TGO,cgdnt,-0.138
TGO,cgdol,-0.22
TGO,cgdml,-0.22
TGO,crpol,-0.22
TGO,crpml,-0.22
TGO,csbol,-0.22
TGO,csbml,-0.22
TGO,csfol,-0.22
TGO,csfml,-0.22
TGO,cplol,-0.22
TGO,cpkol,-0.22
TGO,cpkml,-0.22
TGO,ctool,-0.22
TGO,ctoml,-0.22
TGO,ccoco,-0.21
TGO,ccafe,-0.21
TGO,ccott,-0.3825
TGO,cteas,-0.21
TGO,cothr,-0.138
THA,cbeef,-0.13
THA,cpork,-0.13
THA,cpoul,-0.13
THA,cmaiz,-0.2
THA,crice,0.05
THA,cwhea,-0.6
THA,cbean,-0.2685
THA,cchkp,-0.2685
THA,ccowp,-0.2685
THA,clent,-0.2685
THA,cpigp,-0.2685
THA,copul,-0.2685
THA,cbana,-0.18
THA,cplnt,-0.18
THA,csubf,-0.18
THA,ctemf,-0.18
THA,cvege,-0.18
THA,csugr,-0.19
THA,cgrnd,-0.2685
THA,cgdnt,-0.2685
THA,cgdol,-0.29
THA,cgdml,-0.1
THA,crpsd,-0.48
THA,crpnt,-0.48
THA,crpol,-0.29
THA,crpml,-0.1
THA,csoyb,-0.48
THA,csbnt,-0.48
THA,csbol,-0.29
THA,csbml,-0.1
THA,csnfl,-0.48
THA,csfnt,-0.48
THA,csfol,-0.29
THA,csfml,-0.1
THA,cpalm,-0.48
THA,cplol,-0.29
THA,cpkrl,-0.48
THA,cpkol,-0.29
THA,cpkml,-0.1
THA,ctols,-0.48
THA,ctont,-0.48
THA,ctool,-0.29
THA,ctoml,-0.1
THA,ccoco,-0.18
THA,ccafe,-0.18
THA,ccott,-0.7444
THA,cteas,-0.18
THA,cothr,-0.2685
TJK,cbeef,-0.39
TJK,cpork,-0.43
TJK,clamb,-0.37
TJK,cpoul,-0.46
TJK,ceggs,-0.22
TJK,cmilk,-0.36
TJK,crice,-0.2
TJK,cwhea,0.15
TJK,cgdol,-0.07
TJK,cgdml,-0.07
TJK,crpol,-0.07
TJK,crpml,-0.07
TJK,csbol,-0.07
TJK,csbml,-0.07
TJK,csfol,-0.07
TJK,csfml,-0.07
TJK,cplol,-0.07
TJK,cpkol,-0.07
TJK,cpkml,-0.07
TJK,ctool,-0.07
TJK,ctoml,-0.07
TKM,cbeef,-0.39
TKM,cpork,-0.43
TKM,clamb,-0.37
TKM,cpoul,-0.46
TKM,ceggs,-0.22
TKM,cmilk,-0.36
TKM,crice,-0.2
TKM,cwhea,0.15
TKM,cgdol,-0.07
TKM,cgdml,-0.07
TKM,crpol,-0.07
TKM,crpml,-0.07
TKM,csbol,-0.07
TKM,csbml,-0.07
TKM,csfol,-0.07
TKM,csfml,-0.07
TKM,cplol,-0.07
TKM,cpkol,-0.07
TKM,cpkml,-0.07
TKM,ctool,-0.07
TKM,ctoml,-0.07
TLS,cmaiz,-0.09
TLS,crice,-0.32
TLS,cwhea,-0.03
TLS,cbean,-0.2797
TLS,cchkp,-0.2797
TLS,ccowp,-0.2797
TLS,clent,-0.2797
TLS,cpigp,-0.2797
TLS,copul,-0.2797
TLS,cbana,-0.15
TLS,cplnt,-0.15
TLS,csubf,-0.15
TLS,ctemf,-0.15
TLS,cvege,-0.15
TLS,csugr,-0.2
TLS,cgrnd,-0.2797
TLS,cgdnt,-0.2797
TLS,ccoco,-0.15
TLS,ccafe,-0.15
TLS,ccott,-0.7754
TLS,cteas,-0.15
TLS,cothr,-0.2797
TUN,cbeef,-0.35
TUN,cpork,-0.62
TUN,clamb,-0.35
TUN,cpoul,-0.62
TUN,ceggs,-0.1
TUN,cmilk,-0.57
TUN,cbarl,-0.07
TUN,cmaiz,-0.14
TUN,cmill,-0.07
TUN,crice,-0.07
TUN,csorg,-0.07
TUN,cwhea,-0.06
TUN,cocer,-0.07
TUN,cbean,-0.1864
TUN,cchkp,-0.1864
TUN,ccowp,-0.1864
TUN,clent,-0.1864
TUN,cpigp,-0.1864
TUN,copul,-0.1864
TUN,cbana,-0.1
TUN,cplnt,-0.1
TUN,csubf,-0.1
TUN,ctemf,-0.1
TUN,cvege,-0.1
TUN,csugr,-0.2
TUN,cgrnd,-0.1864
TUN,cgdnt,-0.1864
TUN,cgdol,-0.18
TUN,cgdml,-0.18
TUN,crpol,-0.18
TUN,crpml,-0.18
TUN,csbol,-0.18
TUN,csbml,-0.18
TUN,csfol,-0.18
TUN,csfml,-0.18
TUN,cplol,-0.18
TUN,cpkol,-0.18
TUN,cpkml,-0.18
TUN,ctool,-0.18
TUN,ctoml,-0.18
TUN,ccoco,-0.1
TUN,ccafe,-0.1
TUN,ccott,-0.5169
TUN,cteas,-0.1
TUN,cothr,-0.1864
TUR,cbeef,0.9999
TUR,clamb,0.526154319
TUR,ceggs,0.589519598
TUR,cmilk,0.461216753
TUR,cbarl,0.507327266
TUR,cmaiz,0.370334561
TUR,cmill,0.1
TUR,cwhea,0.408827095
TUR,cpota,0.9999
TUR,cchkp,-0.201
TUR,cpigp,-0.201
TUR,copul,-0.201
TUR,ctemf,0.164693765
TUR,csugc,0.100755982
TUR,csugb,0.100755982
TUR,csugr,0.100755982
TUR,cgdol,-0.42
TUR,cgdml,-0.21
TUR,crpol,-0.42
TUR,crpml,-0.21
TUR,csbol,-0.42
TUR,csbml,-0.21
TUR,csnfl,0.030976078
TUR,csfnt,0.030976078
TUR,csfol,-0.42
TUR,csfml,-0.21
TUR,cpkol,-0.42
TUR,cpkml,-0.21
TUR,ctool,-0.42
TUR,ctoml,-0.21
TUR,cteas,-0.08
TUR,cothr,-0.201
TZA,cbeef,-0.5
TZA,cpork,-0.3
TZA,clamb,0.5
TZA,cpoul,-0.3
TZA,ceggs,-0.1
TZA,cmilk,-0.15
TZA,cbarl,-0.18
TZA,cmaiz,-0.18
TZA,cmill,-0.18
TZA,crice,-0.3
TZA,csorg,-0.18
TZA,cwhea,0.05
TZA,cocer,-0.18
TZA,cbean,-0.138
TZA,cchkp,-0.138
TZA,ccowp,-0.138
TZA,clent,-0.138
TZA,cpigp,-0.138
TZA,copul,-0.138
TZA,cbana,-0.21
TZA,cplnt,-0.21
TZA,csubf,-0.21
TZA,ctemf,-0.21
TZA,cvege,-0.21
TZA,csugr,-0.3
TZA,cgrnd,-0.138
TZA,cgdnt,-0.138
TZA,cgdol,-0.22
TZA,cgdml,-0.22
TZA,crpol,-0.22
TZA,crpml,-0.22
TZA,csbol,-0.22
TZA,csbml,-0.22
TZA,csfol,-0.22
TZA,csfml,-0.22
TZA,cplol,-0.22
TZA,cpkol,-0.22
TZA,cpkml,-0.22
TZA,ctool,-0.22
TZA,ctoml,-0.22
TZA,ccoco,-0.21
TZA,ccafe,-0.21
TZA,ccott,-0.3825
TZA,cteas,-0.21
TZA,cothr,-0.138
UGA,cbeef,-0.5
UGA,cpork,-0.3
UGA,clamb,0.5
UGA,cpoul,-0.3
UGA,ceggs,-0.1
UGA,cmilk,-0.15
UGA,cbarl,-0.18
UGA,cmaiz,-0.18
UGA,cmill,-0.18
UGA,crice,-0.3
UGA,csorg,-0.18
UGA,cwhea,0.05
UGA,cocer,-0.18
UGA,cbean,-0.138
UGA,cchkp,-0.138
UGA,ccowp,-0.138
UGA,clent,-0.138
UGA,cpigp,-0.138
UGA,copul,-0.138
UGA,cbana,-0.21
UGA,cplnt,-0.21
UGA,csubf,-0.21
UGA,ctemf,-0.21
UGA,cvege,-0.21
UGA,csugr,-0.3
UGA,cgrnd,-0.138
UGA,cgdnt,-0.138
UGA,cgdol,-0.22
UGA,cgdml,-0.22
UGA,crpol,-0.22
UGA,crpml,-0.22
UGA,csbol,-0.22
UGA,csbml,-0.22
UGA,csfol,-0.22
UGA,csfml,-0.22
UGA,cplol,-0.22
UGA,cpkol,-0.22
UGA,cpkml,-0.22
UGA,ctool,-0.22
UGA,ctoml,-0.22
UGA,ccoco,-0.21
UGA,ccafe,-0.21
UGA,ccott,-0.3825
UGA,cteas,-0.21
UGA,cothr,-0.138
UKP,cbeef,0.131974056
UKP,cpork,0.017106521
UKP,clamb,0.141404438
UKP,cpoul,0.400119788
UKP,ceggs,0.00800476
UKP,cmill,-0.03
UKP,cpota,0.095875804
UKP,ctemf,0.069863457
UKR,cpork,0.112481733
UKR,cpoul,0.528813358
UKR,ceggs,0.054952466
UKR,cmilk,-0.070324758
UKR,cbarl,-0.049526828
UKR,cmaiz,-0.067300901
UKR,cwhea,-0.076933364
UKR,cocer,0.00085316
UKR,csugc,0.435554214
UKR,csugb,0.435554214
UKR,csugr,0.435554214
UKR,cgdol,-0.07
UKR,cgdml,-0.07
UKR,crpol,-0.07
UKR,crpml,-0.07
UKR,csbol,-0.07
UKR,csbml,-0.07
UKR,csnfl,-0.091601478
UKR,csfnt,-0.091601478
UKR,csfol,-0.07
UKR,csfml,-0.07
UKR,cpkol,-0.07
UKR,cpkml,-0.07
UKR,ctool,-0.07
UKR,ctoml,-0.07
URY,cbeef,0.22
URY,cpork,0.1
URY,clamb,0.13
URY,cpoul,0.1
URY,cmilk,0.07
URY,cmaiz,0.04
URY,crice,-0.11
URY,cwhea,0.45
URY,cbean,-0.4661
URY,cchkp,-0.4661
URY,ccowp,-0.4661
URY,clent,-0.4661
URY,cpigp,-0.4661
URY,copul,-0.4661
URY,cbana,-0.25
URY,cplnt,-0.25
URY,csubf,-0.25
URY,ctemf,-0.25
URY,cvege,-0.25
URY,csugr,-0.2
URY,cgrnd,-0.4661
URY,cgdnt,-0.4661
URY,cgdol,-0.28
URY,cgdml,-0.28
URY,crpsd,-0.16
URY,crpnt,-0.16
URY,crpol,-0.28
URY,crpml,-0.28
URY,csoyb,-0.16
URY,csbnt,-0.16
URY,csbol,-0.28
URY,csbml,-0.28
URY,csnfl,-0.16
URY,csfnt,-0.16
URY,csfol,-0.28
URY,csfml,-0.28
URY,cpalm,-0.16
URY,cplol,-0.28
URY,cpkrl,-0.16
URY,cpkol,-0.28
URY,cpkml,-0.28
URY,ctols,-0.16
URY,ctont,-0.16
URY,ctool,-0.28
URY,ctoml,-0.28
URY,ccoco,-0.25
URY,ccafe,-0.25
URY,ccott,-1.2924
URY,cteas,-0.25
URY,cothr,-0.4661
USA,clamb,0.098901099
USA,cmilk,0.047404279
USA,cmill,0.14
USA,csugc,0.872546407
USA,csugb,0.872546407
USA,csugr,0.872546407
USA,cgdol,0.03
USA,cgdml,0.03
USA,crpol,0.03
USA,crpml,0.03
USA,csbol,0.03
USA,csbml,0.03
USA,csfol,0.03
USA,csfml,0.03
USA,cpalm,0.03
USA,cpkrl,0.03
USA,cpkol,0.03
USA,cpkml,0.03
USA,ctool,0.03
USA,ctoml,0.03
UZB,cbeef,-0.39
UZB,cpork,-0.43
UZB,clamb,-0.37
UZB,cpoul,-0.46
UZB,ceggs,-0.22
UZB,cmilk,-0.36
UZB,crice,-0.2
UZB,cwhea,0.15
UZB,cgdol,-0.07
UZB,cgdml,-0.07
UZB,crpol,-0.07
UZB,crpml,-0.07
UZB,csbol,-0.07
UZB,csbml,-0.07
UZB,csfol,-0.07
UZB,csfml,-0.07
UZB,cplol,-0.07
UZB,cpkol,-0.07
UZB,cpkml,-0.07
UZB,ctool,-0.07
UZB,ctoml,-0.07
VEN,cbeef,0.22
VEN,cpork,0.1
VEN,clamb,0.13
VEN,cpoul,0.1
VEN,cmilk,0.07
VEN,cmaiz,0.04
VEN,crice,-0.11
VEN,cwhea,0.45
VEN,cbean,-0.4661
VEN,cchkp,-0.4661
VEN,ccowp,-0.4661
VEN,clent,-0.4661
VEN,cpigp,-0.4661
VEN,copul,-0.4661
VEN,cbana,-0.25
VEN,cplnt,-0.25
VEN,csubf,-0.25
VEN,ctemf,-0.25
VEN,cvege,-0.25
VEN,csugr,-0.2
VEN,cgrnd,-0.4661
VEN,cgdnt,-0.4661
VEN,cgdol,-0.28
VEN,cgdml,-0.28
VEN,crpsd,-0.16
VEN,crpnt,-0.16
VEN,crpol,-0.28
VEN,crpml,-0.28
VEN,csoyb,-0.16
VEN,csbnt,-0.16
VEN,csbol,-0.28
VEN,csbml,-0.28
VEN,csnfl,-0.16
VEN,csfnt,-0.16
VEN,csfol,-0.28
VEN,csfml,-0.28
VEN,cpalm,-0.16
VEN,cplol,-0.28
VEN,cpkrl,-0.16
VEN,cpkol,-0.28
VEN,cpkml,-0.28
VEN,ctols,-0.16
VEN,ctont,-0.16
VEN,ctool,-0.28
VEN,ctoml,-0.28
VEN,ccoco,-0.25
VEN,ccafe,-0.25
VEN,ccott,-1.2924
VEN,cteas,-0.25
VEN,cothr,-0.4661
VNM,cbeef,-0.27
VNM,cpork,-0.22
VNM,cpoul,-0.15
VNM,cmilk,-0.27
VNM,cbarl,-0.12
VNM,cmaiz,-0.12
VNM,cmill,-0.12
VNM,crice,0.02
VNM,csorg,-0.12
VNM,cwhea,-0.01
VNM,cocer,-0.12
VNM,cbean,-0.5146
VNM,cchkp,-0.5146
VNM,ccowp,-0.5146
VNM,clent,-0.5146
VNM,cpigp,-0.5146
VNM,copul,-0.5146
VNM,cbana,-0.23
VNM,cplnt,-0.23
VNM,csubf,-0.23
VNM,ctemf,-0.23
VNM,cvege,-0.23
VNM,csugr,-0.3
VNM,cgrnd,-0.5146
VNM,cgdnt,-0.5146
VNM,cgdol,-0.11
VNM,cgdml,-0.11
VNM,crpol,-0.11
VNM,crpml,-0.11
VNM,csbol,-0.11
VNM,csbml,-0.11
VNM,csfol,-0.11
VNM,csfml,-0.11
VNM,cplol,-0.11
VNM,cpkol,-0.11
VNM,cpkml,-0.11
VNM,ctool,-0.11
VNM,ctoml,-0.11
VNM,ccoco,-0.23
VNM,ccafe,-0.23
VNM,ccott,-1.4268
VNM,cteas,-0.23
VNM,cothr,-0.5146
VUT,cmaiz,-0.09
VUT,crice,-0.32
VUT,cwhea,-0.03
VUT,cbean,-0.2797
VUT,cchkp,-0.2797
VUT,ccowp,-0.2797
VUT,clent,-0.2797
VUT,cpigp,-0.2797
VUT,copul,-0.2797
VUT,cbana,-0.15
VUT,cplnt,-0.15
VUT,csubf,-0.15
VUT,ctemf,-0.15
VUT,cvege,-0.15
VUT,csugr,-0.2
VUT,cgrnd,-0.2797
VUT,cgdnt,-0.2797
VUT,ccoco,-0.15
VUT,ccafe,-0.15
VUT,ccott,-0.7754
VUT,cteas,-0.15
VUT,cothr,-0.2797
YEM,cbeef,-0.35
YEM,cpork,-0.62
YEM,clamb,-0.35
YEM,cpoul,-0.62
YEM,ceggs,-0.1
YEM,cmilk,-0.57
YEM,cbarl,-0.07
YEM,cmaiz,-0.14
YEM,cmill,-0.07
YEM,crice,-0.07
YEM,csorg,-0.07
YEM,cwhea,-0.06
YEM,cocer,-0.07
YEM,cbean,-0.1864
YEM,cchkp,-0.1864
YEM,ccowp,-0.1864
YEM,clent,-0.1864
YEM,cpigp,-0.1864
YEM,copul,-0.1864
YEM,cbana,-0.1
YEM,cplnt,-0.1
YEM,csubf,-0.1
YEM,ctemf,-0.1
YEM,cvege,-0.1
YEM,csugr,-0.2
YEM,cgrnd,-0.1864
YEM,cgdnt,-0.1864
YEM,cgdol,-0.18
YEM,cgdml,-0.18
YEM,crpol,-0.18
YEM,crpml,-0.18
YEM,csbol,-0.18
YEM,csbml,-0.18
YEM,csfol,-0.18
YEM,csfml,-0.18
YEM,cplol,-0.18
YEM,cpkol,-0.18
YEM,cpkml,-0.18
YEM,ctool,-0.18
YEM,ctoml,-0.18
YEM,ccoco,-0.1
YEM,ccafe,-0.1
YEM,ccott,-0.5169
YEM,cteas,-0.1
YEM,cothr,-0.1864
ZAF,csugc,0.123195299
ZAF,csugb,0.123195299
ZAF,csugr,0.123195299
ZAF,cgdol,-0.22
ZAF,cgdml,-0.22
ZAF,crpol,-0.22
ZAF,crpml,-0.22
ZAF,csbol,-0.22
ZAF,csbml,-0.22
ZAF,csfol,-0.22
ZAF,csfml,-0.22
ZAF,cpkol,-0.22
ZAF,cpkml,-0.22
ZAF,ctool,-0.22
ZAF,ctoml,-0.22
ZMB,cbeef,-0.24
ZMB,ceggs,-0.09
ZMB,cmilk,-0.09
ZMB,cbarl,0.2
ZMB,cmaiz,-0.2
ZMB,cmill,0.2
ZMB,crice,-0.12
ZMB,csorg,0.2
ZMB,cwhea,0.15
ZMB,cocer,0.2
ZMB,cbean,-0.082
ZMB,cchkp,-0.082
ZMB,ccowp,-0.082
ZMB,clent,-0.082
ZMB,cpigp,-0.082
ZMB,copul,-0.082
ZMB,cbana,-0.12
ZMB,cplnt,-0.12
ZMB,csubf,-0.12
ZMB,ctemf,-0.12
ZMB,cvege,-0.12
ZMB,csugr,-0.3
ZMB,cgrnd,-0.082
ZMB,cgdnt,-0.082
ZMB,cgdol,-0.22
ZMB,cgdml,-0.22
ZMB,crpol,-0.22
ZMB,crpml,-0.22
ZMB,csbol,-0.22
ZMB,csbml,-0.22
ZMB,csfol,-0.22
ZMB,csfml,-0.22
ZMB,cplol,-0.22
ZMB,cpkol,-0.22
ZMB,cpkml,-0.22
ZMB,ctool,-0.22
ZMB,ctoml,-0.22
ZMB,ccoco,-0.12
ZMB,ccafe,-0.12
ZMB,ccott,-0.2275
ZMB,cteas,-0.12
ZMB,cothr,-0.082
ZWE,cbeef,-0.24
ZWE,ceggs,-0.09
ZWE,cmilk,-0.09
ZWE,cbarl,0.2
ZWE,cmaiz,-0.2
ZWE,cmill,0.2
ZWE,crice,-0.12
ZWE,csorg,0.2
ZWE,cwhea,0.15
ZWE,cocer,0.2
ZWE,cbean,-0.082
ZWE,cchkp,-0.082
ZWE,ccowp,-0.082
ZWE,clent,-0.082
ZWE,cpigp,-0.082
ZWE,copul,-0.082
ZWE,cbana,-0.12
ZWE,cplnt,-0.12
ZWE,csubf,-0.12
ZWE,ctemf,-0.12
ZWE,cvege,-0.12
ZWE,csugr,-0.3
ZWE,cgrnd,-0.082
ZWE,cgdnt,-0.082
ZWE,cgdol,-0.22
ZWE,cgdml,-0.22
ZWE,crpol,-0.22
ZWE,crpml,-0.22
ZWE,csbol,-0.22
ZWE,csbml,-0.22
ZWE,csfol,-0.22
ZWE,csfml,-0.22
ZWE,cplol,-0.22
ZWE,cpkol,-0.22
ZWE,cpkml,-0.22
ZWE,ctool,-0.22
ZWE,ctoml,-0.22
ZWE,ccoco,-0.12
ZWE,ccafe,-0.12
ZWE,ccott,-0.2275
ZWE,cteas,-0.12
ZWE,cothr,-0.082
