AFG,jbeef,-0.55
AFG,jpork,-0.69
AFG,jlamb,-0.55
AFG,jpoul,-0.19
AFG,jeggs,-0.1
AFG,jmilk,-0.41
AFG,jmaiz,-0.07
AFG,jrice,0.1
AFG,jwhea,-0.01
AFG,jbean,0.1305
AFG,jchkp,0.1305
AFG,jcowp,0.1305
AFG,jlent,0.1305
AFG,jpigp,0.1305
AFG,jopul,0.1305
AFG,jbana,0.15
AFG,jplnt,0.15
AFG,jsubf,0.15
AFG,jtemf,0.15
AFG,jvege,0.2
AFG,jsugr,0.3
AFG,jgrnd,0.1305
AFG,jgdnt,0.1305
AFG,jgdol,-0.06
AFG,jrpol,-0.06
AFG,jsbol,-0.06
AFG,jsfol,-0.06
AFG,jplol,-0.06
AFG,jpkol,-0.06
AFG,jtool,-0.06
AFG,jcoco,0.15
AFG,jcafe,0.15
AFG,jcott,0.3619
AFG,jteas,0.15
AFG,jothr,0.1305
AGO,jbeef,0.24
AGO,jeggs,0.09
AGO,jmilk,-0.29
AGO,jbarl,-0.2
AGO,jmaiz,-0.2
AGO,jmill,-0.2
AGO,jrice,0.12
AGO,jsorg,-0.2
AGO,jwhea,-0.25
AGO,jocer,-0.2
AGO,jbean,-0.0522
AGO,jchkp,-0.0522
AGO,jcowp,-0.0522
AGO,jlent,-0.0522
AGO,jpigp,-0.0522
AGO,jopul,-0.0522
AGO,jbana,-0.07
AGO,jplnt,-0.07
AGO,jsubf,-0.07
AGO,jtemf,-0.07
AGO,jvege,-0.07
AGO,jsugr,0.3
AGO,jgrnd,-0.0522
AGO,jgdnt,-0.0522
AGO,jgdol,-0.07
AGO,jgdml,-0.07
AGO,jrpol,-0.07
AGO,jrpml,-0.07
AGO,jsbol,-0.07
AGO,jsbml,-0.07
AGO,jsfol,-0.07
AGO,jsfml,-0.07
AGO,jplol,-0.07
AGO,jpkol,-0.07
AGO,jpkml,-0.07
AGO,jtool,-0.07
AGO,jtoml,-0.07
AGO,jcoco,-0.07
AGO,jcafe,-0.07
AGO,jcott,-0.1447
AGO,jteas,-0.07
AGO,jothr,-0.0522
ALB,jbeef,0.14
ALB,jpork,0.1
ALB,jlamb,0.06
ALB,jpoul,0.21
ALB,jeggs,0.44
ALB,jmilk,0.29
ALB,jwhea,0.02
ALB,jgdol,-0.09
ALB,jgdml,-0.09
ALB,jrpol,-0.09
ALB,jrpml,-0.09
ALB,jsbol,-0.09
ALB,jsbml,-0.09
ALB,jsfol,-0.09
ALB,jsfml,-0.09
ALB,jplol,-0.09
ALB,jpkol,-0.09
ALB,jpkml,-0.09
ALB,jtool,-0.09
ALB,jtoml,-0.09
ARG,jbeef,0.07
ARG,jpork,-0.01
ARG,jpoul,-0.01
ARG,jeggs,-0.01
ARG,jmilk,-0.01
ARG,jmaiz,0.05
ARG,jwhea,0.04
ARG,jbean,0.0895
ARG,jchkp,0.0895
ARG,jcowp,0.0895
ARG,jlent,0.0895
ARG,jpigp,0.0895
ARG,jopul,0.0895
ARG,jbana,0.12
ARG,jplnt,0.12
ARG,jsubf,0.12
ARG,jtemf,0.12
ARG,jvege,0.12
ARG,jsugr,0.2
ARG,jgrnd,0.0895
ARG,jgdnt,0.0895
ARG,jrpsd,0.01
ARG,jrpnt,0.01
ARG,jsoyb,0.01
ARG,jsbnt,0.01
ARG,jsnfl,0.01
ARG,jsfnt,0.01
ARG,jpalm,0.01
ARG,jpkrl,0.01
ARG,jtols,0.01
ARG,jtont,0.01
ARG,jcoco,0.12
ARG,jcafe,0.12
ARG,jcott,0.2481
ARG,jteas,0.12
ARG,jothr,0.0895
ARM,jbeef,0.39
ARM,jpork,0.38
ARM,jlamb,0.38
ARM,jpoul,0.38
ARM,jeggs,0.23
ARM,jmilk,0.45
ARM,jrice,-0.03
ARM,jwhea,-0.15
ARM,jgdol,-0.04
ARM,jgdml,-0.04
ARM,jrpol,-0.04
ARM,jrpml,-0.04
ARM,jsbol,-0.04
ARM,jsbml,-0.04
ARM,jsfol,-0.04
ARM,jsfml,-0.04
ARM,jplol,-0.04
ARM,jpkol,-0.04
ARM,jpkml,-0.04
ARM,jtool,-0.04
ARM,jtoml,-0.04
AUS,jmilk,0.000287194
AUS,jgdol,0.03
AUS,jrpol,0.03
AUS,jsbol,0.03
AUS,jsfol,0.03
AUS,jpkol,0.03
AUS,jtool,0.03
AUT,jbeef,0.131974056
AUT,jpork,0.017134985
AUT,jlamb,0.141404438
AUT,jpoul,0.400145888
AUT,jeggs,0.008054241
AUT,jmilk,0.008590853
AUT,jbarl,7.1517E-06
AUT,jmaiz,7.69393E-06
AUT,jmill,0.58
AUT,jrice,0.010714061
AUT,jwhea,6.79888E-06
AUT,jocer,1.04671E-05
AUT,jpota,0.104513785
AUT,jtemf,0.069863457
AUT,jsugc,0.002577357
AUT,jsugb,0.002577357
AUT,jsugr,0.002577357
AUT,jsugrc,0.002577357
AUT,jsugrb,0.002577357
AUT,jgdol,0.48
AUT,jgdml,0.48
AUT,jrpsd,0.000331114
AUT,jrpnt,0.000331114
AUT,jrpol,0.48
AUT,jrpml,0.48
AUT,jsoyb,0.000278732
AUT,jsbnt,0.000278732
AUT,jsbol,0.48
AUT,jsbml,0.48
AUT,jsnfl,0.000346722
AUT,jsfnt,0.000346722
AUT,jsfol,0.48
AUT,jsfml,0.48
AUT,jpalm,0.5
AUT,jpkrl,0.5
AUT,jpkol,0.48
AUT,jpkml,0.48
AUT,jtool,0.48
AUT,jtoml,0.48
AZE,jbeef,0.39
AZE,jpork,0.38
AZE,jlamb,0.38
AZE,jpoul,0.38
AZE,jeggs,0.23
AZE,jmilk,0.45
AZE,jrice,-0.03
AZE,jwhea,-0.15
AZE,jgdol,-0.04
AZE,jgdml,-0.04
AZE,jrpol,-0.04
AZE,jrpml,-0.04
AZE,jsbol,-0.04
AZE,jsbml,-0.04
AZE,jsfol,-0.04
AZE,jsfml,-0.04
AZE,jplol,-0.04
AZE,jpkol,-0.04
AZE,jpkml,-0.04
AZE,jtool,-0.04
AZE,jtoml,-0.04
BDI,jbeef,0.5
BDI,jpork,0.3
BDI,jlamb,-0.5
BDI,jpoul,0.3
BDI,jeggs,0.1
BDI,jmilk,-0.1
BDI,jbarl,-0.06
BDI,jmaiz,-0.06
BDI,jmill,-0.06
BDI,jrice,0.3
BDI,jsorg,-0.06
BDI,jwhea,-0.23
BDI,jocer,-0.06
BDI,jbean,-0.0969
BDI,jchkp,-0.0969
BDI,jcowp,-0.0969
BDI,jlent,-0.0969
BDI,jpigp,-0.0969
BDI,jopul,-0.0969
BDI,jbana,-0.13
BDI,jplnt,-0.13
BDI,jsubf,-0.13
BDI,jtemf,-0.13
BDI,jvege,-0.13
BDI,jsugr,0.3
BDI,jgrnd,-0.0969
BDI,jgdnt,-0.0969
BDI,jgdol,-0.07
BDI,jgdml,-0.02
BDI,jrpol,-0.07
BDI,jrpml,-0.02
BDI,jsbol,-0.07
BDI,jsbml,-0.02
BDI,jsfol,-0.07
BDI,jsfml,-0.02
BDI,jplol,-0.07
BDI,jpkol,-0.07
BDI,jpkml,-0.02
BDI,jtool,-0.07
BDI,jtoml,-0.02
BDI,jcoco,-0.13
BDI,jcafe,-0.13
BDI,jcott,-0.2688
BDI,jteas,-0.13
BDI,jothr,-0.0969
BEN,jbeef,0.43
BEN,jpork,0.28
BEN,jlamb,0.28
BEN,jpoul,0.1
BEN,jeggs,0.1
BEN,jbarl,-0.23
BEN,jmaiz,-0.23
BEN,jmill,-0.23
BEN,jrice,0.41
BEN,jsorg,-0.23
BEN,jwhea,-0.2
BEN,jocer,-0.23
BEN,jbean,-0.0969
BEN,jchkp,-0.0969
BEN,jcowp,-0.0969
BEN,jlent,-0.0969
BEN,jpigp,-0.0969
BEN,jopul,-0.0969
BEN,jbana,-0.13
BEN,jplnt,-0.13
BEN,jsubf,-0.13
BEN,jtemf,-0.13
BEN,jvege,-0.13
BEN,jsugr,0.3
BEN,jgrnd,-0.0969
BEN,jgdnt,-0.0969
BEN,jgdol,-0.07
BEN,jgdml,-0.07
BEN,jrpol,-0.07
BEN,jrpml,-0.07
BEN,jsbol,-0.07
BEN,jsbml,-0.07
BEN,jsfol,-0.07
BEN,jsfml,-0.07
BEN,jplol,-0.07
BEN,jpkol,-0.07
BEN,jpkml,-0.07
BEN,jtool,-0.07
BEN,jtoml,-0.07
BEN,jcoco,-0.13
BEN,jcafe,-0.13
BEN,jcott,-0.2688
BEN,jteas,-0.13
BEN,jothr,-0.0969
BFA,jbeef,0.28
BFA,jpork,0.08
BFA,jlamb,0.16
BFA,jpoul,0.08
BFA,jbarl,-0.17
BFA,jmaiz,-0.17
BFA,jmill,-0.17
BFA,jrice,-0.34
BFA,jsorg,-0.17
BFA,jwhea,-0.29
BFA,jocer,-0.17
BFA,jbean,-0.1044
BFA,jchkp,-0.1044
BFA,jcowp,-0.1044
BFA,jlent,-0.1044
BFA,jpigp,-0.1044
BFA,jopul,-0.1044
BFA,jbana,-0.14
BFA,jplnt,-0.14
BFA,jsubf,-0.14
BFA,jtemf,-0.14
BFA,jvege,-0.14
BFA,jsugr,0.3
BFA,jgrnd,-0.1044
BFA,jgdnt,-0.1044
BFA,jgdol,-0.03
BFA,jgdml,-0.03
BFA,jrpol,-0.03
BFA,jrpml,-0.03
BFA,jsbol,-0.03
BFA,jsbml,-0.03
BFA,jsfol,-0.03
BFA,jsfml,-0.03
BFA,jplol,-0.03
BFA,jpkol,-0.03
BFA,jpkml,-0.03
BFA,jtool,-0.03
BFA,jtoml,-0.03
BFA,jcoco,-0.14
BFA,jcafe,-0.14
BFA,jcott,-0.2895
BFA,jteas,-0.14
BFA,jothr,-0.1044
BGD,jmaiz,0.2
BGD,jrice,0.2
BGD,jwhea,-0.01
BGD,jbean,0.0746
BGD,jchkp,0.0746
BGD,jcowp,0.0746
BGD,jlent,0.0746
BGD,jpigp,0.0746
BGD,jopul,0.0746
BGD,jbana,0.1
BGD,jplnt,0.1
BGD,jsubf,0.1
BGD,jtemf,0.1
BGD,jvege,0.1
BGD,jsugr,0.3
BGD,jgrnd,0.0746
BGD,jgdnt,0.0746
BGD,jgdol,-0.06
BGD,jrpol,-0.06
BGD,jsbol,-0.06
BGD,jsfol,-0.06
BGD,jplol,-0.06
BGD,jpkol,-0.06
BGD,jtool,-0.06
BGD,jcoco,0.1
BGD,jcafe,0.1
BGD,jcott,0.2068
BGD,jteas,0.1
BGD,jothr,0.0746
BGR,jbeef,0.131974056
BGR,jpork,0.017134985
BGR,jlamb,0.141404438
BGR,jpoul,0.400145888
BGR,jeggs,0.008054241
BGR,jmilk,0.008590853
BGR,jbarl,7.1517E-06
BGR,jmaiz,7.69393E-06
BGR,jrice,0.010714061
BGR,jwhea,6.79888E-06
BGR,jocer,1.04671E-05
BGR,jpota,0.104513785
BGR,jtemf,0.069863457
BGR,jsugc,0.002577357
BGR,jsugb,0.002577357
BGR,jsugr,0.002577357
BGR,jsugrc,0.002577357
BGR,jsugrb,0.002577357
BGR,jgdol,-0.09
BGR,jgdml,-0.09
BGR,jrpsd,0.000331114
BGR,jrpnt,0.000331114
BGR,jrpol,-0.09
BGR,jrpml,-0.09
BGR,jsoyb,0.000278732
BGR,jsbnt,0.000278732
BGR,jsbol,-0.09
BGR,jsbml,-0.09
BGR,jsnfl,0.000346722
BGR,jsfnt,0.000346722
BGR,jsfol,-0.09
BGR,jsfml,-0.09
BGR,jpkol,-0.09
BGR,jpkml,-0.09
BGR,jtool,-0.09
BGR,jtoml,-0.09
BLR,jbeef,0.39
BLR,jpork,0.38
BLR,jlamb,0.38
BLR,jpoul,0.38
BLR,jeggs,0.23
BLR,jmilk,0.45
BLR,jrice,-0.03
BLR,jwhea,-0.15
BLR,jgdol,-0.04
BLR,jgdml,-0.04
BLR,jrpol,-0.04
BLR,jrpml,-0.04
BLR,jsbol,-0.04
BLR,jsbml,-0.04
BLR,jsfol,-0.04
BLR,jsfml,-0.04
BLR,jplol,-0.04
BLR,jpkol,-0.04
BLR,jpkml,-0.04
BLR,jtool,-0.04
BLR,jtoml,-0.04
BLT,jbeef,0.39
BLT,jpork,0.38
BLT,jlamb,0.38
BLT,jpoul,0.38
BLT,jeggs,0.23
BLT,jmilk,0.45
BLT,jrice,-0.03
BLT,jwhea,-0.15
BLT,jgdol,-0.04
BLT,jgdml,-0.04
BLT,jrpol,-0.04
BLT,jrpml,-0.04
BLT,jsbol,-0.04
BLT,jsbml,-0.04
BLT,jsfol,-0.04
BLT,jsfml,-0.04
BLT,jplol,-0.04
BLT,jpkol,-0.04
BLT,jpkml,-0.04
BLT,jtool,-0.04
BLT,jtoml,-0.04
BLX,jbeef,0.131974056
BLX,jpork,0.017134985
BLX,jlamb,0.141404438
BLX,jpoul,0.400145888
BLX,jeggs,0.008054241
BLX,jmilk,0.008590853
BLX,jbarl,7.1517E-06
BLX,jmaiz,7.69393E-06
BLX,jmill,0.58
BLX,jrice,0.010714061
BLX,jwhea,6.79888E-06
BLX,jocer,1.04671E-05
BLX,jpota,0.104513785
BLX,jtemf,0.069863457
BLX,jsugc,0.002577357
BLX,jsugb,0.002577357
BLX,jsugr,0.002577357
BLX,jsugrc,0.002577357
BLX,jsugrb,0.002577357
BLX,jgdol,0.48
BLX,jgdml,0.48
BLX,jrpsd,0.000331114
BLX,jrpnt,0.000331114
BLX,jrpol,0.48
BLX,jrpml,0.48
BLX,jsoyb,0.000278732
BLX,jsbnt,0.000278732
BLX,jsbol,0.48
BLX,jsbml,0.48
BLX,jsnfl,0.000346722
BLX,jsfnt,0.000346722
BLX,jsfol,0.48
BLX,jsfml,0.48
BLX,jpalm,0.5
BLX,jpkrl,0.5
BLX,jpkol,0.48
BLX,jpkml,0.48
BLX,jtool,0.48
BLX,jtoml,0.48
BLZ,jbeef,-0.22
BLZ,jpork,-0.07
BLZ,jlamb,-0.09
BLZ,jpoul,-0.07
BLZ,jmilk,-0.42
BLZ,jmaiz,-0.04
BLZ,jrice,-0.01
BLZ,jwhea,-0.45
BLZ,jbean,0.1864
BLZ,jchkp,0.1864
BLZ,jcowp,0.1864
BLZ,jlent,0.1864
BLZ,jpigp,0.1864
BLZ,jopul,0.1864
BLZ,jbana,0.25
BLZ,jplnt,0.25
BLZ,jsubf,0.25
BLZ,jtemf,0.25
BLZ,jvege,0.25
BLZ,jsugr,0.2
BLZ,jgrnd,0.1864
BLZ,jgdnt,0.1864
BLZ,jgdol,0.28
BLZ,jgdml,0.28
BLZ,jrpsd,0.16
BLZ,jrpnt,0.16
BLZ,jrpol,0.28
BLZ,jrpml,0.28
BLZ,jsoyb,0.16
BLZ,jsbnt,0.16
BLZ,jsbol,0.28
BLZ,jsbml,0.28
BLZ,jsnfl,0.16
BLZ,jsfnt,0.16
BLZ,jsfol,0.28
BLZ,jsfml,0.28
BLZ,jpalm,0.16
BLZ,jplol,0.28
BLZ,jpkrl,0.16
BLZ,jpkol,0.28
BLZ,jpkml,0.28
BLZ,jtols,0.16
BLZ,jtont,0.16
BLZ,jtool,0.28
BLZ,jtoml,0.28
BLZ,jcoco,0.25
BLZ,jcafe,0.25
BLZ,jcott,0.5169
BLZ,jteas,0.25
BLZ,jothr,0.1864
BOL,jbeef,-0.22
BOL,jpork,-0.07
BOL,jlamb,-0.09
BOL,jpoul,-0.07
BOL,jmilk,-0.42
BOL,jmaiz,-0.04
BOL,jrice,-0.01
BOL,jwhea,-0.45
BOL,jbean,0.1864
BOL,jchkp,0.1864
BOL,jcowp,0.1864
BOL,jlent,0.1864
BOL,jpigp,0.1864
BOL,jopul,0.1864
BOL,jbana,0.25
BOL,jplnt,0.25
BOL,jsubf,0.25
BOL,jtemf,0.25
BOL,jvege,0.25
BOL,jsugr,0.2
BOL,jgrnd,0.1864
BOL,jgdnt,0.1864
BOL,jgdol,0.28
BOL,jgdml,0.28
BOL,jrpsd,0.16
BOL,jrpnt,0.16
BOL,jrpol,0.28
BOL,jrpml,0.28
BOL,jsoyb,0.16
BOL,jsbnt,0.16
BOL,jsbol,0.28
BOL,jsbml,0.28
BOL,jsnfl,0.16
BOL,jsfnt,0.16
BOL,jsfol,0.28
BOL,jsfml,0.28
BOL,jpalm,0.16
BOL,jplol,0.28
BOL,jpkrl,0.16
BOL,jpkol,0.28
BOL,jpkml,0.28
BOL,jtols,0.16
BOL,jtont,0.16
BOL,jtool,0.28
BOL,jtoml,0.28
BOL,jcoco,0.25
BOL,jcafe,0.25
BOL,jcott,0.5169
BOL,jteas,0.25
BOL,jothr,0.1864
BRA,jbeef,0.00026457
BRA,jpork,0.105556347
BRA,jpoul,2.59971E-05
BRA,jmilk,0.186486028
BRA,jmaiz,0.008330839
BRA,jrice,0.148577547
BRA,jwhea,0.02417728
BRA,jchkp,0.1119
BRA,jpigp,0.1119
BRA,jopul,0.1119
BRA,jsugc,0.002421564
BRA,jsugb,0.002421564
BRA,jsugr,0.002421564
BRA,jsugrc,0.002421564
BRA,jsugrb,0.002421564
BRA,jgdol,-0.24
BRA,jgdml,-0.24
BRA,jrpol,-0.24
BRA,jrpml,-0.24
BRA,jsoyb,0.000893646
BRA,jsbnt,0.000893646
BRA,jsbol,-0.24
BRA,jsbml,-0.24
BRA,jsfol,-0.24
BRA,jsfml,-0.24
BRA,jpalm,0.09
BRA,jpkrl,0.09
BRA,jpkol,-0.24
BRA,jpkml,-0.24
BRA,jtool,-0.24
BRA,jtoml,-0.24
BRA,jcafe,0.004442415
BRA,jcott,0.253753774
BRA,jteas,0.15
BRA,jothr,0.1119
BTN,jbeef,-0.55
BTN,jpork,-0.69
BTN,jlamb,-0.55
BTN,jpoul,-0.19
BTN,jeggs,-0.1
BTN,jmilk,-0.41
BTN,jmaiz,-0.07
BTN,jrice,0.1
BTN,jwhea,-0.01
BTN,jbean,0.1305
BTN,jchkp,0.1305
BTN,jcowp,0.1305
BTN,jlent,0.1305
BTN,jpigp,0.1305
BTN,jopul,0.1305
BTN,jbana,0.15
BTN,jplnt,0.15
BTN,jsubf,0.15
BTN,jtemf,0.15
BTN,jvege,0.2
BTN,jsugr,0.3
BTN,jgrnd,0.1305
BTN,jgdnt,0.1305
BTN,jgdol,-0.06
BTN,jrpol,-0.06
BTN,jsbol,-0.06
BTN,jsfol,-0.06
BTN,jplol,-0.06
BTN,jpkol,-0.06
BTN,jtool,-0.06
BTN,jcoco,0.15
BTN,jcafe,0.15
BTN,jcott,0.3619
BTN,jteas,0.15
BTN,jothr,0.1305
BWA,jbeef,0.24
BWA,jeggs,0.09
BWA,jmilk,-0.29
BWA,jbarl,-0.2
BWA,jmaiz,-0.2
BWA,jmill,-0.2
BWA,jrice,0.12
BWA,jsorg,-0.2
BWA,jwhea,-0.25
BWA,jocer,-0.2
BWA,jbean,-0.0522
BWA,jchkp,-0.0522
BWA,jcowp,-0.0522
BWA,jlent,-0.0522
BWA,jpigp,-0.0522
BWA,jopul,-0.0522
BWA,jbana,-0.07
BWA,jplnt,-0.07
BWA,jsubf,-0.07
BWA,jtemf,-0.07
BWA,jvege,-0.07
BWA,jsugr,0.3
BWA,jgrnd,-0.0522
BWA,jgdnt,-0.0522
BWA,jgdol,-0.07
BWA,jgdml,-0.07
BWA,jrpol,-0.07
BWA,jrpml,-0.07
BWA,jsbol,-0.07
BWA,jsbml,-0.07
BWA,jsfol,-0.07
BWA,jsfml,-0.07
BWA,jplol,-0.07
BWA,jpkol,-0.07
BWA,jpkml,-0.07
BWA,jtool,-0.07
BWA,jtoml,-0.07
BWA,jcoco,-0.07
BWA,jcafe,-0.07
BWA,jcott,-0.1447
BWA,jteas,-0.07
BWA,jothr,-0.0522
CAF,jbeef,0.43
CAF,jpork,0.28
CAF,jlamb,0.28
CAF,jpoul,0.1
CAF,jeggs,0.1
CAF,jbarl,-0.23
CAF,jmaiz,-0.23
CAF,jmill,-0.23
CAF,jrice,0.41
CAF,jsorg,-0.23
CAF,jwhea,-0.2
CAF,jocer,-0.23
CAF,jbean,-0.0969
CAF,jchkp,-0.0969
CAF,jcowp,-0.0969
CAF,jlent,-0.0969
CAF,jpigp,-0.0969
CAF,jopul,-0.0969
CAF,jbana,-0.13
CAF,jplnt,-0.13
CAF,jsubf,-0.13
CAF,jtemf,-0.13
CAF,jvege,-0.13
CAF,jsugr,0.3
CAF,jgrnd,-0.0969
CAF,jgdnt,-0.0969
CAF,jgdol,-0.07
CAF,jgdml,-0.07
CAF,jrpol,-0.07
CAF,jrpml,-0.07
CAF,jsbol,-0.07
CAF,jsbml,-0.07
CAF,jsfol,-0.07
CAF,jsfml,-0.07
CAF,jplol,-0.07
CAF,jpkol,-0.07
CAF,jpkml,-0.07
CAF,jtool,-0.07
CAF,jtoml,-0.07
CAF,jcoco,-0.13
CAF,jcafe,-0.13
CAF,jcott,-0.2688
CAF,jteas,-0.13
CAF,jothr,-0.0969
CAN,jpoul,0.185344674
CAN,jeggs,0.281765859
CAN,jmilk,0.9999
CAN,jgdol,0.3
CAN,jgdml,0.3
CAN,jrpol,0.3
CAN,jrpml,0.3
CAN,jsbol,0.3
CAN,jsbml,0.3
CAN,jsfol,0.3
CAN,jsfml,0.3
CAN,jpkol,0.3
CAN,jpkml,0.3
CAN,jtool,0.3
CAN,jtoml,0.3
CHL,jchkp,0.1864
CHL,jpigp,0.1864
CHL,jopul,0.1864
CHL,jsugc,0.027156659
CHL,jsugb,0.027156659
CHL,jsugr,0.027156659
CHL,jsugrc,0.027156659
CHL,jsugrb,0.027156659
CHL,jgdol,0.28
CHL,jgdml,0.28
CHL,jrpol,0.28
CHL,jrpml,0.28
CHL,jsbol,0.28
CHL,jsbml,0.28
CHL,jsfol,0.28
CHL,jsfml,0.28
CHL,jpalm,0.16
CHL,jpkrl,0.16
CHL,jpkol,0.28
CHL,jpkml,0.28
CHL,jtool,0.28
CHL,jtoml,0.28
CHL,jteas,0.25
CHL,jothr,0.1864
CHM,jbeef,0.155
CHM,jpork,0.16
CHM,jlamb,0.17
CHM,jpoul,0.036947409
CHM,jmilk,0.205787512
CHM,jmaiz,0.189072657
CHM,jmill,0.03
CHM,jrice,-0.022461391
CHM,jwhea,0.393484504
CHM,jchkp,0.1119
CHM,jpigp,0.1119
CHM,jopul,0.1119
CHM,jsugc,0.36143204
CHM,jsugb,0.36143204
CHM,jsugr,0.36143204
CHM,jsugrc,0.36143204
CHM,jsugrb,0.36143204
CHM,jgdol,-0.23
CHM,jgdml,-0.23
CHM,jrpsd,0.240649459
CHM,jrpnt,0.240649459
CHM,jrpol,-0.2
CHM,jrpml,-0.2
CHM,jsoyb,0.21957858
CHM,jsbnt,0.21957858
CHM,jsbol,-0.23
CHM,jsbml,-0.23
CHM,jsfol,-0.23
CHM,jsfml,-0.23
CHM,jpalm,0.02
CHM,jpkrl,0.02
CHM,jtool,-0.23
CHM,jtoml,-0.23
CHM,jcott,0.9999
CHM,jteas,0.2
CHM,jothr,0.1119
CHP,jbeef,0.611806838
CHP,jpork,0.9999
CHP,jlamb,0.410637439
CHP,jpoul,0.9999
CHP,jeggs,0.9999
CHP,jmilk,0.149717189
CHP,jbarl,0.716125858
CHP,jmaiz,0.463898617
CHP,jmill,0.58
CHP,jwhea,0.528348196
CHP,jsugc,0.256676092
CHP,jsugb,0.256676092
CHP,jsugr,0.256676092
CHP,jsugrc,0.256676092
CHP,jsugrb,0.256676092
CHP,jgdol,0.48
CHP,jgdml,0.48
CHP,jrpsd,0.648633836
CHP,jrpnt,0.648633836
CHP,jrpol,0.48
CHP,jrpml,0.48
CHP,jsbol,0.48
CHP,jsbml,0.48
CHP,jsfol,0.48
CHP,jsfml,0.48
CHP,jpalm,0.5
CHP,jpkrl,0.5
CHP,jpkol,0.48
CHP,jpkml,0.48
CHP,jtool,0.48
CHP,jtoml,0.48
CIV,jbeef,0.43
CIV,jpork,0.28
CIV,jlamb,0.28
CIV,jpoul,0.1
CIV,jeggs,0.1
CIV,jbarl,-0.23
CIV,jmaiz,-0.23
CIV,jmill,-0.23
CIV,jrice,0.41
CIV,jsorg,-0.23
CIV,jwhea,-0.2
CIV,jocer,-0.23
CIV,jbean,-0.0969
CIV,jchkp,-0.0969
CIV,jcowp,-0.0969
CIV,jlent,-0.0969
CIV,jpigp,-0.0969
CIV,jopul,-0.0969
CIV,jbana,-0.13
CIV,jplnt,-0.13
CIV,jsubf,-0.13
CIV,jtemf,-0.13
CIV,jvege,-0.13
CIV,jsugr,0.3
CIV,jgrnd,-0.0969
CIV,jgdnt,-0.0969
CIV,jgdol,-0.07
CIV,jgdml,-0.07
CIV,jrpol,-0.07
CIV,jrpml,-0.07
CIV,jsbol,-0.07
CIV,jsbml,-0.07
CIV,jsfol,-0.07
CIV,jsfml,-0.07
CIV,jplol,-0.07
CIV,jtool,-0.07
CIV,jtoml,-0.07
CIV,jcoco,-0.13
CIV,jcafe,-0.13
CIV,jcott,-0.2688
CIV,jteas,-0.13
CIV,jothr,-0.0969
CMR,jbeef,0.43
CMR,jpork,0.28
CMR,jlamb,0.28
CMR,jpoul,0.1
CMR,jeggs,0.1
CMR,jbarl,-0.23
CMR,jmaiz,-0.23
CMR,jmill,-0.23
CMR,jrice,0.41
CMR,jsorg,-0.23
CMR,jwhea,-0.2
CMR,jocer,-0.23
CMR,jbean,-0.0969
CMR,jchkp,-0.0969
CMR,jcowp,-0.0969
CMR,jlent,-0.0969
CMR,jpigp,-0.0969
CMR,jopul,-0.0969
CMR,jbana,-0.13
CMR,jplnt,-0.13
CMR,jsubf,-0.13
CMR,jtemf,-0.13
CMR,jvege,-0.13
CMR,jsugr,0.3
CMR,jgrnd,-0.0969
CMR,jgdnt,-0.0969
CMR,jgdol,-0.07
CMR,jgdml,-0.07
CMR,jrpol,-0.07
CMR,jrpml,-0.07
CMR,jsbol,-0.07
CMR,jsbml,-0.07
CMR,jsfol,-0.07
CMR,jsfml,-0.07
CMR,jplol,-0.07
CMR,jpkol,-0.07
CMR,jpkml,-0.07
CMR,jtool,-0.07
CMR,jtoml,-0.07
CMR,jcoco,-0.13
CMR,jcafe,-0.13
CMR,jcott,-0.2688
CMR,jteas,-0.13
CMR,jothr,-0.0969
COD,jbeef,0.43
COD,jpork,0.28
COD,jlamb,0.28
COD,jpoul,0.1
COD,jeggs,0.1
COD,jbarl,-0.23
COD,jmaiz,-0.23
COD,jmill,-0.23
COD,jrice,0.41
COD,jsorg,-0.23
COD,jwhea,-0.2
COD,jocer,-0.23
COD,jbean,-0.0969
COD,jchkp,-0.0969
COD,jcowp,-0.0969
COD,jlent,-0.0969
COD,jpigp,-0.0969
COD,jopul,-0.0969
COD,jbana,-0.13
COD,jplnt,-0.13
COD,jsubf,-0.13
COD,jtemf,-0.13
COD,jvege,-0.13
COD,jsugr,0.3
COD,jgrnd,-0.0969
COD,jgdnt,-0.0969
COD,jgdol,-0.07
COD,jgdml,-0.07
COD,jrpol,-0.07
COD,jrpml,-0.07
COD,jsbol,-0.07
COD,jsbml,-0.07
COD,jsfol,-0.07
COD,jsfml,-0.07
COD,jplol,-0.07
COD,jpkol,-0.07
COD,jpkml,-0.07
COD,jtool,-0.07
COD,jtoml,-0.07
COD,jcoco,-0.13
COD,jcafe,-0.13
COD,jcott,-0.2688
COD,jteas,-0.13
COD,jothr,-0.0969
COG,jbeef,0.43
COG,jpork,0.28
COG,jlamb,0.28
COG,jpoul,0.1
COG,jeggs,0.1
COG,jbarl,-0.23
COG,jmaiz,-0.23
COG,jmill,-0.23
COG,jrice,0.41
COG,jsorg,-0.23
COG,jwhea,-0.2
COG,jocer,-0.23
COG,jbean,-0.0969
COG,jchkp,-0.0969
COG,jcowp,-0.0969
COG,jlent,-0.0969
COG,jpigp,-0.0969
COG,jopul,-0.0969
COG,jbana,-0.13
COG,jplnt,-0.13
COG,jsubf,-0.13
COG,jtemf,-0.13
COG,jvege,-0.13
COG,jsugr,0.3
COG,jgrnd,-0.0969
COG,jgdnt,-0.0969
COG,jgdol,-0.07
COG,jgdml,-0.07
COG,jrpol,-0.07
COG,jrpml,-0.07
COG,jsbol,-0.07
COG,jsbml,-0.07
COG,jsfol,-0.07
COG,jsfml,-0.07
COG,jplol,-0.07
COG,jpkol,-0.07
COG,jpkml,-0.07
COG,jtool,-0.07
COG,jtoml,-0.07
COG,jcoco,-0.13
COG,jcafe,-0.13
COG,jcott,-0.2688
COG,jteas,-0.13
COG,jothr,-0.0969
COL,jbeef,0.41
COL,jpork,-0.02
COL,jlamb,-0.02
COL,jpoul,-0.02
COL,jeggs,-0.01
COL,jmilk,-0.42
COL,jmaiz,-0.19
COL,jrice,0.28
COL,jwhea,0.21
COL,jbean,0.082
COL,jchkp,0.082
COL,jcowp,0.082
COL,jlent,0.082
COL,jpigp,0.082
COL,jopul,0.082
COL,jbana,0.11
COL,jplnt,0.11
COL,jsubf,0.11
COL,jtemf,0.11
COL,jvege,0.11
COL,jsugr,0.2
COL,jgrnd,0.082
COL,jgdnt,0.082
COL,jgdol,-0.01
COL,jgdml,-0.01
COL,jrpsd,0.11
COL,jrpnt,0.11
COL,jrpol,-0.01
COL,jrpml,-0.01
COL,jsoyb,0.11
COL,jsbnt,0.11
COL,jsbol,-0.01
COL,jsbml,-0.01
COL,jsnfl,0.11
COL,jsfnt,0.11
COL,jsfol,-0.01
COL,jsfml,-0.01
COL,jplol,-0.01
COL,jtols,0.11
COL,jtont,0.11
COL,jtool,-0.01
COL,jtoml,-0.01
COL,jcoco,0.11
COL,jcafe,0.11
COL,jcott,0.2275
COL,jteas,0.11
COL,jothr,0.082
CRB,jmaiz,-0.01
CRB,jrice,-0.02
CRB,jwhea,-0.01
CRB,jbean,0.1119
CRB,jchkp,0.1119
CRB,jcowp,0.1119
CRB,jlent,0.1119
CRB,jpigp,0.1119
CRB,jopul,0.1119
CRB,jbana,0.15
CRB,jplnt,0.15
CRB,jsubf,0.15
CRB,jtemf,0.15
CRB,jvege,0.15
CRB,jsugr,0.2
CRB,jgrnd,0.1119
CRB,jgdnt,0.1119
CRB,jcoco,0.15
CRB,jcafe,0.15
CRB,jcott,0.3102
CRB,jteas,0.15
CRB,jothr,0.1119
CRI,jbeef,-0.22
CRI,jpork,-0.07
CRI,jlamb,-0.09
CRI,jpoul,-0.07
CRI,jmilk,-0.42
CRI,jmaiz,-0.04
CRI,jrice,-0.01
CRI,jwhea,-0.45
CRI,jbean,0.1864
CRI,jchkp,0.1864
CRI,jcowp,0.1864
CRI,jlent,0.1864
CRI,jpigp,0.1864
CRI,jopul,0.1864
CRI,jbana,0.25
CRI,jplnt,0.25
CRI,jsubf,0.25
CRI,jtemf,0.25
CRI,jvege,0.25
CRI,jsugr,0.2
CRI,jgrnd,0.1864
CRI,jgdnt,0.1864
CRI,jgdol,0.28
CRI,jgdml,0.28
CRI,jrpsd,0.16
CRI,jrpnt,0.16
CRI,jrpol,0.28
CRI,jrpml,0.28
CRI,jsoyb,0.16
CRI,jsbnt,0.16
CRI,jsbol,0.28
CRI,jsbml,0.28
CRI,jsnfl,0.16
CRI,jsfnt,0.16
CRI,jsfol,0.28
CRI,jsfml,0.28
CRI,jpalm,0.16
CRI,jplol,0.28
CRI,jpkrl,0.16
CRI,jpkol,0.28
CRI,jpkml,0.28
CRI,jtols,0.16
CRI,jtont,0.16
CRI,jtool,0.28
CRI,jtoml,0.28
CRI,jcoco,0.25
CRI,jcafe,0.25
CRI,jcott,0.5169
CRI,jteas,0.25
CRI,jothr,0.1864
CUB,jbeef,-0.22
CUB,jpork,-0.07
CUB,jlamb,-0.09
CUB,jpoul,-0.07
CUB,jmilk,-0.42
CUB,jmaiz,-0.04
CUB,jrice,-0.01
CUB,jwhea,-0.45
CUB,jbean,0.1864
CUB,jchkp,0.1864
CUB,jcowp,0.1864
CUB,jlent,0.1864
CUB,jpigp,0.1864
CUB,jopul,0.1864
CUB,jbana,0.25
CUB,jplnt,0.25
CUB,jsubf,0.25
CUB,jtemf,0.25
CUB,jvege,0.25
CUB,jsugr,0.2
CUB,jgrnd,0.1864
CUB,jgdnt,0.1864
CUB,jgdol,0.28
CUB,jgdml,0.28
CUB,jrpsd,0.16
CUB,jrpnt,0.16
CUB,jrpol,0.28
CUB,jrpml,0.28
CUB,jsoyb,0.16
CUB,jsbnt,0.16
CUB,jsbol,0.28
CUB,jsbml,0.28
CUB,jsnfl,0.16
CUB,jsfnt,0.16
CUB,jsfol,0.28
CUB,jsfml,0.28
CUB,jpalm,0.16
CUB,jplol,0.28
CUB,jpkrl,0.16
CUB,jpkol,0.28
CUB,jpkml,0.28
CUB,jtols,0.16
CUB,jtont,0.16
CUB,jtool,0.28
CUB,jtoml,0.28
CUB,jcoco,0.25
CUB,jcafe,0.25
CUB,jcott,0.5169
CUB,jteas,0.25
CUB,jothr,0.1864
CYP,jbeef,0.131974056
CYP,jpork,0.017134985
CYP,jlamb,0.141404438
CYP,jpoul,0.400145888
CYP,jeggs,0.008054241
CYP,jmilk,0.008590853
CYP,jbarl,7.1517E-06
CYP,jmaiz,7.69393E-06
CYP,jmill,0.07
CYP,jrice,0.010714061
CYP,jwhea,6.79888E-06
CYP,jocer,1.04671E-05
CYP,jpota,0.104513785
CYP,jchkp,0.0746
CYP,jpigp,0.0746
CYP,jopul,0.0746
CYP,jtemf,0.069863457
CYP,jsugc,0.002577357
CYP,jsugb,0.002577357
CYP,jsugr,0.002577357
CYP,jsugrc,0.002577357
CYP,jsugrb,0.002577357
CYP,jgdol,0.18
CYP,jgdml,0.18
CYP,jrpsd,0.000331114
CYP,jrpnt,0.000331114
CYP,jrpol,0.18
CYP,jrpml,0.18
CYP,jsoyb,0.000278732
CYP,jsbnt,0.000278732
CYP,jsbol,0.18
CYP,jsbml,0.18
CYP,jsnfl,0.000346722
CYP,jsfnt,0.000346722
CYP,jsfol,0.18
CYP,jsfml,0.18
CYP,jpkol,0.18
CYP,jpkml,0.18
CYP,jtool,0.18
CYP,jtoml,0.18
CYP,jteas,0.1
CYP,jothr,0.0746
CZE,jbeef,0.131974056
CZE,jpork,0.017134985
CZE,jlamb,0.141404438
CZE,jpoul,0.400145888
CZE,jeggs,0.008054241
CZE,jmilk,0.008590853
CZE,jbarl,7.1517E-06
CZE,jmaiz,7.69393E-06
CZE,jrice,0.010714061
CZE,jwhea,6.79888E-06
CZE,jocer,1.04671E-05
CZE,jpota,0.104513785
CZE,jtemf,0.069863457
CZE,jsugc,0.002577357
CZE,jsugb,0.002577357
CZE,jsugr,0.002577357
CZE,jsugrc,0.002577357
CZE,jsugrb,0.002577357
CZE,jgdol,-0.09
CZE,jgdml,-0.09
CZE,jrpsd,0.000331114
CZE,jrpnt,0.000331114
CZE,jrpol,-0.09
CZE,jrpml,-0.09
CZE,jsoyb,0.000278732
CZE,jsbnt,0.000278732
CZE,jsbol,-0.09
CZE,jsbml,-0.09
CZE,jsnfl,0.000346722
CZE,jsfnt,0.000346722
CZE,jsfol,-0.09
CZE,jsfml,-0.09
CZE,jpkol,-0.09
CZE,jpkml,-0.09
CZE,jtool,-0.09
CZE,jtoml,-0.09
DEU,jbeef,0.131974056
DEU,jpork,0.017134985
DEU,jlamb,0.141404438
DEU,jpoul,0.400145888
DEU,jeggs,0.008054241
DEU,jmilk,0.008590853
DEU,jbarl,7.1517E-06
DEU,jmaiz,7.69393E-06
DEU,jmill,0.58
DEU,jrice,0.010714061
DEU,jwhea,6.79888E-06
DEU,jocer,1.04671E-05
DEU,jpota,0.104513785
DEU,jtemf,0.069863457
DEU,jsugc,0.002577357
DEU,jsugb,0.002577357
DEU,jsugr,0.002577357
DEU,jsugrc,0.002577357
DEU,jsugrb,0.002577357
DEU,jgdol,0.48
DEU,jgdml,0.48
DEU,jrpsd,0.000331114
DEU,jrpnt,0.000331114
DEU,jrpol,0.48
DEU,jrpml,0.48
DEU,jsoyb,0.000278732
DEU,jsbnt,0.000278732
DEU,jsbol,0.48
DEU,jsbml,0.48
DEU,jsnfl,0.000346722
DEU,jsfnt,0.000346722
DEU,jsfol,0.48
DEU,jsfml,0.48
DEU,jpalm,0.5
DEU,jpkrl,0.5
DEU,jpkol,0.48
DEU,jpkml,0.48
DEU,jtool,0.48
DEU,jtoml,0.48
DJI,jbeef,0.28
DJI,jpork,0.08
DJI,jlamb,0.16
DJI,jpoul,0.08
DJI,jbarl,-0.17
DJI,jmaiz,-0.17
DJI,jmill,-0.17
DJI,jrice,-0.34
DJI,jsorg,-0.17
DJI,jwhea,-0.29
DJI,jocer,-0.17
DJI,jbean,-0.0969
DJI,jchkp,-0.0969
DJI,jcowp,-0.0969
DJI,jlent,-0.0969
DJI,jpigp,-0.0969
DJI,jopul,-0.0969
DJI,jbana,-0.13
DJI,jplnt,-0.13
DJI,jsubf,-0.13
DJI,jtemf,-0.13
DJI,jvege,-0.13
DJI,jsugr,0.3
DJI,jgrnd,-0.0969
DJI,jgdnt,-0.0969
DJI,jgdol,-0.03
DJI,jgdml,-0.03
DJI,jrpol,-0.03
DJI,jrpml,-0.03
DJI,jsbol,-0.03
DJI,jsbml,-0.03
DJI,jsfol,-0.03
DJI,jsfml,-0.03
DJI,jplol,-0.03
DJI,jpkol,-0.03
DJI,jpkml,-0.03
DJI,jtool,-0.03
DJI,jtoml,-0.03
DJI,jcoco,-0.13
DJI,jcafe,-0.13
DJI,jcott,-0.2688
DJI,jteas,-0.13
DJI,jothr,-0.0969
DNK,jbeef,0.131974056
DNK,jpork,0.017134985
DNK,jlamb,0.141404438
DNK,jpoul,0.400145888
DNK,jeggs,0.008054241
DNK,jmilk,0.008590853
DNK,jbarl,7.1517E-06
DNK,jmaiz,7.69393E-06
DNK,jmill,0.58
DNK,jrice,0.010714061
DNK,jwhea,6.79888E-06
DNK,jocer,1.04671E-05
DNK,jpota,0.104513785
DNK,jtemf,0.069863457
DNK,jsugc,0.002577357
DNK,jsugb,0.002577357
DNK,jsugr,0.002577357
DNK,jsugrc,0.002577357
DNK,jsugrb,0.002577357
DNK,jgdol,0.48
DNK,jgdml,0.48
DNK,jrpsd,0.000331114
DNK,jrpnt,0.000331114
DNK,jrpol,0.48
DNK,jrpml,0.48
DNK,jsoyb,0.000278732
DNK,jsbnt,0.000278732
DNK,jsbol,0.48
DNK,jsbml,0.48
DNK,jsnfl,0.000346722
DNK,jsfnt,0.000346722
DNK,jsfol,0.48
DNK,jsfml,0.48
DNK,jpalm,0.5
DNK,jpkrl,0.5
DNK,jpkol,0.48
DNK,jpkml,0.48
DNK,jtool,0.48
DNK,jtoml,0.48
DOM,jbeef,-0.22
DOM,jpork,-0.07
DOM,jlamb,-0.09
DOM,jpoul,-0.07
DOM,jmilk,-0.42
DOM,jmaiz,-0.04
DOM,jrice,-0.01
DOM,jwhea,-0.45
DOM,jbean,0.1864
DOM,jchkp,0.1864
DOM,jcowp,0.1864
DOM,jlent,0.1864
DOM,jpigp,0.1864
DOM,jopul,0.1864
DOM,jbana,0.25
DOM,jplnt,0.25
DOM,jsubf,0.25
DOM,jtemf,0.25
DOM,jvege,0.25
DOM,jsugr,0.2
DOM,jgrnd,0.1864
DOM,jgdnt,0.1864
DOM,jgdol,0.28
DOM,jgdml,0.28
DOM,jrpsd,0.16
DOM,jrpnt,0.16
DOM,jrpol,0.28
DOM,jrpml,0.28
DOM,jsoyb,0.16
DOM,jsbnt,0.16
DOM,jsbol,0.28
DOM,jsbml,0.28
DOM,jsnfl,0.16
DOM,jsfnt,0.16
DOM,jsfol,0.28
DOM,jsfml,0.28
DOM,jpalm,0.16
DOM,jplol,0.28
DOM,jpkrl,0.16
DOM,jpkol,0.28
DOM,jpkml,0.28
DOM,jtols,0.16
DOM,jtont,0.16
DOM,jtool,0.28
DOM,jtoml,0.28
DOM,jcoco,0.25
DOM,jcafe,0.25
DOM,jcott,0.5169
DOM,jteas,0.25
DOM,jothr,0.1864
DZA,jbeef,0.07
DZA,jpork,0.02
DZA,jlamb,0.07
DZA,jpoul,0.02
DZA,jeggs,0.1
DZA,jmilk,-0.11
DZA,jbarl,0.07
DZA,jmaiz,0.13
DZA,jmill,0.07
DZA,jrice,0.07
DZA,jsorg,0.07
DZA,jwhea,0.07
DZA,jocer,0.07
DZA,jbean,0.0746
DZA,jchkp,0.0746
DZA,jcowp,0.0746
DZA,jlent,0.0746
DZA,jpigp,0.0746
DZA,jopul,0.0746
DZA,jbana,0.1
DZA,jplnt,0.1
DZA,jsubf,0.1
DZA,jtemf,0.1
DZA,jvege,0.1
DZA,jsugr,0.2
DZA,jgrnd,0.0746
DZA,jgdnt,0.0746
DZA,jgdol,0.18
DZA,jgdml,0.18
DZA,jrpol,0.18
DZA,jrpml,0.18
DZA,jsbol,0.18
DZA,jsbml,0.18
DZA,jsfol,0.18
DZA,jsfml,0.18
DZA,jplol,0.18
DZA,jpkol,0.18
DZA,jpkml,0.18
DZA,jtool,0.18
DZA,jtoml,0.18
DZA,jcoco,0.1
DZA,jcafe,0.1
DZA,jcott,0.2068
DZA,jteas,0.1
DZA,jothr,0.0746
ECU,jbeef,-0.22
ECU,jpork,-0.07
ECU,jlamb,-0.09
ECU,jpoul,-0.07
ECU,jmilk,-0.42
ECU,jmaiz,-0.04
ECU,jrice,-0.01
ECU,jwhea,-0.45
ECU,jbean,0.1864
ECU,jchkp,0.1864
ECU,jcowp,0.1864
ECU,jlent,0.1864
ECU,jpigp,0.1864
ECU,jopul,0.1864
ECU,jbana,0.25
ECU,jplnt,0.25
ECU,jsubf,0.25
ECU,jtemf,0.25
ECU,jvege,0.25
ECU,jsugr,0.2
ECU,jgrnd,0.1864
ECU,jgdnt,0.1864
ECU,jgdol,0.28
ECU,jgdml,0.28
ECU,jrpsd,0.16
ECU,jrpnt,0.16
ECU,jrpol,0.28
ECU,jrpml,0.28
ECU,jsoyb,0.16
ECU,jsbnt,0.16
ECU,jsbol,0.28
ECU,jsbml,0.28
ECU,jsnfl,0.16
ECU,jsfnt,0.16
ECU,jsfol,0.28
ECU,jsfml,0.28
ECU,jpalm,0.16
ECU,jplol,0.28
ECU,jpkrl,0.16
ECU,jpkol,0.28
ECU,jpkml,0.28
ECU,jtols,0.16
ECU,jtont,0.16
ECU,jtool,0.28
ECU,jtoml,0.28
ECU,jcoco,0.25
ECU,jcafe,0.25
ECU,jcott,0.5169
ECU,jteas,0.25
ECU,jothr,0.1864
EGY,jbarl,-0.23
EGY,jmaiz,0.03
EGY,jmill,-0.23
EGY,jrice,-0.23
EGY,jsorg,-0.23
EGY,jwhea,0.74
EGY,jocer,-0.23
EGY,jbean,0.0895
EGY,jchkp,0.0895
EGY,jcowp,0.0895
EGY,jlent,0.0895
EGY,jpigp,0.0895
EGY,jopul,0.0895
EGY,jbana,0.12
EGY,jplnt,0.12
EGY,jsubf,0.12
EGY,jtemf,0.12
EGY,jvege,0.12
EGY,jsugr,0.2
EGY,jgrnd,0.0895
EGY,jgdnt,0.0895
EGY,jgdol,0.04
EGY,jgdml,0.04
EGY,jrpol,0.04
EGY,jrpml,0.04
EGY,jsbol,0.04
EGY,jsbml,0.04
EGY,jsfol,0.04
EGY,jsfml,0.04
EGY,jplol,0.04
EGY,jpkol,0.04
EGY,jpkml,0.04
EGY,jtool,0.04
EGY,jtoml,0.04
EGY,jcoco,0.12
EGY,jcafe,0.12
EGY,jcott,0.2481
EGY,jteas,0.12
EGY,jothr,0.0895
ERI,jbeef,0.28
ERI,jpork,0.08
ERI,jlamb,0.16
ERI,jpoul,0.08
ERI,jbarl,-0.17
ERI,jmaiz,-0.17
ERI,jmill,-0.17
ERI,jrice,-0.34
ERI,jsorg,-0.17
ERI,jwhea,-0.29
ERI,jocer,-0.17
ERI,jbean,-0.1044
ERI,jchkp,-0.1044
ERI,jcowp,-0.1044
ERI,jlent,-0.1044
ERI,jpigp,-0.1044
ERI,jopul,-0.1044
ERI,jbana,-0.14
ERI,jplnt,-0.14
ERI,jsubf,-0.14
ERI,jtemf,-0.14
ERI,jvege,-0.14
ERI,jsugr,0.3
ERI,jgrnd,-0.1044
ERI,jgdnt,-0.1044
ERI,jgdol,-0.03
ERI,jgdml,-0.03
ERI,jrpol,-0.03
ERI,jrpml,-0.03
ERI,jsbol,-0.03
ERI,jsbml,-0.03
ERI,jsfol,-0.03
ERI,jsfml,-0.03
ERI,jplol,-0.03
ERI,jpkol,-0.03
ERI,jpkml,-0.03
ERI,jtool,-0.03
ERI,jtoml,-0.03
ERI,jcoco,-0.14
ERI,jcafe,-0.14
ERI,jcott,-0.2895
ERI,jteas,-0.14
ERI,jothr,-0.1044
ETH,jbeef,0.28
ETH,jpork,0.08
ETH,jlamb,0.16
ETH,jpoul,0.08
ETH,jbarl,-0.17
ETH,jmaiz,-0.17
ETH,jmill,-0.17
ETH,jrice,-0.34
ETH,jsorg,-0.17
ETH,jwhea,-0.29
ETH,jocer,-0.17
ETH,jbean,-0.1044
ETH,jchkp,-0.1044
ETH,jcowp,-0.1044
ETH,jlent,-0.1044
ETH,jpigp,-0.1044
ETH,jopul,-0.1044
ETH,jbana,-0.14
ETH,jplnt,-0.14
ETH,jsubf,-0.14
ETH,jtemf,-0.14
ETH,jvege,-0.14
ETH,jsugr,0.3
ETH,jgrnd,-0.1044
ETH,jgdnt,-0.1044
ETH,jgdol,-0.03
ETH,jgdml,-0.03
ETH,jrpol,-0.03
ETH,jrpml,-0.03
ETH,jsbol,-0.03
ETH,jsbml,-0.03
ETH,jsfol,-0.03
ETH,jsfml,-0.03
ETH,jplol,-0.03
ETH,jpkol,-0.03
ETH,jpkml,-0.03
ETH,jtool,-0.03
ETH,jtoml,-0.03
ETH,jcoco,-0.14
ETH,jcafe,-0.14
ETH,jcott,-0.2895
ETH,jteas,-0.14
ETH,jothr,-0.1044
FJI,jmaiz,-0.01
FJI,jrice,-0.02
FJI,jwhea,-0.01
FJI,jbean,0.1119
FJI,jchkp,0.1119
FJI,jcowp,0.1119
FJI,jlent,0.1119
FJI,jpigp,0.1119
FJI,jopul,0.1119
FJI,jbana,0.15
FJI,jplnt,0.15
FJI,jsubf,0.15
FJI,jtemf,0.15
FJI,jvege,0.15
FJI,jsugr,0.2
FJI,jgrnd,0.1119
FJI,jgdnt,0.1119
FJI,jcoco,0.15
FJI,jcafe,0.15
FJI,jcott,0.3102
FJI,jteas,0.15
FJI,jothr,0.1119
FNP,jbeef,0.131974056
FNP,jpork,0.017134985
FNP,jlamb,0.141404438
FNP,jpoul,0.400145888
FNP,jeggs,0.008054241
FNP,jmilk,0.008590853
FNP,jbarl,7.1517E-06
FNP,jmaiz,7.69393E-06
FNP,jmill,0.58
FNP,jrice,0.010714061
FNP,jwhea,6.79888E-06
FNP,jocer,1.04671E-05
FNP,jpota,0.104513785
FNP,jtemf,0.069863457
FNP,jsugc,0.002577357
FNP,jsugb,0.002577357
FNP,jsugr,0.002577357
FNP,jsugrc,0.002577357
FNP,jsugrb,0.002577357
FNP,jgdol,0.48
FNP,jgdml,0.48
FNP,jrpsd,0.000331114
FNP,jrpnt,0.000331114
FNP,jrpol,0.48
FNP,jrpml,0.48
FNP,jsoyb,0.000278732
FNP,jsbnt,0.000278732
FNP,jsbol,0.48
FNP,jsbml,0.48
FNP,jsnfl,0.000346722
FNP,jsfnt,0.000346722
FNP,jsfol,0.48
FNP,jsfml,0.48
FNP,jpalm,0.5
FNP,jpkrl,0.5
FNP,jpkol,0.48
FNP,jpkml,0.48
FNP,jtool,0.48
FNP,jtoml,0.48
FRP,jbeef,0.131974056
FRP,jpork,0.017134985
FRP,jlamb,0.141404438
FRP,jpoul,0.400145888
FRP,jeggs,0.008054241
FRP,jmilk,0.008590853
FRP,jbarl,7.1517E-06
FRP,jmaiz,7.69393E-06
FRP,jmill,0.58
FRP,jrice,0.010714061
FRP,jwhea,6.79888E-06
FRP,jocer,1.04671E-05
FRP,jpota,0.104513785
FRP,jtemf,0.069863457
FRP,jsugc,0.002577357
FRP,jsugb,0.002577357
FRP,jsugr,0.002577357
FRP,jsugrc,0.002577357
FRP,jsugrb,0.002577357
FRP,jgdol,0.48
FRP,jgdml,0.48
FRP,jrpsd,0.000331114
FRP,jrpnt,0.000331114
FRP,jrpol,0.48
FRP,jrpml,0.48
FRP,jsoyb,0.000278732
FRP,jsbnt,0.000278732
FRP,jsbol,0.48
FRP,jsbml,0.48
FRP,jsnfl,0.000346722
FRP,jsfnt,0.000346722
FRP,jsfol,0.48
FRP,jsfml,0.48
FRP,jpalm,0.5
FRP,jpkrl,0.5
FRP,jpkol,0.48
FRP,jpkml,0.48
FRP,jtool,0.48
FRP,jtoml,0.48
GAB,jbeef,0.43
GAB,jpork,0.28
GAB,jlamb,0.28
GAB,jpoul,0.1
GAB,jeggs,0.1
GAB,jbarl,-0.23
GAB,jmaiz,-0.23
GAB,jmill,-0.23
GAB,jrice,0.41
GAB,jsorg,-0.23
GAB,jwhea,-0.2
GAB,jocer,-0.23
GAB,jbean,-0.0969
GAB,jchkp,-0.0969
GAB,jcowp,-0.0969
GAB,jlent,-0.0969
GAB,jpigp,-0.0969
GAB,jopul,-0.0969
GAB,jbana,-0.13
GAB,jplnt,-0.13
GAB,jsubf,-0.13
GAB,jtemf,-0.13
GAB,jvege,-0.13
GAB,jsugr,0.3
GAB,jgrnd,-0.0969
GAB,jgdnt,-0.0969
GAB,jgdol,-0.07
GAB,jgdml,-0.07
GAB,jrpol,-0.07
GAB,jrpml,-0.07
GAB,jsbol,-0.07
GAB,jsbml,-0.07
GAB,jsfol,-0.07
GAB,jsfml,-0.07
GAB,jplol,-0.07
GAB,jpkol,-0.07
GAB,jpkml,-0.07
GAB,jtool,-0.07
GAB,jtoml,-0.07
GAB,jcoco,-0.13
GAB,jcafe,-0.13
GAB,jcott,-0.2688
GAB,jteas,-0.13
GAB,jothr,-0.0969
GEO,jbeef,0.39
GEO,jpork,0.38
GEO,jlamb,0.38
GEO,jpoul,0.38
GEO,jeggs,0.23
GEO,jmilk,0.45
GEO,jrice,-0.03
GEO,jwhea,-0.15
GEO,jgdol,-0.04
GEO,jgdml,-0.04
GEO,jrpol,-0.04
GEO,jrpml,-0.04
GEO,jsbol,-0.04
GEO,jsbml,-0.04
GEO,jsfol,-0.04
GEO,jsfml,-0.04
GEO,jplol,-0.04
GEO,jpkol,-0.04
GEO,jpkml,-0.04
GEO,jtool,-0.04
GEO,jtoml,-0.04
GHA,jbeef,0.43
GHA,jpork,0.28
GHA,jlamb,0.28
GHA,jpoul,0.1
GHA,jeggs,0.1
GHA,jbarl,-0.23
GHA,jmaiz,-0.23
GHA,jmill,-0.23
GHA,jrice,0.41
GHA,jsorg,-0.23
GHA,jwhea,-0.2
GHA,jocer,-0.23
GHA,jbean,-0.0969
GHA,jchkp,-0.0969
GHA,jcowp,-0.0969
GHA,jlent,-0.0969
GHA,jpigp,-0.0969
GHA,jopul,-0.0969
GHA,jbana,-0.13
GHA,jplnt,-0.13
GHA,jsubf,-0.13
GHA,jtemf,-0.13
GHA,jvege,-0.13
GHA,jsugr,0.3
GHA,jgrnd,-0.0969
GHA,jgdnt,-0.0969
GHA,jgdol,-0.07
GHA,jgdml,-0.07
GHA,jrpol,-0.07
GHA,jrpml,-0.07
GHA,jsbol,-0.07
GHA,jsbml,-0.07
GHA,jsfol,-0.07
GHA,jsfml,-0.07
GHA,jplol,-0.07
GHA,jpkol,-0.07
GHA,jpkml,-0.07
GHA,jtool,-0.07
GHA,jtoml,-0.07
GHA,jcoco,-0.13
GHA,jcafe,-0.13
GHA,jcott,-0.2688
GHA,jteas,-0.13
GHA,jothr,-0.0969
GIN,jbeef,0.43
GIN,jpork,0.28
GIN,jlamb,0.28
GIN,jpoul,0.1
GIN,jeggs,0.1
GIN,jbarl,-0.23
GIN,jmaiz,-0.23
GIN,jmill,-0.23
GIN,jrice,0.41
GIN,jsorg,-0.23
GIN,jwhea,-0.2
GIN,jocer,-0.23
GIN,jbean,-0.0969
GIN,jchkp,-0.0969
GIN,jcowp,-0.0969
GIN,jlent,-0.0969
GIN,jpigp,-0.0969
GIN,jopul,-0.0969
GIN,jbana,-0.13
GIN,jplnt,-0.13
GIN,jsubf,-0.13
GIN,jtemf,-0.13
GIN,jvege,-0.13
GIN,jsugr,0.3
GIN,jgrnd,-0.0969
GIN,jgdnt,-0.0969
GIN,jgdol,-0.07
GIN,jgdml,-0.07
GIN,jrpol,-0.07
GIN,jrpml,-0.07
GIN,jsbol,-0.07
GIN,jsbml,-0.07
GIN,jsfol,-0.07
GIN,jsfml,-0.07
GIN,jplol,-0.07
GIN,jpkol,-0.07
GIN,jpkml,-0.07
GIN,jtool,-0.07
GIN,jtoml,-0.07
GIN,jcoco,-0.13
GIN,jcafe,-0.13
GIN,jcott,-0.2688
GIN,jteas,-0.13
GIN,jothr,-0.0969
GMB,jbeef,0.43
GMB,jpork,0.28
GMB,jlamb,0.28
GMB,jpoul,0.1
GMB,jeggs,0.1
GMB,jbarl,-0.23
GMB,jmaiz,-0.23
GMB,jmill,-0.23
GMB,jrice,0.41
GMB,jsorg,-0.23
GMB,jwhea,-0.2
GMB,jocer,-0.23
GMB,jbean,-0.0969
GMB,jchkp,-0.0969
GMB,jcowp,-0.0969
GMB,jlent,-0.0969
GMB,jpigp,-0.0969
GMB,jopul,-0.0969
GMB,jbana,-0.13
GMB,jplnt,-0.13
GMB,jsubf,-0.13
GMB,jtemf,-0.13
GMB,jvege,-0.13
GMB,jsugr,0.3
GMB,jgrnd,-0.0969
GMB,jgdnt,-0.0969
GMB,jgdol,-0.07
GMB,jgdml,-0.07
GMB,jrpol,-0.07
GMB,jrpml,-0.07
GMB,jsbol,-0.07
GMB,jsbml,-0.07
GMB,jsfol,-0.07
GMB,jsfml,-0.07
GMB,jplol,-0.07
GMB,jpkol,-0.07
GMB,jpkml,-0.07
GMB,jtool,-0.07
GMB,jtoml,-0.07
GMB,jcoco,-0.13
GMB,jcafe,-0.13
GMB,jcott,-0.2688
GMB,jteas,-0.13
GMB,jothr,-0.0969
GNB,jbeef,0.43
GNB,jpork,0.28
GNB,jlamb,0.28
GNB,jpoul,0.1
GNB,jeggs,0.1
GNB,jbarl,-0.23
GNB,jmaiz,-0.23
GNB,jmill,-0.23
GNB,jrice,0.41
GNB,jsorg,-0.23
GNB,jwhea,-0.2
GNB,jocer,-0.23
GNB,jbean,-0.0969
GNB,jchkp,-0.0969
GNB,jcowp,-0.0969
GNB,jlent,-0.0969
GNB,jpigp,-0.0969
GNB,jopul,-0.0969
GNB,jbana,-0.13
GNB,jplnt,-0.13
GNB,jsubf,-0.13
GNB,jtemf,-0.13
GNB,jvege,-0.13
GNB,jsugr,0.3
GNB,jgrnd,-0.0969
GNB,jgdnt,-0.0969
GNB,jgdol,-0.07
GNB,jgdml,-0.07
GNB,jrpol,-0.07
GNB,jrpml,-0.07
GNB,jsbol,-0.07
GNB,jsbml,-0.07
GNB,jsfol,-0.07
GNB,jsfml,-0.07
GNB,jplol,-0.07
GNB,jpkol,-0.07
GNB,jpkml,-0.07
GNB,jtool,-0.07
GNB,jtoml,-0.07
GNB,jcoco,-0.13
GNB,jcafe,-0.13
GNB,jcott,-0.2688
GNB,jteas,-0.13
GNB,jothr,-0.0969
GNQ,jbeef,0.43
GNQ,jpork,0.28
GNQ,jlamb,0.28
GNQ,jpoul,0.1
GNQ,jeggs,0.1
GNQ,jbarl,-0.23
GNQ,jmaiz,-0.23
GNQ,jmill,-0.23
GNQ,jrice,0.41
GNQ,jsorg,-0.23
GNQ,jwhea,-0.2
GNQ,jocer,-0.23
GNQ,jbean,-0.0969
GNQ,jchkp,-0.0969
GNQ,jcowp,-0.0969
GNQ,jlent,-0.0969
GNQ,jpigp,-0.0969
GNQ,jopul,-0.0969
GNQ,jbana,-0.13
GNQ,jplnt,-0.13
GNQ,jsubf,-0.13
GNQ,jtemf,-0.13
GNQ,jvege,-0.13
GNQ,jsugr,0.3
GNQ,jgrnd,-0.0969
GNQ,jgdnt,-0.0969
GNQ,jgdol,-0.07
GNQ,jgdml,-0.07
GNQ,jrpol,-0.07
GNQ,jrpml,-0.07
GNQ,jsbol,-0.07
GNQ,jsbml,-0.07
GNQ,jsfol,-0.07
GNQ,jsfml,-0.07
GNQ,jplol,-0.07
GNQ,jpkol,-0.07
GNQ,jpkml,-0.07
GNQ,jtool,-0.07
GNQ,jtoml,-0.07
GNQ,jcoco,-0.13
GNQ,jcafe,-0.13
GNQ,jcott,-0.2688
GNQ,jteas,-0.13
GNQ,jothr,-0.0969
GRC,jbeef,0.131974056
GRC,jpork,0.017134985
GRC,jlamb,0.141404438
GRC,jpoul,0.400145888
GRC,jeggs,0.008054241
GRC,jmilk,0.008590853
GRC,jbarl,7.1517E-06
GRC,jmaiz,7.69393E-06
GRC,jrice,0.010714061
GRC,jwhea,6.79888E-06
GRC,jocer,1.04671E-05
GRC,jpota,0.104513785
GRC,jtemf,0.069863457
GRC,jsugc,0.002577357
GRC,jsugb,0.002577357
GRC,jsugr,0.002577357
GRC,jsugrc,0.002577357
GRC,jsugrb,0.002577357
GRC,jgdol,-0.09
GRC,jgdml,-0.09
GRC,jrpsd,0.000331114
GRC,jrpnt,0.000331114
GRC,jrpol,-0.09
GRC,jrpml,-0.09
GRC,jsoyb,0.000278732
GRC,jsbnt,0.000278732
GRC,jsbol,-0.09
GRC,jsbml,-0.09
GRC,jsnfl,0.000346722
GRC,jsfnt,0.000346722
GRC,jsfol,-0.09
GRC,jsfml,-0.09
GRC,jpkol,-0.09
GRC,jpkml,-0.09
GRC,jtool,-0.09
GRC,jtoml,-0.09
GSA,jbeef,-0.22
GSA,jpork,-0.07
GSA,jlamb,-0.09
GSA,jpoul,-0.07
GSA,jmilk,-0.42
GSA,jmaiz,-0.04
GSA,jrice,-0.01
GSA,jwhea,-0.45
GSA,jbean,0.1864
GSA,jchkp,0.1864
GSA,jcowp,0.1864
GSA,jlent,0.1864
GSA,jpigp,0.1864
GSA,jopul,0.1864
GSA,jbana,0.25
GSA,jplnt,0.25
GSA,jsubf,0.25
GSA,jtemf,0.25
GSA,jvege,0.25
GSA,jsugr,0.2
GSA,jgrnd,0.1864
GSA,jgdnt,0.1864
GSA,jgdol,0.28
GSA,jgdml,0.28
GSA,jrpsd,0.16
GSA,jrpnt,0.16
GSA,jrpol,0.28
GSA,jrpml,0.28
GSA,jsoyb,0.16
GSA,jsbnt,0.16
GSA,jsbol,0.28
GSA,jsbml,0.28
GSA,jsnfl,0.16
GSA,jsfnt,0.16
GSA,jsfol,0.28
GSA,jsfml,0.28
GSA,jpalm,0.16
GSA,jplol,0.28
GSA,jpkrl,0.16
GSA,jpkol,0.28
GSA,jpkml,0.28
GSA,jtols,0.16
GSA,jtont,0.16
GSA,jtool,0.28
GSA,jtoml,0.28
GSA,jcoco,0.25
GSA,jcafe,0.25
GSA,jcott,0.5169
GSA,jteas,0.25
GSA,jothr,0.1864
GTM,jbeef,-0.22
GTM,jpork,-0.07
GTM,jlamb,-0.09
GTM,jpoul,-0.07
GTM,jmilk,-0.42
GTM,jmaiz,-0.04
GTM,jrice,-0.01
GTM,jwhea,-0.45
GTM,jbean,0.1864
GTM,jchkp,0.1864
GTM,jcowp,0.1864
GTM,jlent,0.1864
GTM,jpigp,0.1864
GTM,jopul,0.1864
GTM,jbana,0.25
GTM,jplnt,0.25
GTM,jsubf,0.25
GTM,jtemf,0.25
GTM,jvege,0.25
GTM,jsugr,0.2
GTM,jgrnd,0.1864
GTM,jgdnt,0.1864
GTM,jgdol,0.28
GTM,jgdml,0.28
GTM,jrpsd,0.16
GTM,jrpnt,0.16
GTM,jrpol,0.28
GTM,jrpml,0.28
GTM,jsoyb,0.16
GTM,jsbnt,0.16
GTM,jsbol,0.28
GTM,jsbml,0.28
GTM,jsnfl,0.16
GTM,jsfnt,0.16
GTM,jsfol,0.28
GTM,jsfml,0.28
GTM,jpalm,0.16
GTM,jplol,0.28
GTM,jpkrl,0.16
GTM,jpkol,0.28
GTM,jpkml,0.28
GTM,jtols,0.16
GTM,jtont,0.16
GTM,jtool,0.28
GTM,jtoml,0.28
GTM,jcoco,0.25
GTM,jcafe,0.25
GTM,jcott,0.5169
GTM,jteas,0.25
GTM,jothr,0.1864
HND,jbeef,-0.22
HND,jpork,-0.07
HND,jlamb,-0.09
HND,jpoul,-0.07
HND,jmilk,-0.42
HND,jmaiz,-0.04
HND,jrice,-0.01
HND,jwhea,-0.45
HND,jbean,0.1864
HND,jchkp,0.1864
HND,jcowp,0.1864
HND,jlent,0.1864
HND,jpigp,0.1864
HND,jopul,0.1864
HND,jbana,0.25
HND,jplnt,0.25
HND,jsubf,0.25
HND,jtemf,0.25
HND,jvege,0.25
HND,jsugr,0.2
HND,jgrnd,0.1864
HND,jgdnt,0.1864
HND,jgdol,0.28
HND,jgdml,0.28
HND,jrpsd,0.16
HND,jrpnt,0.16
HND,jrpol,0.28
HND,jrpml,0.28
HND,jsoyb,0.16
HND,jsbnt,0.16
HND,jsbol,0.28
HND,jsbml,0.28
HND,jsnfl,0.16
HND,jsfnt,0.16
HND,jsfol,0.28
HND,jsfml,0.28
HND,jpalm,0.16
HND,jplol,0.28
HND,jpkrl,0.16
HND,jpkol,0.28
HND,jpkml,0.28
HND,jtols,0.16
HND,jtont,0.16
HND,jtool,0.28
HND,jtoml,0.28
HND,jcoco,0.25
HND,jcafe,0.25
HND,jcott,0.5169
HND,jteas,0.25
HND,jothr,0.1864
HRV,jbeef,0.131974056
HRV,jpork,0.017134985
HRV,jlamb,0.141404438
HRV,jpoul,0.400145888
HRV,jeggs,0.008054241
HRV,jmilk,0.008590853
HRV,jbarl,7.1517E-06
HRV,jmaiz,7.69393E-06
HRV,jrice,0.010714061
HRV,jwhea,6.79888E-06
HRV,jocer,1.04671E-05
HRV,jpota,0.104513785
HRV,jtemf,0.069863457
HRV,jsugc,0.002577357
HRV,jsugb,0.002577357
HRV,jsugr,0.002577357
HRV,jsugrc,0.002577357
HRV,jsugrb,0.002577357
HRV,jgdol,-0.09
HRV,jgdml,-0.09
HRV,jrpsd,0.000331114
HRV,jrpnt,0.000331114
HRV,jrpol,-0.09
HRV,jrpml,-0.09
HRV,jsoyb,0.000278732
HRV,jsbnt,0.000278732
HRV,jsbol,-0.09
HRV,jsbml,-0.09
HRV,jsnfl,0.000346722
HRV,jsfnt,0.000346722
HRV,jsfol,-0.09
HRV,jsfml,-0.09
HRV,jpkol,-0.09
HRV,jpkml,-0.09
HRV,jtool,-0.09
HRV,jtoml,-0.09
HTI,jbeef,-0.22
HTI,jpork,-0.07
HTI,jlamb,-0.09
HTI,jpoul,-0.07
HTI,jmilk,-0.42
HTI,jmaiz,-0.04
HTI,jrice,-0.01
HTI,jwhea,-0.45
HTI,jbean,0.1864
HTI,jchkp,0.1864
HTI,jcowp,0.1864
HTI,jlent,0.1864
HTI,jpigp,0.1864
HTI,jopul,0.1864
HTI,jbana,0.25
HTI,jplnt,0.25
HTI,jsubf,0.25
HTI,jtemf,0.25
HTI,jvege,0.25
HTI,jsugr,0.2
HTI,jgrnd,0.1864
HTI,jgdnt,0.1864
HTI,jgdol,0.28
HTI,jgdml,0.28
HTI,jrpsd,0.16
HTI,jrpnt,0.16
HTI,jrpol,0.28
HTI,jrpml,0.28
HTI,jsoyb,0.16
HTI,jsbnt,0.16
HTI,jsbol,0.28
HTI,jsbml,0.28
HTI,jsnfl,0.16
HTI,jsfnt,0.16
HTI,jsfol,0.28
HTI,jsfml,0.28
HTI,jpalm,0.16
HTI,jplol,0.28
HTI,jpkrl,0.16
HTI,jpkol,0.28
HTI,jpkml,0.28
HTI,jtols,0.16
HTI,jtont,0.16
HTI,jtool,0.28
HTI,jtoml,0.28
HTI,jcoco,0.25
HTI,jcafe,0.25
HTI,jcott,0.5169
HTI,jteas,0.25
HTI,jothr,0.1864
HUN,jbeef,0.131974056
HUN,jpork,0.017134985
HUN,jlamb,0.141404438
HUN,jpoul,0.400145888
HUN,jeggs,0.008054241
HUN,jmilk,0.008590853
HUN,jbarl,7.1517E-06
HUN,jmaiz,7.69393E-06
HUN,jrice,0.010714061
HUN,jwhea,6.79888E-06
HUN,jocer,1.04671E-05
HUN,jpota,0.104513785
HUN,jtemf,0.069863457
HUN,jsugc,0.002577357
HUN,jsugb,0.002577357
HUN,jsugr,0.002577357
HUN,jsugrc,0.002577357
HUN,jsugrb,0.002577357
HUN,jgdol,-0.09
HUN,jgdml,-0.09
HUN,jrpsd,0.000331114
HUN,jrpnt,0.000331114
HUN,jrpol,-0.09
HUN,jrpml,-0.09
HUN,jsoyb,0.000278732
HUN,jsbnt,0.000278732
HUN,jsbol,-0.09
HUN,jsbml,-0.09
HUN,jsnfl,0.000346722
HUN,jsfnt,0.000346722
HUN,jsfol,-0.09
HUN,jsfml,-0.09
HUN,jpkol,-0.09
HUN,jpkml,-0.09
HUN,jtool,-0.09
HUN,jtoml,-0.09
IDN,jbeef,0.673091954
IDN,jpoul,0.9999
IDN,jeggs,0.416814046
IDN,jmilk,-0.13233636
IDN,jmaiz,0.574820239
IDN,jrice,0.432392538
IDN,jchkp,0.0298
IDN,jpigp,0.0298
IDN,jopul,0.0298
IDN,jsugc,0.268988925
IDN,jsugb,0.268988925
IDN,jsugr,0.268988925
IDN,jsugrc,0.268988925
IDN,jsugrb,0.268988925
IDN,jgdml,-0.19
IDN,jrpml,-0.19
IDN,jsoyb,0.025
IDN,jsbnt,0.025
IDN,jsbml,-0.19
IDN,jsfml,-0.19
IDN,jpalm,-0.38
IDN,jplol,-0.074192268
IDN,jpkrl,-0.38
IDN,jpkml,-0.19
IDN,jtoml,-0.19
IDN,jteas,0.04
IDN,jothr,0.0298
IND,jbeef,-0.41
IND,jpork,-0.6
IND,jlamb,-0.41
IND,jpoul,-0.41
IND,jeggs,-0.11
IND,jbarl,-0.02
IND,jmaiz,-0.02
IND,jmill,-0.02
IND,jrice,0.18
IND,jsorg,-0.02
IND,jwhea,-0.19
IND,jocer,-0.02
IND,jbean,0.1193
IND,jchkp,0.1193
IND,jcowp,0.1193
IND,jlent,0.1193
IND,jpigp,0.1193
IND,jopul,0.1193
IND,jbana,0.12
IND,jplnt,0.12
IND,jsubf,0.12
IND,jtemf,0.12
IND,jvege,0.2
IND,jsugr,0.54
IND,jgrnd,0.1193
IND,jgdnt,0.1193
IND,jcoco,0.12
IND,jcafe,0.12
IND,jcott,0.3308
IND,jteas,0.12
IND,jothr,0.1193
IRL,jbeef,0.131974056
IRL,jpork,0.017134985
IRL,jlamb,0.141404438
IRL,jpoul,0.400145888
IRL,jeggs,0.008054241
IRL,jmilk,0.008590853
IRL,jbarl,7.1517E-06
IRL,jmaiz,7.69393E-06
IRL,jmill,0.58
IRL,jrice,0.010714061
IRL,jwhea,6.79888E-06
IRL,jocer,1.04671E-05
IRL,jpota,0.104513785
IRL,jtemf,0.069863457
IRL,jsugc,0.002577357
IRL,jsugb,0.002577357
IRL,jsugr,0.002577357
IRL,jsugrc,0.002577357
IRL,jsugrb,0.002577357
IRL,jgdol,0.48
IRL,jgdml,0.48
IRL,jrpsd,0.000331114
IRL,jrpnt,0.000331114
IRL,jrpol,0.48
IRL,jrpml,0.48
IRL,jsoyb,0.000278732
IRL,jsbnt,0.000278732
IRL,jsbol,0.48
IRL,jsbml,0.48
IRL,jsnfl,0.000346722
IRL,jsfnt,0.000346722
IRL,jsfol,0.48
IRL,jsfml,0.48
IRL,jpalm,0.5
IRL,jpkrl,0.5
IRL,jpkol,0.48
IRL,jpkml,0.48
IRL,jtool,0.48
IRL,jtoml,0.48
IRN,jbeef,0.07
IRN,jpork,0.02
IRN,jlamb,0.07
IRN,jpoul,0.02
IRN,jeggs,0.1
IRN,jmilk,-0.11
IRN,jbarl,0.07
IRN,jmaiz,0.13
IRN,jmill,0.07
IRN,jrice,0.07
IRN,jsorg,0.07
IRN,jwhea,0.07
IRN,jocer,0.07
IRN,jbean,0.0746
IRN,jchkp,0.0746
IRN,jcowp,0.0746
IRN,jlent,0.0746
IRN,jpigp,0.0746
IRN,jopul,0.0746
IRN,jbana,0.1
IRN,jplnt,0.1
IRN,jsubf,0.1
IRN,jtemf,0.1
IRN,jvege,0.1
IRN,jsugr,0.2
IRN,jgrnd,0.0746
IRN,jgdnt,0.0746
IRN,jgdol,0.18
IRN,jgdml,0.18
IRN,jrpol,0.18
IRN,jrpml,0.18
IRN,jsbol,0.18
IRN,jsbml,0.18
IRN,jsfol,0.18
IRN,jsfml,0.18
IRN,jplol,0.18
IRN,jpkol,0.18
IRN,jpkml,0.18
IRN,jtool,0.18
IRN,jtoml,0.18
IRN,jcoco,0.1
IRN,jcafe,0.1
IRN,jcott,0.2068
IRN,jteas,0.1
IRN,jothr,0.0746
IRQ,jbeef,0.07
IRQ,jpork,0.02
IRQ,jlamb,0.07
IRQ,jpoul,0.02
IRQ,jeggs,0.1
IRQ,jmilk,-0.11
IRQ,jbarl,0.07
IRQ,jmaiz,0.13
IRQ,jmill,0.07
IRQ,jrice,0.07
IRQ,jsorg,0.07
IRQ,jwhea,0.07
IRQ,jocer,0.07
IRQ,jbean,0.0746
IRQ,jchkp,0.0746
IRQ,jcowp,0.0746
IRQ,jlent,0.0746
IRQ,jpigp,0.0746
IRQ,jopul,0.0746
IRQ,jbana,0.1
IRQ,jplnt,0.1
IRQ,jsubf,0.1
IRQ,jtemf,0.1
IRQ,jvege,0.1
IRQ,jsugr,0.2
IRQ,jgrnd,0.0746
IRQ,jgdnt,0.0746
IRQ,jgdol,0.18
IRQ,jgdml,0.18
IRQ,jrpol,0.18
IRQ,jrpml,0.18
IRQ,jsbol,0.18
IRQ,jsbml,0.18
IRQ,jsfol,0.18
IRQ,jsfml,0.18
IRQ,jplol,0.18
IRQ,jpkol,0.18
IRQ,jpkml,0.18
IRQ,jtool,0.18
IRQ,jtoml,0.18
IRQ,jcoco,0.1
IRQ,jcafe,0.1
IRQ,jcott,0.2068
IRQ,jteas,0.1
IRQ,jothr,0.0746
ISL,jbeef,0.078044275
ISL,jpork,0.272260936
ISL,jpoul,0.9999
ISL,jeggs,0.9999
ISL,jmilk,0.887824485
ISL,jmill,0.58
ISL,jgdol,0.48
ISL,jgdml,0.48
ISL,jrpol,0.48
ISL,jrpml,0.48
ISL,jsbol,0.48
ISL,jsbml,0.48
ISL,jsfol,0.48
ISL,jsfml,0.48
ISL,jpalm,0.5
ISL,jpkrl,0.5
ISL,jpkol,0.48
ISL,jpkml,0.48
ISL,jtool,0.48
ISL,jtoml,0.48
ISR,jbeef,0.685610686
ISR,jlamb,0.5
ISR,jpoul,0.307967245
ISR,jeggs,0.096873527
ISR,jmilk,0.194514947
ISR,jwhea,0.153015483
ISR,jbana,0.104700939
ISR,jplnt,0.104700939
ISR,jtemf,0.065358604
ISR,jgdol,0.3
ISR,jgdml,0.3
ISR,jrpol,0.3
ISR,jrpml,0.3
ISR,jsbol,0.3
ISR,jsbml,0.3
ISR,jsfol,0.3
ISR,jsfml,0.3
ISR,jpkol,0.3
ISR,jpkml,0.3
ISR,jtool,0.3
ISR,jtoml,0.3
ISR,jcott,0.234479565
ITP,jbeef,0.131974056
ITP,jpork,0.017134985
ITP,jlamb,0.141404438
ITP,jpoul,0.400145888
ITP,jeggs,0.008054241
ITP,jmilk,0.008590853
ITP,jbarl,7.1517E-06
ITP,jmaiz,7.69393E-06
ITP,jmill,0.58
ITP,jrice,0.010714061
ITP,jwhea,6.79888E-06
ITP,jocer,1.04671E-05
ITP,jpota,0.104513785
ITP,jtemf,0.069863457
ITP,jsugc,0.002577357
ITP,jsugb,0.002577357
ITP,jsugr,0.002577357
ITP,jsugrc,0.002577357
ITP,jsugrb,0.002577357
ITP,jgdol,0.48
ITP,jgdml,0.48
ITP,jrpsd,0.000331114
ITP,jrpnt,0.000331114
ITP,jrpol,0.48
ITP,jrpml,0.48
ITP,jsoyb,0.000278732
ITP,jsbnt,0.000278732
ITP,jsbol,0.48
ITP,jsbml,0.48
ITP,jsnfl,0.000346722
ITP,jsfnt,0.000346722
ITP,jsfol,0.48
ITP,jsfml,0.48
ITP,jpalm,0.5
ITP,jpkrl,0.5
ITP,jpkol,0.48
ITP,jpkml,0.48
ITP,jtool,0.48
ITP,jtoml,0.48
JAM,jmaiz,-0.01
JAM,jrice,-0.02
JAM,jwhea,-0.01
JAM,jbean,0.1119
JAM,jchkp,0.1119
JAM,jcowp,0.1119
JAM,jlent,0.1119
JAM,jpigp,0.1119
JAM,jopul,0.1119
JAM,jbana,0.15
JAM,jplnt,0.15
JAM,jsubf,0.15
JAM,jtemf,0.15
JAM,jvege,0.15
JAM,jsugr,0.2
JAM,jgrnd,0.1119
JAM,jgdnt,0.1119
JAM,jcoco,0.15
JAM,jcafe,0.15
JAM,jcott,0.3102
JAM,jteas,0.15
JAM,jothr,0.1119
JOR,jbeef,0.07
JOR,jpork,0.02
JOR,jlamb,0.07
JOR,jpoul,0.02
JOR,jeggs,0.1
JOR,jmilk,-0.11
JOR,jbarl,0.07
JOR,jmaiz,0.13
JOR,jmill,0.07
JOR,jrice,0.07
JOR,jsorg,0.07
JOR,jwhea,0.07
JOR,jocer,0.07
JOR,jbean,0.0746
JOR,jchkp,0.0746
JOR,jcowp,0.0746
JOR,jlent,0.0746
JOR,jpigp,0.0746
JOR,jopul,0.0746
JOR,jbana,0.1
JOR,jplnt,0.1
JOR,jsubf,0.1
JOR,jtemf,0.1
JOR,jvege,0.1
JOR,jsugr,0.2
JOR,jgrnd,0.0746
JOR,jgdnt,0.0746
JOR,jgdol,0.18
JOR,jgdml,0.18
JOR,jrpol,0.18
JOR,jrpml,0.18
JOR,jsbol,0.18
JOR,jsbml,0.18
JOR,jsfol,0.18
JOR,jsfml,0.18
JOR,jplol,0.18
JOR,jpkol,0.18
JOR,jpkml,0.18
JOR,jtool,0.18
JOR,jtoml,0.18
JOR,jcoco,0.1
JOR,jcafe,0.1
JOR,jcott,0.2068
JOR,jteas,0.1
JOR,jothr,0.0746
JPN,jbeef,0.471397918
JPN,jpork,0.9999
JPN,jpoul,0.117583333
JPN,jeggs,0.171157176
JPN,jmilk,0.9999
JPN,jbarl,0.9999
JPN,jrice,0.9999
JPN,jwhea,0.928264362
JPN,jsubf,0.9999
JPN,jtemf,0.863822961
JPN,jvege,0.9999
JPN,jsugc,0.9999
JPN,jsugb,0.9999
JPN,jsugr,0.9999
JPN,jsugrc,0.9999
JPN,jsugrb,0.9999
JPN,jgdol,0.36
JPN,jgdml,0.36
JPN,jrpol,0.36
JPN,jrpml,0.36
JPN,jsoyb,0.230023932
JPN,jsbnt,0.230023932
JPN,jsbol,0.36
JPN,jsbml,0.36
JPN,jsfol,0.36
JPN,jsfml,0.36
JPN,jpalm,0.36
JPN,jpkrl,0.36
JPN,jpkol,0.36
JPN,jpkml,0.36
JPN,jtool,0.36
JPN,jtoml,0.36
KAZ,jbeef,0.023765104
KAZ,jpork,0.435929453
KAZ,jlamb,0.002703911
KAZ,jpoul,0.220152911
KAZ,jeggs,0.427197376
KAZ,jmilk,0.00989665
KAZ,jbarl,-0.025215123
KAZ,jmaiz,-0.176240318
KAZ,jrice,-0.234311376
KAZ,jwhea,0.079621018
KAZ,jgdol,-0.04
KAZ,jgdml,-0.04
KAZ,jrpol,-0.04
KAZ,jrpml,-0.04
KAZ,jsbol,-0.04
KAZ,jsbml,-0.04
KAZ,jsnfl,-0.232645729
KAZ,jsfnt,-0.232645729
KAZ,jsfol,-0.04
KAZ,jsfml,-0.04
KAZ,jpkol,-0.04
KAZ,jpkml,-0.04
KAZ,jtool,-0.04
KAZ,jtoml,-0.04
KAZ,jcott,0.547314186
KEN,jbeef,0.5
KEN,jpork,0.3
KEN,jlamb,-0.5
KEN,jpoul,0.3
KEN,jeggs,0.1
KEN,jmilk,-0.1
KEN,jbarl,-0.06
KEN,jmaiz,-0.06
KEN,jmill,-0.06
KEN,jrice,0.3
KEN,jsorg,-0.06
KEN,jwhea,-0.23
KEN,jocer,-0.06
KEN,jbean,-0.0969
KEN,jchkp,-0.0969
KEN,jcowp,-0.0969
KEN,jlent,-0.0969
KEN,jpigp,-0.0969
KEN,jopul,-0.0969
KEN,jbana,-0.13
KEN,jplnt,-0.13
KEN,jsubf,-0.13
KEN,jtemf,-0.13
KEN,jvege,-0.13
KEN,jsugr,0.3
KEN,jgrnd,-0.0969
KEN,jgdnt,-0.0969
KEN,jgdol,-0.07
KEN,jgdml,-0.02
KEN,jrpol,-0.07
KEN,jrpml,-0.02
KEN,jsbol,-0.07
KEN,jsbml,-0.02
KEN,jsfol,-0.07
KEN,jsfml,-0.02
KEN,jplol,-0.07
KEN,jpkol,-0.07
KEN,jpkml,-0.02
KEN,jtool,-0.07
KEN,jtoml,-0.02
KEN,jcoco,-0.13
KEN,jcafe,-0.13
KEN,jcott,-0.2688
KEN,jteas,-0.13
KEN,jothr,-0.0969
KGZ,jbeef,0.23
KGZ,jpork,0.22
KGZ,jlamb,0.21
KGZ,jpoul,0.24
KGZ,jeggs,0.22
KGZ,jmilk,0.37
KGZ,jrice,0.2
KGZ,jwhea,-0.15
KGZ,jgdol,-0.04
KGZ,jgdml,-0.04
KGZ,jrpol,-0.04
KGZ,jrpml,-0.04
KGZ,jsbol,-0.04
KGZ,jsbml,-0.04
KGZ,jsfol,-0.04
KGZ,jsfml,-0.04
KGZ,jplol,-0.04
KGZ,jpkol,-0.04
KGZ,jpkml,-0.04
KGZ,jtool,-0.04
KGZ,jtoml,-0.04
KHM,jbeef,0.15
KHM,jpork,0.16
KHM,jpoul,0.16
KHM,jmilk,0.08
KHM,jmaiz,-0.01
KHM,jrice,-0.02
KHM,jwhea,-0.01
KHM,jbean,0.0895
KHM,jchkp,0.0895
KHM,jcowp,0.0895
KHM,jlent,0.0895
KHM,jpigp,0.0895
KHM,jopul,0.0895
KHM,jbana,0.12
KHM,jplnt,0.12
KHM,jsubf,0.12
KHM,jtemf,0.12
KHM,jvege,0.12
KHM,jsugr,0.2
KHM,jgrnd,0.0895
KHM,jgdnt,0.0895
KHM,jgdol,-0.01
KHM,jgdml,-0.01
KHM,jrpol,-0.01
KHM,jrpml,-0.01
KHM,jsbol,-0.01
KHM,jsbml,-0.01
KHM,jsfol,-0.01
KHM,jsfml,-0.01
KHM,jplol,-0.01
KHM,jpkol,-0.01
KHM,jpkml,-0.01
KHM,jtool,-0.01
KHM,jtoml,-0.01
KHM,jcoco,0.12
KHM,jcafe,0.12
KHM,jcott,0.2481
KHM,jteas,0.12
KHM,jothr,0.0895
KOR,jbeef,0.445988735
KOR,jpork,0.9999
KOR,jpoul,0.874089578
KOR,jeggs,0.066792652
KOR,jmilk,0.77211651
KOR,jbarl,0.9999
KOR,jrice,0.740478082
KOR,jchkp,0.0447
KOR,jpigp,0.0447
KOR,jopul,0.0447
KOR,jvege,0.9999
KOR,jgdol,0.82
KOR,jgdml,0.82
KOR,jrpol,0.82
KOR,jrpml,0.82
KOR,jsoyb,0.9999
KOR,jsbnt,0.9999
KOR,jsbol,0.82
KOR,jsbml,0.82
KOR,jsfol,0.82
KOR,jsfml,0.82
KOR,jpalm,0.82
KOR,jpkrl,0.82
KOR,jpkol,0.82
KOR,jpkml,0.82
KOR,jtool,0.82
KOR,jtoml,0.82
KOR,jteas,0.06
KOR,jothr,0.0447
LAO,jbeef,0.15
LAO,jpork,0.16
LAO,jpoul,0.16
LAO,jmilk,0.08
LAO,jmaiz,-0.01
LAO,jrice,-0.02
LAO,jwhea,-0.01
LAO,jbean,0.0895
LAO,jchkp,0.0895
LAO,jcowp,0.0895
LAO,jlent,0.0895
LAO,jpigp,0.0895
LAO,jopul,0.0895
LAO,jbana,0.12
LAO,jplnt,0.12
LAO,jsubf,0.12
LAO,jtemf,0.12
LAO,jvege,0.12
LAO,jsugr,0.2
LAO,jgrnd,0.0895
LAO,jgdnt,0.0895
LAO,jgdol,-0.01
LAO,jgdml,-0.01
LAO,jrpol,-0.01
LAO,jrpml,-0.01
LAO,jsbol,-0.01
LAO,jsbml,-0.01
LAO,jsfol,-0.01
LAO,jsfml,-0.01
LAO,jplol,-0.01
LAO,jpkol,-0.01
LAO,jpkml,-0.01
LAO,jtool,-0.01
LAO,jtoml,-0.01
LAO,jcoco,0.12
LAO,jcafe,0.12
LAO,jcott,0.2481
LAO,jteas,0.12
LAO,jothr,0.0895
LBN,jbeef,0.07
LBN,jpork,0.02
LBN,jlamb,0.07
LBN,jpoul,0.02
LBN,jeggs,0.1
LBN,jmilk,-0.11
LBN,jbarl,0.07
LBN,jmaiz,0.13
LBN,jmill,0.07
LBN,jrice,0.07
LBN,jsorg,0.07
LBN,jwhea,0.07
LBN,jocer,0.07
LBN,jbean,0.0746
LBN,jchkp,0.0746
LBN,jcowp,0.0746
LBN,jlent,0.0746
LBN,jpigp,0.0746
LBN,jopul,0.0746
LBN,jbana,0.1
LBN,jplnt,0.1
LBN,jsubf,0.1
LBN,jtemf,0.1
LBN,jvege,0.1
LBN,jsugr,0.2
LBN,jgrnd,0.0746
LBN,jgdnt,0.0746
LBN,jgdol,0.18
LBN,jgdml,0.18
LBN,jrpol,0.18
LBN,jrpml,0.18
LBN,jsbol,0.18
LBN,jsbml,0.18
LBN,jsfol,0.18
LBN,jsfml,0.18
LBN,jplol,0.18
LBN,jpkol,0.18
LBN,jpkml,0.18
LBN,jtool,0.18
LBN,jtoml,0.18
LBN,jcoco,0.1
LBN,jcafe,0.1
LBN,jcott,0.2068
LBN,jteas,0.1
LBN,jothr,0.0746
LBR,jbeef,0.43
LBR,jpork,0.28
LBR,jlamb,0.28
LBR,jpoul,0.1
LBR,jeggs,0.1
LBR,jbarl,-0.23
LBR,jmaiz,-0.23
LBR,jmill,-0.23
LBR,jrice,0.41
LBR,jsorg,-0.23
LBR,jwhea,-0.2
LBR,jocer,-0.23
LBR,jbean,-0.0969
LBR,jchkp,-0.0969
LBR,jcowp,-0.0969
LBR,jlent,-0.0969
LBR,jpigp,-0.0969
LBR,jopul,-0.0969
LBR,jbana,-0.13
LBR,jplnt,-0.13
LBR,jsubf,-0.13
LBR,jtemf,-0.13
LBR,jvege,-0.13
LBR,jsugr,0.3
LBR,jgrnd,-0.0969
LBR,jgdnt,-0.0969
LBR,jgdol,-0.07
LBR,jgdml,-0.07
LBR,jrpol,-0.07
LBR,jrpml,-0.07
LBR,jsbol,-0.07
LBR,jsbml,-0.07
LBR,jsfol,-0.07
LBR,jsfml,-0.07
LBR,jplol,-0.07
LBR,jpkol,-0.07
LBR,jpkml,-0.07
LBR,jtool,-0.07
LBR,jtoml,-0.07
LBR,jcoco,-0.13
LBR,jcafe,-0.13
LBR,jcott,-0.2688
LBR,jteas,-0.13
LBR,jothr,-0.0969
LBY,jbeef,0.07
LBY,jpork,0.02
LBY,jlamb,0.07
LBY,jpoul,0.02
LBY,jeggs,0.1
LBY,jmilk,-0.11
LBY,jbarl,0.07
LBY,jmaiz,0.13
LBY,jmill,0.07
LBY,jrice,0.07
LBY,jsorg,0.07
LBY,jwhea,0.07
LBY,jocer,0.07
LBY,jbean,0.0746
LBY,jchkp,0.0746
LBY,jcowp,0.0746
LBY,jlent,0.0746
LBY,jpigp,0.0746
LBY,jopul,0.0746
LBY,jbana,0.1
LBY,jplnt,0.1
LBY,jsubf,0.1
LBY,jtemf,0.1
LBY,jvege,0.1
LBY,jsugr,0.2
LBY,jgrnd,0.0746
LBY,jgdnt,0.0746
LBY,jgdol,0.18
LBY,jgdml,0.18
LBY,jrpol,0.18
LBY,jrpml,0.18
LBY,jsbol,0.18
LBY,jsbml,0.18
LBY,jsfol,0.18
LBY,jsfml,0.18
LBY,jplol,0.18
LBY,jpkol,0.18
LBY,jpkml,0.18
LBY,jtool,0.18
LBY,jtoml,0.18
LBY,jcoco,0.1
LBY,jcafe,0.1
LBY,jcott,0.2068
LBY,jteas,0.1
LBY,jothr,0.0746
LKA,jbeef,-0.55
LKA,jpork,-0.69
LKA,jlamb,-0.55
LKA,jpoul,-0.19
LKA,jeggs,-0.1
LKA,jmilk,-0.41
LKA,jmaiz,-0.07
LKA,jrice,0.1
LKA,jwhea,-0.01
LKA,jbean,0.1305
LKA,jchkp,0.1305
LKA,jcowp,0.1305
LKA,jlent,0.1305
LKA,jpigp,0.1305
LKA,jopul,0.1305
LKA,jbana,0.15
LKA,jplnt,0.15
LKA,jsubf,0.15
LKA,jtemf,0.15
LKA,jvege,0.2
LKA,jsugr,0.3
LKA,jgrnd,0.1305
LKA,jgdnt,0.1305
LKA,jgdol,-0.06
LKA,jrpol,-0.06
LKA,jsbol,-0.06
LKA,jsfol,-0.06
LKA,jplol,-0.06
LKA,jpkol,-0.06
LKA,jtool,-0.06
LKA,jcoco,0.15
LKA,jcafe,0.15
LKA,jcott,0.3619
LKA,jteas,0.15
LKA,jothr,0.1305
LSO,jbeef,0.24
LSO,jeggs,0.09
LSO,jmilk,-0.29
LSO,jbarl,-0.2
LSO,jmaiz,-0.2
LSO,jmill,-0.2
LSO,jrice,0.12
LSO,jsorg,-0.2
LSO,jwhea,-0.25
LSO,jocer,-0.2
LSO,jbean,-0.0522
LSO,jchkp,-0.0522
LSO,jcowp,-0.0522
LSO,jlent,-0.0522
LSO,jpigp,-0.0522
LSO,jopul,-0.0522
LSO,jbana,-0.07
LSO,jplnt,-0.07
LSO,jsubf,-0.07
LSO,jtemf,-0.07
LSO,jvege,-0.07
LSO,jsugr,0.3
LSO,jgrnd,-0.0522
LSO,jgdnt,-0.0522
LSO,jgdol,-0.07
LSO,jgdml,-0.07
LSO,jrpol,-0.07
LSO,jrpml,-0.07
LSO,jsbol,-0.07
LSO,jsbml,-0.07
LSO,jsfol,-0.07
LSO,jsfml,-0.07
LSO,jplol,-0.07
LSO,jpkol,-0.07
LSO,jpkml,-0.07
LSO,jtool,-0.07
LSO,jtoml,-0.07
LSO,jcoco,-0.07
LSO,jcafe,-0.07
LSO,jcott,-0.1447
LSO,jteas,-0.07
LSO,jothr,-0.0522
MDA,jbeef,0.14
MDA,jpork,0.1
MDA,jlamb,0.06
MDA,jpoul,0.21
MDA,jeggs,0.44
MDA,jmilk,0.29
MDA,jwhea,0.02
MDA,jgdol,-0.09
MDA,jgdml,-0.09
MDA,jrpol,-0.09
MDA,jrpml,-0.09
MDA,jsbol,-0.09
MDA,jsbml,-0.09
MDA,jsfol,-0.09
MDA,jsfml,-0.09
MDA,jplol,-0.09
MDA,jpkol,-0.09
MDA,jpkml,-0.09
MDA,jtool,-0.09
MDA,jtoml,-0.09
MDG,jbeef,0.24
MDG,jeggs,0.09
MDG,jmilk,-0.29
MDG,jbarl,-0.2
MDG,jmaiz,-0.2
MDG,jmill,-0.2
MDG,jrice,0.12
MDG,jsorg,-0.2
MDG,jwhea,-0.25
MDG,jocer,-0.2
MDG,jbean,-0.0522
MDG,jchkp,-0.0522
MDG,jcowp,-0.0522
MDG,jlent,-0.0522
MDG,jpigp,-0.0522
MDG,jopul,-0.0522
MDG,jbana,-0.07
MDG,jplnt,-0.07
MDG,jsubf,-0.07
MDG,jtemf,-0.07
MDG,jvege,-0.07
MDG,jsugr,0.3
MDG,jgrnd,-0.0522
MDG,jgdnt,-0.0522
MDG,jgdol,-0.07
MDG,jgdml,-0.07
MDG,jrpol,-0.07
MDG,jrpml,-0.07
MDG,jsbol,-0.07
MDG,jsbml,-0.07
MDG,jsfol,-0.07
MDG,jsfml,-0.07
MDG,jplol,-0.07
MDG,jpkol,-0.07
MDG,jpkml,-0.07
MDG,jtool,-0.07
MDG,jtoml,-0.07
MDG,jcoco,-0.07
MDG,jcafe,-0.07
MDG,jcott,-0.1447
MDG,jteas,-0.07
MDG,jothr,-0.0522
MEX,jpoul,0.136667623
MEX,jmilk,8.55175E-05
MEX,jmaiz,0.003774418
MEX,jrice,0.082248736
MEX,jwhea,0.026250706
MEX,jbean,0.57970707
MEX,jsugc,0.131277718
MEX,jsugb,0.131277718
MEX,jsugr,0.131277718
MEX,jsugrc,0.131277718
MEX,jsugrb,0.131277718
MEX,jgdol,0.12
MEX,jgdml,0.12
MEX,jrpol,0.12
MEX,jrpml,0.12
MEX,jsbol,0.12
MEX,jsbml,0.12
MEX,jsfol,0.12
MEX,jsfml,0.12
MEX,jpalm,0.12
MEX,jpkrl,0.12
MEX,jpkol,0.12
MEX,jpkml,0.12
MEX,jtool,0.12
MEX,jtoml,0.12
MLI,jbeef,0.28
MLI,jpork,0.08
MLI,jlamb,0.16
MLI,jpoul,0.08
MLI,jbarl,-0.17
MLI,jmaiz,-0.17
MLI,jmill,-0.17
MLI,jrice,-0.34
MLI,jsorg,-0.17
MLI,jwhea,-0.29
MLI,jocer,-0.17
MLI,jbean,-0.1044
MLI,jchkp,-0.1044
MLI,jcowp,-0.1044
MLI,jlent,-0.1044
MLI,jpigp,-0.1044
MLI,jopul,-0.1044
MLI,jbana,-0.14
MLI,jplnt,-0.14
MLI,jsubf,-0.14
MLI,jtemf,-0.14
MLI,jvege,-0.14
MLI,jsugr,0.3
MLI,jgrnd,-0.1044
MLI,jgdnt,-0.1044
MLI,jgdol,-0.03
MLI,jgdml,-0.03
MLI,jrpol,-0.03
MLI,jrpml,-0.03
MLI,jsbol,-0.03
MLI,jsbml,-0.03
MLI,jsfol,-0.03
MLI,jsfml,-0.03
MLI,jplol,-0.03
MLI,jpkol,-0.03
MLI,jpkml,-0.03
MLI,jtool,-0.03
MLI,jtoml,-0.03
MLI,jcoco,-0.14
MLI,jcafe,-0.14
MLI,jcott,-0.2895
MLI,jteas,-0.14
MLI,jothr,-0.1044
MMR,jbeef,0.15
MMR,jpork,0.16
MMR,jpoul,0.16
MMR,jmilk,0.08
MMR,jmaiz,-0.01
MMR,jrice,-0.02
MMR,jwhea,-0.01
MMR,jbean,0.1715
MMR,jchkp,0.1715
MMR,jcowp,0.1715
MMR,jlent,0.1715
MMR,jpigp,0.1715
MMR,jopul,0.1715
MMR,jbana,0.23
MMR,jplnt,0.23
MMR,jsubf,0.23
MMR,jtemf,0.23
MMR,jvege,0.23
MMR,jsugr,0.2
MMR,jgrnd,0.1715
MMR,jgdnt,0.1715
MMR,jgdol,-0.01
MMR,jgdml,-0.01
MMR,jrpol,-0.01
MMR,jrpml,-0.01
MMR,jsbol,-0.01
MMR,jsbml,-0.01
MMR,jsfol,-0.01
MMR,jsfml,-0.01
MMR,jplol,-0.01
MMR,jpkol,-0.01
MMR,jpkml,-0.01
MMR,jtool,-0.01
MMR,jtoml,-0.01
MMR,jcoco,0.23
MMR,jcafe,0.23
MMR,jcott,0.4756
MMR,jteas,0.23
MMR,jothr,0.1715
MNG,jmilk,0.66
MNG,jbarl,0.38
MNG,jmaiz,-0.01
MNG,jmill,0.38
MNG,jrice,-0.02
MNG,jsorg,0.38
MNG,jwhea,-0.01
MNG,jocer,0.38
MNG,jbean,0.1119
MNG,jchkp,0.1119
MNG,jcowp,0.1119
MNG,jlent,0.1119
MNG,jpigp,0.1119
MNG,jopul,0.1119
MNG,jbana,0.15
MNG,jplnt,0.15
MNG,jsubf,0.15
MNG,jtemf,0.15
MNG,jvege,0.15
MNG,jsugr,0.2
MNG,jgrnd,0.1119
MNG,jgdnt,0.1119
MNG,jgdol,-0.01
MNG,jgdml,-0.01
MNG,jrpol,-0.01
MNG,jrpml,-0.01
MNG,jsbol,-0.01
MNG,jsbml,-0.01
MNG,jsfol,-0.01
MNG,jsfml,-0.01
MNG,jplol,-0.01
MNG,jpkol,-0.01
MNG,jpkml,-0.01
MNG,jtool,-0.01
MNG,jtoml,-0.01
MNG,jcoco,0.15
MNG,jcafe,0.15
MNG,jcott,0.3102
MNG,jteas,0.15
MNG,jothr,0.1119
MOR,jbeef,0.07
MOR,jpork,0.02
MOR,jlamb,0.07
MOR,jpoul,0.02
MOR,jeggs,0.1
MOR,jmilk,-0.11
MOR,jbarl,0.07
MOR,jmaiz,0.13
MOR,jmill,0.07
MOR,jrice,0.07
MOR,jsorg,0.07
MOR,jwhea,0.07
MOR,jocer,0.07
MOR,jbean,0.0746
MOR,jchkp,0.0746
MOR,jcowp,0.0746
MOR,jlent,0.0746
MOR,jpigp,0.0746
MOR,jopul,0.0746
MOR,jbana,0.1
MOR,jplnt,0.1
MOR,jsubf,0.1
MOR,jtemf,0.1
MOR,jvege,0.1
MOR,jsugr,0.2
MOR,jgrnd,0.0746
MOR,jgdnt,0.0746
MOR,jgdol,0.18
MOR,jgdml,0.18
MOR,jrpol,0.18
MOR,jrpml,0.18
MOR,jsbol,0.18
MOR,jsbml,0.18
MOR,jsfol,0.18
MOR,jsfml,0.18
MOR,jplol,0.18
MOR,jpkol,0.18
MOR,jpkml,0.18
MOR,jtool,0.18
MOR,jtoml,0.18
MOR,jcoco,0.1
MOR,jcafe,0.1
MOR,jcott,0.2068
MOR,jteas,0.1
MOR,jothr,0.0746
MOZ,jbeef,0.24
MOZ,jeggs,0.09
MOZ,jmilk,-0.29
MOZ,jbarl,-0.2
MOZ,jmaiz,-0.2
MOZ,jmill,-0.2
MOZ,jrice,0.12
MOZ,jsorg,-0.2
MOZ,jwhea,-0.25
MOZ,jocer,-0.2
MOZ,jbean,-0.0522
MOZ,jchkp,-0.0522
MOZ,jcowp,-0.0522
MOZ,jlent,-0.0522
MOZ,jpigp,-0.0522
MOZ,jopul,-0.0522
MOZ,jbana,-0.07
MOZ,jplnt,-0.07
MOZ,jsubf,-0.07
MOZ,jtemf,-0.07
MOZ,jvege,-0.07
MOZ,jsugr,0.3
MOZ,jgrnd,-0.0522
MOZ,jgdnt,-0.0522
MOZ,jgdol,-0.07
MOZ,jgdml,-0.07
MOZ,jrpol,-0.07
MOZ,jrpml,-0.07
MOZ,jsbol,-0.07
MOZ,jsbml,-0.07
MOZ,jsfol,-0.07
MOZ,jsfml,-0.07
MOZ,jplol,-0.07
MOZ,jpkol,-0.07
MOZ,jpkml,-0.07
MOZ,jtool,-0.07
MOZ,jtoml,-0.07
MOZ,jcoco,-0.07
MOZ,jcafe,-0.07
MOZ,jcott,-0.1447
MOZ,jteas,-0.07
MOZ,jothr,-0.0522
MRT,jbeef,0.28
MRT,jpork,0.08
MRT,jlamb,0.16
MRT,jpoul,0.08
MRT,jbarl,-0.17
MRT,jmaiz,-0.17
MRT,jmill,-0.17
MRT,jrice,-0.34
MRT,jsorg,-0.17
MRT,jwhea,-0.29
MRT,jocer,-0.17
MRT,jbean,-0.1044
MRT,jchkp,-0.1044
MRT,jcowp,-0.1044
MRT,jlent,-0.1044
MRT,jpigp,-0.1044
MRT,jopul,-0.1044
MRT,jbana,-0.14
MRT,jplnt,-0.14
MRT,jsubf,-0.14
MRT,jtemf,-0.14
MRT,jvege,-0.14
MRT,jsugr,0.3
MRT,jgrnd,-0.1044
MRT,jgdnt,-0.1044
MRT,jgdol,-0.03
MRT,jgdml,-0.03
MRT,jrpol,-0.03
MRT,jrpml,-0.03
MRT,jsbol,-0.03
MRT,jsbml,-0.03
MRT,jsfol,-0.03
MRT,jsfml,-0.03
MRT,jplol,-0.03
MRT,jpkol,-0.03
MRT,jpkml,-0.03
MRT,jtool,-0.03
MRT,jtoml,-0.03
MRT,jcoco,-0.14
MRT,jcafe,-0.14
MRT,jcott,-0.2895
MRT,jteas,-0.14
MRT,jothr,-0.1044
MWI,jbeef,0.24
MWI,jeggs,0.09
MWI,jmilk,-0.29
MWI,jbarl,-0.2
MWI,jmaiz,-0.2
MWI,jmill,-0.2
MWI,jrice,0.12
MWI,jsorg,-0.2
MWI,jwhea,-0.25
MWI,jocer,-0.2
MWI,jbean,-0.0522
MWI,jchkp,-0.0522
MWI,jcowp,-0.0522
MWI,jlent,-0.0522
MWI,jpigp,-0.0522
MWI,jopul,-0.0522
MWI,jbana,-0.07
MWI,jplnt,-0.07
MWI,jsubf,-0.07
MWI,jtemf,-0.07
MWI,jvege,-0.07
MWI,jsugr,0.3
MWI,jgrnd,-0.0522
MWI,jgdnt,-0.0522
MWI,jgdol,-0.07
MWI,jgdml,-0.07
MWI,jrpol,-0.07
MWI,jrpml,-0.07
MWI,jsbol,-0.07
MWI,jsbml,-0.07
MWI,jsfol,-0.07
MWI,jsfml,-0.07
MWI,jplol,-0.07
MWI,jpkol,-0.07
MWI,jpkml,-0.07
MWI,jtool,-0.07
MWI,jtoml,-0.07
MWI,jcoco,-0.07
MWI,jcafe,-0.07
MWI,jcott,-0.1447
MWI,jteas,-0.07
MWI,jothr,-0.0522
MYS,jbeef,0.13
MYS,jpork,0.13
MYS,jbarl,0.45
MYS,jmaiz,0.13
MYS,jmill,0.45
MYS,jrice,0.49
MYS,jsorg,0.45
MYS,jwhea,0.13
MYS,jocer,0.45
MYS,jbean,0.1268
MYS,jchkp,0.1268
MYS,jcowp,0.1268
MYS,jlent,0.1268
MYS,jpigp,0.1268
MYS,jopul,0.1268
MYS,jbana,0.17
MYS,jplnt,0.17
MYS,jsubf,0.17
MYS,jtemf,0.17
MYS,jvege,0.17
MYS,jgrnd,0.1268
MYS,jgdnt,0.1268
MYS,jgdol,-0.17
MYS,jgdml,-0.17
MYS,jrpsd,0.48
MYS,jrpnt,0.48
MYS,jrpol,-0.17
MYS,jrpml,-0.17
MYS,jsoyb,0.48
MYS,jsbnt,0.48
MYS,jsbol,-0.17
MYS,jsbml,-0.17
MYS,jsnfl,0.48
MYS,jsfnt,0.48
MYS,jsfol,-0.17
MYS,jsfml,-0.17
MYS,jpalm,0.48
MYS,jplol,-0.17
MYS,jpkrl,0.48
MYS,jpkol,-0.17
MYS,jpkml,-0.17
MYS,jtols,0.48
MYS,jtont,0.48
MYS,jtool,-0.17
MYS,jtoml,-0.17
MYS,jcoco,0.17
MYS,jcafe,0.17
MYS,jcott,0.3515
MYS,jteas,0.17
MYS,jothr,0.1268
NAM,jbeef,0.24
NAM,jeggs,0.09
NAM,jmilk,-0.29
NAM,jbarl,-0.2
NAM,jmaiz,-0.2
NAM,jmill,-0.2
NAM,jrice,0.12
NAM,jsorg,-0.2
NAM,jwhea,-0.25
NAM,jocer,-0.2
NAM,jbean,-0.0522
NAM,jchkp,-0.0522
NAM,jcowp,-0.0522
NAM,jlent,-0.0522
NAM,jpigp,-0.0522
NAM,jopul,-0.0522
NAM,jbana,-0.07
NAM,jplnt,-0.07
NAM,jsubf,-0.07
NAM,jtemf,-0.07
NAM,jvege,-0.07
NAM,jsugr,0.3
NAM,jgrnd,-0.0522
NAM,jgdnt,-0.0522
NAM,jgdol,-0.07
NAM,jgdml,-0.07
NAM,jrpol,-0.07
NAM,jrpml,-0.07
NAM,jsbol,-0.07
NAM,jsbml,-0.07
NAM,jsfol,-0.07
NAM,jsfml,-0.07
NAM,jplol,-0.07
NAM,jpkol,-0.07
NAM,jpkml,-0.07
NAM,jtool,-0.07
NAM,jtoml,-0.07
NAM,jcoco,-0.07
NAM,jcafe,-0.07
NAM,jcott,-0.1447
NAM,jteas,-0.07
NAM,jothr,-0.0522
NER,jbeef,0.28
NER,jpork,0.08
NER,jlamb,0.16
NER,jpoul,0.08
NER,jbarl,-0.17
NER,jmaiz,-0.17
NER,jmill,-0.17
NER,jrice,-0.34
NER,jsorg,-0.17
NER,jwhea,-0.29
NER,jocer,-0.17
NER,jbean,-0.1044
NER,jchkp,-0.1044
NER,jcowp,-0.1044
NER,jlent,-0.1044
NER,jpigp,-0.1044
NER,jopul,-0.1044
NER,jbana,-0.14
NER,jplnt,-0.14
NER,jsubf,-0.14
NER,jtemf,-0.14
NER,jvege,-0.14
NER,jsugr,0.3
NER,jgrnd,-0.1044
NER,jgdnt,-0.1044
NER,jgdol,-0.03
NER,jgdml,-0.03
NER,jrpol,-0.03
NER,jrpml,-0.03
NER,jsbol,-0.03
NER,jsbml,-0.03
NER,jsfol,-0.03
NER,jsfml,-0.03
NER,jplol,-0.03
NER,jpkol,-0.03
NER,jpkml,-0.03
NER,jtool,-0.03
NER,jtoml,-0.03
NER,jcoco,-0.14
NER,jcafe,-0.14
NER,jcott,-0.2895
NER,jteas,-0.14
NER,jothr,-0.1044
NGA,jbeef,0.25
NGA,jpork,0.25
NGA,jlamb,0.25
NGA,jpoul,0.25
NGA,jbarl,-0.1
NGA,jmaiz,-0.1
NGA,jmill,-0.1
NGA,jrice,0.3
NGA,jsorg,-0.1
NGA,jwhea,-0.3
NGA,jocer,-0.1
NGA,jbean,-0.0671
NGA,jchkp,-0.0671
NGA,jcowp,-0.0671
NGA,jlent,-0.0671
NGA,jpigp,-0.0671
NGA,jopul,-0.0671
NGA,jbana,-0.09
NGA,jplnt,-0.09
NGA,jsubf,-0.09
NGA,jtemf,-0.09
NGA,jvege,-0.09
NGA,jsugr,0.3
NGA,jgrnd,-0.0671
NGA,jgdnt,-0.0671
NGA,jgdol,-0.1
NGA,jgdml,-0.1
NGA,jrpol,-0.1
NGA,jrpml,-0.1
NGA,jsbol,-0.1
NGA,jsbml,-0.1
NGA,jsfol,-0.1
NGA,jsfml,-0.1
NGA,jplol,-0.1
NGA,jpkol,-0.1
NGA,jpkml,-0.1
NGA,jtool,-0.1
NGA,jtoml,-0.1
NGA,jcoco,-0.09
NGA,jcafe,-0.09
NGA,jcott,-0.1861
NGA,jteas,-0.09
NGA,jothr,-0.0671
NIC,jbeef,-0.22
NIC,jpork,-0.07
NIC,jlamb,-0.09
NIC,jpoul,-0.07
NIC,jmilk,-0.42
NIC,jmaiz,-0.04
NIC,jrice,-0.01
NIC,jwhea,-0.45
NIC,jbean,0.1864
NIC,jchkp,0.1864
NIC,jcowp,0.1864
NIC,jlent,0.1864
NIC,jpigp,0.1864
NIC,jopul,0.1864
NIC,jbana,0.25
NIC,jplnt,0.25
NIC,jsubf,0.25
NIC,jtemf,0.25
NIC,jvege,0.25
NIC,jsugr,0.2
NIC,jgrnd,0.1864
NIC,jgdnt,0.1864
NIC,jgdol,0.28
NIC,jgdml,0.28
NIC,jrpsd,0.16
NIC,jrpnt,0.16
NIC,jrpol,0.28
NIC,jrpml,0.28
NIC,jsoyb,0.16
NIC,jsbnt,0.16
NIC,jsbol,0.28
NIC,jsbml,0.28
NIC,jsnfl,0.16
NIC,jsfnt,0.16
NIC,jsfol,0.28
NIC,jsfml,0.28
NIC,jpalm,0.16
NIC,jplol,0.28
NIC,jpkrl,0.16
NIC,jpkol,0.28
NIC,jpkml,0.28
NIC,jtols,0.16
NIC,jtont,0.16
NIC,jtool,0.28
NIC,jtoml,0.28
NIC,jcoco,0.25
NIC,jcafe,0.25
NIC,jcott,0.5169
NIC,jteas,0.25
NIC,jothr,0.1864
NLD,jbeef,0.131974056
NLD,jpork,0.017134985
NLD,jlamb,0.141404438
NLD,jpoul,0.400145888
NLD,jeggs,0.008054241
NLD,jmilk,0.008590853
NLD,jbarl,7.1517E-06
NLD,jmaiz,7.69393E-06
NLD,jmill,0.58
NLD,jrice,0.010714061
NLD,jwhea,6.79888E-06
NLD,jocer,1.04671E-05
NLD,jpota,0.104513785
NLD,jtemf,0.069863457
NLD,jsugc,0.002577357
NLD,jsugb,0.002577357
NLD,jsugr,0.002577357
NLD,jsugrc,0.002577357
NLD,jsugrb,0.002577357
NLD,jgdol,0.48
NLD,jgdml,0.48
NLD,jrpsd,0.000331114
NLD,jrpnt,0.000331114
NLD,jrpol,0.48
NLD,jrpml,0.48
NLD,jsoyb,0.000278732
NLD,jsbnt,0.000278732
NLD,jsbol,0.48
NLD,jsbml,0.48
NLD,jsnfl,0.000346722
NLD,jsfnt,0.000346722
NLD,jsfol,0.48
NLD,jsfml,0.48
NLD,jpalm,0.5
NLD,jpkrl,0.5
NLD,jpkol,0.48
NLD,jpkml,0.48
NLD,jtool,0.48
NLD,jtoml,0.48
NOR,jbeef,0.9999
NOR,jpork,0.9999
NOR,jlamb,0.558976517
NOR,jpoul,0.9999
NOR,jeggs,0.9999
NOR,jmilk,0.584347055
NOR,jbarl,0.909597267
NOR,jmill,0.58
NOR,jwhea,0.791011009
NOR,jocer,0.976512655
NOR,jgdol,0.48
NOR,jgdml,0.48
NOR,jrpol,0.48
NOR,jrpml,0.48
NOR,jsbol,0.48
NOR,jsbml,0.48
NOR,jsfol,0.48
NOR,jsfml,0.48
NOR,jpalm,0.5
NOR,jpkrl,0.5
NOR,jpkol,0.48
NOR,jpkml,0.48
NOR,jtool,0.48
NOR,jtoml,0.48
NPL,jbeef,-0.55
NPL,jpork,-0.69
NPL,jlamb,-0.55
NPL,jpoul,-0.19
NPL,jeggs,-0.1
NPL,jmilk,-0.41
NPL,jmaiz,-0.07
NPL,jrice,0.1
NPL,jwhea,-0.01
NPL,jbean,0.1305
NPL,jchkp,0.1305
NPL,jcowp,0.1305
NPL,jlent,0.1305
NPL,jpigp,0.1305
NPL,jopul,0.1305
NPL,jbana,0.15
NPL,jplnt,0.15
NPL,jsubf,0.15
NPL,jtemf,0.15
NPL,jvege,0.2
NPL,jsugr,0.3
NPL,jgrnd,0.1305
NPL,jgdnt,0.1305
NPL,jgdol,-0.06
NPL,jrpol,-0.06
NPL,jsbol,-0.06
NPL,jsfol,-0.06
NPL,jplol,-0.06
NPL,jpkol,-0.06
NPL,jtool,-0.06
NPL,jcoco,0.15
NPL,jcafe,0.15
NPL,jcott,0.3619
NPL,jteas,0.15
NPL,jothr,0.1305
NZL,jpoul,0.209900987
NZL,jeggs,0.151946203
NZL,jgdol,0.3
NZL,jgdml,0.3
NZL,jrpol,0.3
NZL,jrpml,0.3
NZL,jsbol,0.3
NZL,jsbml,0.3
NZL,jsfol,0.3
NZL,jsfml,0.3
NZL,jpkol,0.3
NZL,jpkml,0.3
NZL,jtool,0.3
NZL,jtoml,0.3
OAO,jmaiz,-0.01
OAO,jrice,-0.02
OAO,jwhea,-0.01
OAO,jbean,0.1119
OAO,jchkp,0.1119
OAO,jcowp,0.1119
OAO,jlent,0.1119
OAO,jpigp,0.1119
OAO,jopul,0.1119
OAO,jbana,0.15
OAO,jplnt,0.15
OAO,jsubf,0.15
OAO,jtemf,0.15
OAO,jvege,0.15
OAO,jsugr,0.2
OAO,jgrnd,0.1119
OAO,jgdnt,0.1119
OAO,jcoco,0.15
OAO,jcafe,0.15
OAO,jcott,0.3102
OAO,jteas,0.15
OAO,jothr,0.1119
OBN,jbeef,0.14
OBN,jpork,0.1
OBN,jlamb,0.06
OBN,jpoul,0.21
OBN,jeggs,0.44
OBN,jmilk,0.29
OBN,jwhea,0.02
OBN,jgdol,-0.09
OBN,jgdml,-0.09
OBN,jrpol,-0.09
OBN,jrpml,-0.09
OBN,jsbol,-0.09
OBN,jsbml,-0.09
OBN,jsfol,-0.09
OBN,jsfml,-0.09
OBN,jplol,-0.09
OBN,jpkol,-0.09
OBN,jpkml,-0.09
OBN,jtool,-0.09
OBN,jtoml,-0.09
OIO,jmaiz,-0.01
OIO,jrice,-0.02
OIO,jwhea,-0.01
OIO,jbean,0.1119
OIO,jchkp,0.1119
OIO,jcowp,0.1119
OIO,jlent,0.1119
OIO,jpigp,0.1119
OIO,jopul,0.1119
OIO,jbana,0.15
OIO,jplnt,0.15
OIO,jsubf,0.15
OIO,jtemf,0.15
OIO,jvege,0.15
OIO,jsugr,0.2
OIO,jgrnd,0.1119
OIO,jgdnt,0.1119
OIO,jcoco,0.15
OIO,jcafe,0.15
OIO,jcott,0.3102
OIO,jteas,0.15
OIO,jothr,0.1119
OPO,jmaiz,-0.01
OPO,jrice,-0.02
OPO,jwhea,-0.01
OPO,jbean,0.1119
OPO,jchkp,0.1119
OPO,jcowp,0.1119
OPO,jlent,0.1119
OPO,jpigp,0.1119
OPO,jopul,0.1119
OPO,jbana,0.15
OPO,jplnt,0.15
OPO,jsubf,0.15
OPO,jtemf,0.15
OPO,jvege,0.15
OPO,jsugr,0.2
OPO,jgrnd,0.1119
OPO,jgdnt,0.1119
OPO,jcoco,0.15
OPO,jcafe,0.15
OPO,jcott,0.3102
OPO,jteas,0.15
OPO,jothr,0.1119
OSA,jbeef,0.15
OSA,jpork,0.16
OSA,jpoul,0.16
OSA,jmilk,0.08
OSA,jmaiz,-0.01
OSA,jrice,-0.02
OSA,jwhea,-0.01
OSA,jbean,0.0895
OSA,jchkp,0.0895
OSA,jcowp,0.0895
OSA,jlent,0.0895
OSA,jpigp,0.0895
OSA,jopul,0.0895
OSA,jbana,0.12
OSA,jplnt,0.12
OSA,jsubf,0.12
OSA,jtemf,0.12
OSA,jvege,0.12
OSA,jsugr,0.2
OSA,jgrnd,0.0895
OSA,jgdnt,0.0895
OSA,jgdol,-0.01
OSA,jgdml,-0.01
OSA,jrpol,-0.01
OSA,jrpml,-0.01
OSA,jsbol,-0.01
OSA,jsbml,-0.01
OSA,jsfol,-0.01
OSA,jsfml,-0.01
OSA,jplol,-0.01
OSA,jpkol,-0.01
OSA,jpkml,-0.01
OSA,jtool,-0.01
OSA,jtoml,-0.01
OSA,jcoco,0.12
OSA,jcafe,0.12
OSA,jcott,0.2481
OSA,jteas,0.12
OSA,jothr,0.0895
PAK,jbarl,0.26
PAK,jmaiz,0.28
PAK,jmill,0.26
PAK,jrice,0.1
PAK,jsorg,0.26
PAK,jwhea,-0.26
PAK,jocer,0.26
PAK,jbean,0.0746
PAK,jchkp,0.0746
PAK,jcowp,0.0746
PAK,jlent,0.0746
PAK,jpigp,0.0746
PAK,jopul,0.0746
PAK,jbana,0.1
PAK,jplnt,0.1
PAK,jsubf,0.1
PAK,jtemf,0.1
PAK,jvege,0.1
PAK,jsugr,0.3
PAK,jgrnd,0.0746
PAK,jgdnt,0.0746
PAK,jgdol,0.33
PAK,jrpol,0.33
PAK,jsbol,0.33
PAK,jsfol,0.33
PAK,jplol,0.33
PAK,jpkol,0.33
PAK,jtool,0.33
PAK,jcoco,0.1
PAK,jcafe,0.1
PAK,jcott,0.2068
PAK,jteas,0.1
PAK,jothr,0.0746
PAN,jbeef,-0.22
PAN,jpork,-0.07
PAN,jlamb,-0.09
PAN,jpoul,-0.07
PAN,jmilk,-0.42
PAN,jmaiz,-0.04
PAN,jrice,-0.01
PAN,jwhea,-0.45
PAN,jbean,0.1864
PAN,jchkp,0.1864
PAN,jcowp,0.1864
PAN,jlent,0.1864
PAN,jpigp,0.1864
PAN,jopul,0.1864
PAN,jbana,0.25
PAN,jplnt,0.25
PAN,jsubf,0.25
PAN,jtemf,0.25
PAN,jvege,0.25
PAN,jsugr,0.2
PAN,jgrnd,0.1864
PAN,jgdnt,0.1864
PAN,jgdol,0.28
PAN,jgdml,0.28
PAN,jrpsd,0.16
PAN,jrpnt,0.16
PAN,jrpol,0.28
PAN,jrpml,0.28
PAN,jsoyb,0.16
PAN,jsbnt,0.16
PAN,jsbol,0.28
PAN,jsbml,0.28
PAN,jsnfl,0.16
PAN,jsfnt,0.16
PAN,jsfol,0.28
PAN,jsfml,0.28
PAN,jpalm,0.16
PAN,jplol,0.28
PAN,jpkrl,0.16
PAN,jpkol,0.28
PAN,jpkml,0.28
PAN,jtols,0.16
PAN,jtont,0.16
PAN,jtool,0.28
PAN,jtoml,0.28
PAN,jcoco,0.25
PAN,jcafe,0.25
PAN,jcott,0.5169
PAN,jteas,0.25
PAN,jothr,0.1864
PER,jbeef,-0.22
PER,jpork,-0.07
PER,jlamb,-0.09
PER,jpoul,-0.07
PER,jmilk,-0.42
PER,jmaiz,-0.04
PER,jrice,-0.01
PER,jwhea,-0.45
PER,jbean,0.1864
PER,jchkp,0.1864
PER,jcowp,0.1864
PER,jlent,0.1864
PER,jpigp,0.1864
PER,jopul,0.1864
PER,jbana,0.25
PER,jplnt,0.25
PER,jsubf,0.25
PER,jtemf,0.25
PER,jvege,0.25
PER,jsugr,0.2
PER,jgrnd,0.1864
PER,jgdnt,0.1864
PER,jgdol,0.28
PER,jgdml,0.28
PER,jrpsd,0.16
PER,jrpnt,0.16
PER,jrpol,0.28
PER,jrpml,0.28
PER,jsoyb,0.16
PER,jsbnt,0.16
PER,jsbol,0.28
PER,jsbml,0.28
PER,jsnfl,0.16
PER,jsfnt,0.16
PER,jsfol,0.28
PER,jsfml,0.28
PER,jpalm,0.16
PER,jplol,0.28
PER,jpkrl,0.16
PER,jpkol,0.28
PER,jpkml,0.28
PER,jtols,0.16
PER,jtont,0.16
PER,jtool,0.28
PER,jtoml,0.28
PER,jcoco,0.25
PER,jcafe,0.25
PER,jcott,0.5169
PER,jteas,0.25
PER,jothr,0.1864
PHL,jbeef,0.25
PHL,jpork,0.3
PHL,jpoul,0.25
PHL,jbarl,0.32
PHL,jmaiz,0.6
PHL,jmill,0.32
PHL,jrice,0.27
PHL,jsorg,0.32
PHL,jwhea,-0.17
PHL,jocer,0.32
PHL,jbean,0.1268
PHL,jchkp,0.1268
PHL,jcowp,0.1268
PHL,jlent,0.1268
PHL,jpigp,0.1268
PHL,jopul,0.1268
PHL,jbana,0.17
PHL,jplnt,0.17
PHL,jsubf,0.17
PHL,jtemf,0.17
PHL,jvege,0.17
PHL,jsugr,0.55
PHL,jgrnd,0.1268
PHL,jgdnt,0.1268
PHL,jgdol,-0.1
PHL,jgdml,-0.1
PHL,jrpsd,0.48
PHL,jrpnt,0.48
PHL,jrpol,-0.1
PHL,jrpml,-0.1
PHL,jsoyb,0.48
PHL,jsbnt,0.48
PHL,jsbol,-0.1
PHL,jsbml,-0.1
PHL,jsnfl,0.48
PHL,jsfnt,0.48
PHL,jsfol,-0.1
PHL,jsfml,-0.1
PHL,jpalm,0.48
PHL,jplol,-0.1
PHL,jpkrl,0.48
PHL,jpkol,-0.1
PHL,jpkml,-0.1
PHL,jtols,0.48
PHL,jtont,0.48
PHL,jtool,-0.1
PHL,jtoml,-0.1
PHL,jcoco,0.17
PHL,jcafe,0.17
PHL,jcott,0.3515
PHL,jteas,0.17
PHL,jothr,0.1268
PNG,jmaiz,-0.01
PNG,jrice,-0.02
PNG,jwhea,-0.01
PNG,jbean,0.1119
PNG,jchkp,0.1119
PNG,jcowp,0.1119
PNG,jlent,0.1119
PNG,jpigp,0.1119
PNG,jopul,0.1119
PNG,jbana,0.15
PNG,jplnt,0.15
PNG,jsubf,0.15
PNG,jtemf,0.15
PNG,jvege,0.15
PNG,jsugr,0.2
PNG,jgrnd,0.1119
PNG,jgdnt,0.1119
PNG,jcoco,0.15
PNG,jcafe,0.15
PNG,jcott,0.3102
PNG,jteas,0.15
PNG,jothr,0.1119
POL,jbeef,0.131974056
POL,jpork,0.017134985
POL,jlamb,0.141404438
POL,jpoul,0.400145888
POL,jeggs,0.008054241
POL,jmilk,0.008590853
POL,jbarl,7.1517E-06
POL,jmaiz,7.69393E-06
POL,jrice,0.010714061
POL,jwhea,6.79888E-06
POL,jocer,1.04671E-05
POL,jpota,0.104513785
POL,jtemf,0.069863457
POL,jsugc,0.002577357
POL,jsugb,0.002577357
POL,jsugr,0.002577357
POL,jsugrc,0.002577357
POL,jsugrb,0.002577357
POL,jgdol,-0.09
POL,jgdml,-0.09
POL,jrpsd,0.000331114
POL,jrpnt,0.000331114
POL,jrpol,-0.09
POL,jrpml,-0.09
POL,jsoyb,0.000278732
POL,jsbnt,0.000278732
POL,jsbol,-0.09
POL,jsbml,-0.09
POL,jsnfl,0.000346722
POL,jsfnt,0.000346722
POL,jsfol,-0.09
POL,jsfml,-0.09
POL,jpkol,-0.09
POL,jpkml,-0.09
POL,jtool,-0.09
POL,jtoml,-0.09
PRK,jmilk,0.66
PRK,jbarl,0.38
PRK,jmaiz,-0.01
PRK,jmill,0.38
PRK,jrice,-0.02
PRK,jsorg,0.38
PRK,jwhea,-0.01
PRK,jocer,0.38
PRK,jbean,0.1119
PRK,jchkp,0.1119
PRK,jcowp,0.1119
PRK,jlent,0.1119
PRK,jpigp,0.1119
PRK,jopul,0.1119
PRK,jbana,0.15
PRK,jplnt,0.15
PRK,jsubf,0.15
PRK,jtemf,0.15
PRK,jvege,0.15
PRK,jsugr,0.2
PRK,jgrnd,0.1119
PRK,jgdnt,0.1119
PRK,jgdol,-0.01
PRK,jgdml,-0.01
PRK,jrpol,-0.01
PRK,jrpml,-0.01
PRK,jsbol,-0.01
PRK,jsbml,-0.01
PRK,jsfol,-0.01
PRK,jsfml,-0.01
PRK,jplol,-0.01
PRK,jpkol,-0.01
PRK,jpkml,-0.01
PRK,jtool,-0.01
PRK,jtoml,-0.01
PRK,jcoco,0.15
PRK,jcafe,0.15
PRK,jcott,0.3102
PRK,jteas,0.15
PRK,jothr,0.1119
PRT,jbeef,0.131974056
PRT,jpork,0.017134985
PRT,jlamb,0.141404438
PRT,jpoul,0.400145888
PRT,jeggs,0.008054241
PRT,jmilk,0.008590853
PRT,jbarl,7.1517E-06
PRT,jmaiz,7.69393E-06
PRT,jmill,0.58
PRT,jrice,0.010714061
PRT,jwhea,6.79888E-06
PRT,jocer,1.04671E-05
PRT,jpota,0.104513785
PRT,jtemf,0.069863457
PRT,jsugc,0.002577357
PRT,jsugb,0.002577357
PRT,jsugr,0.002577357
PRT,jsugrc,0.002577357
PRT,jsugrb,0.002577357
PRT,jgdol,0.48
PRT,jgdml,0.48
PRT,jrpsd,0.000331114
PRT,jrpnt,0.000331114
PRT,jrpol,0.48
PRT,jrpml,0.48
PRT,jsoyb,0.000278732
PRT,jsbnt,0.000278732
PRT,jsbol,0.48
PRT,jsbml,0.48
PRT,jsnfl,0.000346722
PRT,jsfnt,0.000346722
PRT,jsfol,0.48
PRT,jsfml,0.48
PRT,jpalm,0.5
PRT,jpkrl,0.5
PRT,jpkol,0.48
PRT,jpkml,0.48
PRT,jtool,0.48
PRT,jtoml,0.48
PRY,jbeef,-0.22
PRY,jpork,-0.07
PRY,jlamb,-0.09
PRY,jpoul,-0.07
PRY,jmilk,-0.42
PRY,jmaiz,-0.04
PRY,jrice,-0.01
PRY,jwhea,-0.45
PRY,jbean,0.1864
PRY,jchkp,0.1864
PRY,jcowp,0.1864
PRY,jlent,0.1864
PRY,jpigp,0.1864
PRY,jopul,0.1864
PRY,jbana,0.25
PRY,jplnt,0.25
PRY,jsubf,0.25
PRY,jtemf,0.25
PRY,jvege,0.25
PRY,jsugr,0.2
PRY,jgrnd,0.1864
PRY,jgdnt,0.1864
PRY,jgdol,0.28
PRY,jgdml,0.28
PRY,jrpsd,0.16
PRY,jrpnt,0.16
PRY,jrpol,0.28
PRY,jrpml,0.28
PRY,jsoyb,0.16
PRY,jsbnt,0.16
PRY,jsbol,0.28
PRY,jsbml,0.28
PRY,jsnfl,0.16
PRY,jsfnt,0.16
PRY,jsfol,0.28
PRY,jsfml,0.28
PRY,jpalm,0.16
PRY,jplol,0.28
PRY,jpkrl,0.16
PRY,jpkol,0.28
PRY,jpkml,0.28
PRY,jtols,0.16
PRY,jtont,0.16
PRY,jtool,0.28
PRY,jtoml,0.28
PRY,jcoco,0.25
PRY,jcafe,0.25
PRY,jcott,0.5169
PRY,jteas,0.25
PRY,jothr,0.1864
PSE,jbeef,0.43
PSE,jpork,0.28
PSE,jlamb,0.28
PSE,jpoul,0.1
PSE,jeggs,0.1
PSE,jbarl,-0.23
PSE,jmaiz,-0.23
PSE,jmill,-0.23
PSE,jrice,0.41
PSE,jsorg,-0.23
PSE,jwhea,-0.2
PSE,jocer,-0.23
PSE,jbean,-0.0969
PSE,jchkp,-0.0969
PSE,jcowp,-0.0969
PSE,jlent,-0.0969
PSE,jpigp,-0.0969
PSE,jopul,-0.0969
PSE,jbana,-0.13
PSE,jplnt,-0.13
PSE,jsubf,-0.13
PSE,jtemf,-0.13
PSE,jvege,-0.13
PSE,jsugr,0.3
PSE,jgrnd,-0.0969
PSE,jgdnt,-0.0969
PSE,jgdol,-0.07
PSE,jgdml,-0.07
PSE,jrpol,-0.07
PSE,jrpml,-0.07
PSE,jsbol,-0.07
PSE,jsbml,-0.07
PSE,jsfol,-0.07
PSE,jsfml,-0.07
PSE,jplol,-0.07
PSE,jpkol,-0.07
PSE,jpkml,-0.07
PSE,jtool,-0.07
PSE,jtoml,-0.07
PSE,jcoco,-0.13
PSE,jcafe,-0.13
PSE,jcott,-0.2688
PSE,jteas,-0.13
PSE,jothr,-0.0969
RAP,jbeef,0.07
RAP,jpork,0.02
RAP,jlamb,0.07
RAP,jpoul,0.02
RAP,jeggs,0.1
RAP,jmilk,-0.11
RAP,jbarl,0.07
RAP,jmaiz,0.13
RAP,jmill,0.07
RAP,jrice,0.07
RAP,jsorg,0.07
RAP,jwhea,0.07
RAP,jocer,0.07
RAP,jbean,0.0746
RAP,jchkp,0.0746
RAP,jcowp,0.0746
RAP,jlent,0.0746
RAP,jpigp,0.0746
RAP,jopul,0.0746
RAP,jbana,0.1
RAP,jplnt,0.1
RAP,jsubf,0.1
RAP,jtemf,0.1
RAP,jvege,0.1
RAP,jsugr,0.2
RAP,jgrnd,0.0746
RAP,jgdnt,0.0746
RAP,jgdol,0.18
RAP,jgdml,0.18
RAP,jrpol,0.18
RAP,jrpml,0.18
RAP,jsbol,0.18
RAP,jsbml,0.18
RAP,jsfol,0.18
RAP,jsfml,0.18
RAP,jplol,0.18
RAP,jpkol,0.18
RAP,jpkml,0.18
RAP,jtool,0.18
RAP,jtoml,0.18
RAP,jcoco,0.1
RAP,jcafe,0.1
RAP,jcott,0.2068
RAP,jteas,0.1
RAP,jothr,0.0746
ROU,jbeef,0.131974056
ROU,jpork,0.017134985
ROU,jlamb,0.141404438
ROU,jpoul,0.400145888
ROU,jeggs,0.008054241
ROU,jmilk,0.008590853
ROU,jbarl,7.1517E-06
ROU,jmaiz,7.69393E-06
ROU,jrice,0.010714061
ROU,jwhea,6.79888E-06
ROU,jocer,1.04671E-05
ROU,jpota,0.104513785
ROU,jtemf,0.069863457
ROU,jsugc,0.002577357
ROU,jsugb,0.002577357
ROU,jsugr,0.002577357
ROU,jsugrc,0.002577357
ROU,jsugrb,0.002577357
ROU,jgdol,-0.09
ROU,jgdml,-0.09
ROU,jrpsd,0.000331114
ROU,jrpnt,0.000331114
ROU,jrpol,-0.09
ROU,jrpml,-0.09
ROU,jsoyb,0.000278732
ROU,jsbnt,0.000278732
ROU,jsbol,-0.09
ROU,jsbml,-0.09
ROU,jsnfl,0.000346722
ROU,jsfnt,0.000346722
ROU,jsfol,-0.09
ROU,jsfml,-0.09
ROU,jpkol,-0.09
ROU,jpkml,-0.09
ROU,jtool,-0.09
ROU,jtoml,-0.09
RUS,jbeef,0.365035128
RUS,jpork,0.9999
RUS,jpoul,0.263245215
RUS,jeggs,0.004886949
RUS,jmilk,0.236895873
RUS,jbarl,-0.124403771
RUS,jmaiz,-0.320036014
RUS,jwhea,-0.108044642
RUS,jocer,-0.151218203
RUS,jpota,0.000412469
RUS,jsugc,0.062999388
RUS,jsugb,0.062999388
RUS,jsugr,0.062999388
RUS,jsugrc,0.062999388
RUS,jsugrb,0.062999388
RUS,jgdol,-0.04
RUS,jgdml,-0.04
RUS,jrpol,-0.04
RUS,jrpml,-0.04
RUS,jsbol,-0.04
RUS,jsbml,-0.04
RUS,jsnfl,-0.08022114
RUS,jsfnt,-0.08022114
RUS,jsfol,-0.04
RUS,jsfml,-0.04
RUS,jpkol,-0.04
RUS,jpkml,-0.04
RUS,jtool,-0.04
RUS,jtoml,-0.04
RWA,jbeef,0.5
RWA,jpork,0.3
RWA,jlamb,-0.5
RWA,jpoul,0.3
RWA,jeggs,0.1
RWA,jmilk,-0.1
RWA,jbarl,-0.06
RWA,jmaiz,-0.06
RWA,jmill,-0.06
RWA,jrice,0.3
RWA,jsorg,-0.06
RWA,jwhea,-0.23
RWA,jocer,-0.06
RWA,jbean,-0.0969
RWA,jchkp,-0.0969
RWA,jcowp,-0.0969
RWA,jlent,-0.0969
RWA,jpigp,-0.0969
RWA,jopul,-0.0969
RWA,jbana,-0.13
RWA,jplnt,-0.13
RWA,jsubf,-0.13
RWA,jtemf,-0.13
RWA,jvege,-0.13
RWA,jsugr,0.3
RWA,jgrnd,-0.0969
RWA,jgdnt,-0.0969
RWA,jgdol,-0.07
RWA,jgdml,-0.02
RWA,jrpol,-0.07
RWA,jrpml,-0.02
RWA,jsbol,-0.07
RWA,jsbml,-0.02
RWA,jsfol,-0.07
RWA,jsfml,-0.02
RWA,jplol,-0.07
RWA,jpkol,-0.07
RWA,jpkml,-0.02
RWA,jtool,-0.07
RWA,jtoml,-0.02
RWA,jcoco,-0.13
RWA,jcafe,-0.13
RWA,jcott,-0.2688
RWA,jteas,-0.13
RWA,jothr,-0.0969
SAU,jbeef,0.07
SAU,jpork,0.02
SAU,jlamb,0.07
SAU,jpoul,0.02
SAU,jeggs,0.1
SAU,jmilk,-0.11
SAU,jbarl,0.07
SAU,jmaiz,0.13
SAU,jmill,0.07
SAU,jrice,0.07
SAU,jsorg,0.07
SAU,jwhea,0.07
SAU,jocer,0.07
SAU,jbean,0.0746
SAU,jchkp,0.0746
SAU,jcowp,0.0746
SAU,jlent,0.0746
SAU,jpigp,0.0746
SAU,jopul,0.0746
SAU,jbana,0.1
SAU,jplnt,0.1
SAU,jsubf,0.1
SAU,jtemf,0.1
SAU,jvege,0.1
SAU,jsugr,0.2
SAU,jgrnd,0.0746
SAU,jgdnt,0.0746
SAU,jgdol,0.18
SAU,jgdml,0.18
SAU,jrpol,0.18
SAU,jrpml,0.18
SAU,jsbol,0.18
SAU,jsbml,0.18
SAU,jsfol,0.18
SAU,jsfml,0.18
SAU,jplol,0.18
SAU,jpkol,0.18
SAU,jpkml,0.18
SAU,jtool,0.18
SAU,jtoml,0.18
SAU,jcoco,0.1
SAU,jcafe,0.1
SAU,jcott,0.2068
SAU,jteas,0.1
SAU,jothr,0.0746
SDN,jbeef,0.28
SDN,jpork,0.08
SDN,jlamb,0.16
SDN,jpoul,0.08
SDN,jbarl,-0.17
SDN,jmaiz,-0.17
SDN,jmill,-0.17
SDN,jrice,-0.34
SDN,jsorg,-0.17
SDN,jwhea,-0.29
SDN,jocer,-0.17
SDN,jbean,-0.1044
SDN,jchkp,-0.1044
SDN,jcowp,-0.1044
SDN,jlent,-0.1044
SDN,jpigp,-0.1044
SDN,jopul,-0.1044
SDN,jbana,-0.14
SDN,jplnt,-0.14
SDN,jsubf,-0.14
SDN,jtemf,-0.14
SDN,jvege,-0.14
SDN,jsugr,0.3
SDN,jgrnd,-0.1044
SDN,jgdnt,-0.1044
SDN,jgdol,-0.03
SDN,jgdml,-0.03
SDN,jrpol,-0.03
SDN,jrpml,-0.03
SDN,jsbol,-0.03
SDN,jsbml,-0.03
SDN,jsfol,-0.03
SDN,jsfml,-0.03
SDN,jplol,-0.03
SDN,jpkol,-0.03
SDN,jpkml,-0.03
SDN,jtool,-0.03
SDN,jtoml,-0.03
SDN,jcoco,-0.14
SDN,jcafe,-0.14
SDN,jcott,-0.2895
SDN,jteas,-0.14
SDN,jothr,-0.1044
SEN,jbeef,0.43
SEN,jpork,0.28
SEN,jlamb,0.28
SEN,jpoul,0.1
SEN,jeggs,0.1
SEN,jbarl,-0.23
SEN,jmaiz,-0.23
SEN,jmill,-0.23
SEN,jrice,0.41
SEN,jsorg,-0.23
SEN,jwhea,-0.2
SEN,jocer,-0.23
SEN,jbean,-0.0969
SEN,jchkp,-0.0969
SEN,jcowp,-0.0969
SEN,jlent,-0.0969
SEN,jpigp,-0.0969
SEN,jopul,-0.0969
SEN,jbana,-0.13
SEN,jplnt,-0.13
SEN,jsubf,-0.13
SEN,jtemf,-0.13
SEN,jvege,-0.13
SEN,jsugr,0.3
SEN,jgrnd,-0.0969
SEN,jgdnt,-0.0969
SEN,jgdol,-0.07
SEN,jgdml,-0.07
SEN,jrpol,-0.07
SEN,jrpml,-0.07
SEN,jsbol,-0.07
SEN,jsbml,-0.07
SEN,jsfol,-0.07
SEN,jsfml,-0.07
SEN,jplol,-0.07
SEN,jpkol,-0.07
SEN,jpkml,-0.07
SEN,jtool,-0.07
SEN,jtoml,-0.07
SEN,jcoco,-0.13
SEN,jcafe,-0.13
SEN,jcott,-0.2688
SEN,jteas,-0.13
SEN,jothr,-0.0969
SLB,jmaiz,-0.01
SLB,jrice,-0.02
SLB,jwhea,-0.01
SLB,jbean,0.1119
SLB,jchkp,0.1119
SLB,jcowp,0.1119
SLB,jlent,0.1119
SLB,jpigp,0.1119
SLB,jopul,0.1119
SLB,jbana,0.15
SLB,jplnt,0.15
SLB,jsubf,0.15
SLB,jtemf,0.15
SLB,jvege,0.15
SLB,jsugr,0.2
SLB,jgrnd,0.1119
SLB,jgdnt,0.1119
SLB,jcoco,0.15
SLB,jcafe,0.15
SLB,jcott,0.3102
SLB,jteas,0.15
SLB,jothr,0.1119
SLE,jbeef,0.43
SLE,jpork,0.28
SLE,jlamb,0.28
SLE,jpoul,0.1
SLE,jeggs,0.1
SLE,jbarl,-0.23
SLE,jmaiz,-0.23
SLE,jmill,-0.23
SLE,jrice,0.41
SLE,jsorg,-0.23
SLE,jwhea,-0.2
SLE,jocer,-0.23
SLE,jbean,-0.0969
SLE,jchkp,-0.0969
SLE,jcowp,-0.0969
SLE,jlent,-0.0969
SLE,jpigp,-0.0969
SLE,jopul,-0.0969
SLE,jbana,-0.13
SLE,jplnt,-0.13
SLE,jsubf,-0.13
SLE,jtemf,-0.13
SLE,jvege,-0.13
SLE,jsugr,0.3
SLE,jgrnd,-0.0969
SLE,jgdnt,-0.0969
SLE,jgdol,-0.07
SLE,jgdml,-0.07
SLE,jrpol,-0.07
SLE,jrpml,-0.07
SLE,jsbol,-0.07
SLE,jsbml,-0.07
SLE,jsfol,-0.07
SLE,jsfml,-0.07
SLE,jplol,-0.07
SLE,jpkol,-0.07
SLE,jpkml,-0.07
SLE,jtool,-0.07
SLE,jtoml,-0.07
SLE,jcoco,-0.13
SLE,jcafe,-0.13
SLE,jcott,-0.2688
SLE,jteas,-0.13
SLE,jothr,-0.0969
SLV,jbeef,-0.22
SLV,jpork,-0.07
SLV,jlamb,-0.09
SLV,jpoul,-0.07
SLV,jmilk,-0.42
SLV,jmaiz,-0.04
SLV,jrice,-0.01
SLV,jwhea,-0.45
SLV,jbean,0.1864
SLV,jchkp,0.1864
SLV,jcowp,0.1864
SLV,jlent,0.1864
SLV,jpigp,0.1864
SLV,jopul,0.1864
SLV,jbana,0.25
SLV,jplnt,0.25
SLV,jsubf,0.25
SLV,jtemf,0.25
SLV,jvege,0.25
SLV,jsugr,0.2
SLV,jgrnd,0.1864
SLV,jgdnt,0.1864
SLV,jgdol,0.28
SLV,jgdml,0.28
SLV,jrpsd,0.16
SLV,jrpnt,0.16
SLV,jrpol,0.28
SLV,jrpml,0.28
SLV,jsoyb,0.16
SLV,jsbnt,0.16
SLV,jsbol,0.28
SLV,jsbml,0.28
SLV,jsnfl,0.16
SLV,jsfnt,0.16
SLV,jsfol,0.28
SLV,jsfml,0.28
SLV,jpalm,0.16
SLV,jplol,0.28
SLV,jpkrl,0.16
SLV,jpkol,0.28
SLV,jpkml,0.28
SLV,jtols,0.16
SLV,jtont,0.16
SLV,jtool,0.28
SLV,jtoml,0.28
SLV,jcoco,0.25
SLV,jcafe,0.25
SLV,jcott,0.5169
SLV,jteas,0.25
SLV,jothr,0.1864
SOM,jbeef,0.28
SOM,jpork,0.08
SOM,jlamb,0.16
SOM,jpoul,0.08
SOM,jbarl,-0.17
SOM,jmaiz,-0.17
SOM,jmill,-0.17
SOM,jrice,-0.34
SOM,jsorg,-0.17
SOM,jwhea,-0.29
SOM,jocer,-0.17
SOM,jbean,-0.1044
SOM,jchkp,-0.1044
SOM,jcowp,-0.1044
SOM,jlent,-0.1044
SOM,jpigp,-0.1044
SOM,jopul,-0.1044
SOM,jbana,-0.14
SOM,jplnt,-0.14
SOM,jsubf,-0.14
SOM,jtemf,-0.14
SOM,jvege,-0.14
SOM,jsugr,0.3
SOM,jgrnd,-0.1044
SOM,jgdnt,-0.1044
SOM,jgdol,-0.03
SOM,jgdml,-0.03
SOM,jrpol,-0.03
SOM,jrpml,-0.03
SOM,jsbol,-0.03
SOM,jsbml,-0.03
SOM,jsfol,-0.03
SOM,jsfml,-0.03
SOM,jplol,-0.03
SOM,jpkol,-0.03
SOM,jpkml,-0.03
SOM,jtool,-0.03
SOM,jtoml,-0.03
SOM,jcoco,-0.14
SOM,jcafe,-0.14
SOM,jcott,-0.2895
SOM,jteas,-0.14
SOM,jothr,-0.1044
SPP,jbeef,0.131974056
SPP,jpork,0.017134985
SPP,jlamb,0.141404438
SPP,jpoul,0.400145888
SPP,jeggs,0.008054241
SPP,jmilk,0.008590853
SPP,jbarl,7.1517E-06
SPP,jmaiz,7.69393E-06
SPP,jmill,0.58
SPP,jrice,0.010714061
SPP,jwhea,6.79888E-06
SPP,jocer,1.04671E-05
SPP,jpota,0.104513785
SPP,jtemf,0.069863457
SPP,jsugc,0.002577357
SPP,jsugb,0.002577357
SPP,jsugr,0.002577357
SPP,jsugrc,0.002577357
SPP,jsugrb,0.002577357
SPP,jgdol,0.48
SPP,jgdml,0.48
SPP,jrpsd,0.000331114
SPP,jrpnt,0.000331114
SPP,jrpol,0.48
SPP,jrpml,0.48
SPP,jsoyb,0.000278732
SPP,jsbnt,0.000278732
SPP,jsbol,0.48
SPP,jsbml,0.48
SPP,jsnfl,0.000346722
SPP,jsfnt,0.000346722
SPP,jsfol,0.48
SPP,jsfml,0.48
SPP,jpalm,0.5
SPP,jpkrl,0.5
SPP,jpkol,0.48
SPP,jpkml,0.48
SPP,jtool,0.48
SPP,jtoml,0.48
SVK,jbeef,0.131974056
SVK,jpork,0.017134985
SVK,jlamb,0.141404438
SVK,jpoul,0.400145888
SVK,jeggs,0.008054241
SVK,jmilk,0.008590853
SVK,jbarl,7.1517E-06
SVK,jmaiz,7.69393E-06
SVK,jrice,0.010714061
SVK,jwhea,6.79888E-06
SVK,jocer,1.04671E-05
SVK,jpota,0.104513785
SVK,jtemf,0.069863457
SVK,jsugc,0.002577357
SVK,jsugb,0.002577357
SVK,jsugr,0.002577357
SVK,jsugrc,0.002577357
SVK,jsugrb,0.002577357
SVK,jgdol,-0.09
SVK,jgdml,-0.09
SVK,jrpsd,0.000331114
SVK,jrpnt,0.000331114
SVK,jrpol,-0.09
SVK,jrpml,-0.09
SVK,jsoyb,0.000278732
SVK,jsbnt,0.000278732
SVK,jsbol,-0.09
SVK,jsbml,-0.09
SVK,jsnfl,0.000346722
SVK,jsfnt,0.000346722
SVK,jsfol,-0.09
SVK,jsfml,-0.09
SVK,jpkol,-0.09
SVK,jpkml,-0.09
SVK,jtool,-0.09
SVK,jtoml,-0.09
SVN,jbeef,0.131974056
SVN,jpork,0.017134985
SVN,jlamb,0.141404438
SVN,jpoul,0.400145888
SVN,jeggs,0.008054241
SVN,jmilk,0.008590853
SVN,jbarl,7.1517E-06
SVN,jmaiz,7.69393E-06
SVN,jrice,0.010714061
SVN,jwhea,6.79888E-06
SVN,jocer,1.04671E-05
SVN,jpota,0.104513785
SVN,jtemf,0.069863457
SVN,jsugc,0.002577357
SVN,jsugb,0.002577357
SVN,jsugr,0.002577357
SVN,jsugrc,0.002577357
SVN,jsugrb,0.002577357
SVN,jgdol,-0.09
SVN,jgdml,-0.09
SVN,jrpsd,0.000331114
SVN,jrpnt,0.000331114
SVN,jrpol,-0.09
SVN,jrpml,-0.09
SVN,jsoyb,0.000278732
SVN,jsbnt,0.000278732
SVN,jsbol,-0.09
SVN,jsbml,-0.09
SVN,jsnfl,0.000346722
SVN,jsfnt,0.000346722
SVN,jsfol,-0.09
SVN,jsfml,-0.09
SVN,jpkol,-0.09
SVN,jpkml,-0.09
SVN,jtool,-0.09
SVN,jtoml,-0.09
SWE,jbeef,0.131974056
SWE,jpork,0.017134985
SWE,jlamb,0.141404438
SWE,jpoul,0.400145888
SWE,jeggs,0.008054241
SWE,jmilk,0.008590853
SWE,jbarl,7.1517E-06
SWE,jmaiz,7.69393E-06
SWE,jmill,0.58
SWE,jrice,0.010714061
SWE,jwhea,6.79888E-06
SWE,jocer,1.04671E-05
SWE,jpota,0.104513785
SWE,jtemf,0.069863457
SWE,jsugc,0.002577357
SWE,jsugb,0.002577357
SWE,jsugr,0.002577357
SWE,jsugrc,0.002577357
SWE,jsugrb,0.002577357
SWE,jgdol,0.48
SWE,jgdml,0.48
SWE,jrpsd,0.000331114
SWE,jrpnt,0.000331114
SWE,jrpol,0.48
SWE,jrpml,0.48
SWE,jsoyb,0.000278732
SWE,jsbnt,0.000278732
SWE,jsbol,0.48
SWE,jsbml,0.48
SWE,jsnfl,0.000346722
SWE,jsfnt,0.000346722
SWE,jsfol,0.48
SWE,jsfml,0.48
SWE,jpalm,0.5
SWE,jpkrl,0.5
SWE,jpkol,0.48
SWE,jpkml,0.48
SWE,jtool,0.48
SWE,jtoml,0.48
SWZ,jbeef,0.24
SWZ,jeggs,0.09
SWZ,jmilk,-0.29
SWZ,jbarl,-0.2
SWZ,jmaiz,-0.2
SWZ,jmill,-0.2
SWZ,jrice,0.12
SWZ,jsorg,-0.2
SWZ,jwhea,-0.25
SWZ,jocer,-0.2
SWZ,jbean,-0.0522
SWZ,jchkp,-0.0522
SWZ,jcowp,-0.0522
SWZ,jlent,-0.0522
SWZ,jpigp,-0.0522
SWZ,jopul,-0.0522
SWZ,jbana,-0.07
SWZ,jplnt,-0.07
SWZ,jsubf,-0.07
SWZ,jtemf,-0.07
SWZ,jvege,-0.07
SWZ,jsugr,0.3
SWZ,jgrnd,-0.0522
SWZ,jgdnt,-0.0522
SWZ,jgdol,-0.07
SWZ,jgdml,-0.07
SWZ,jrpol,-0.07
SWZ,jrpml,-0.07
SWZ,jsbol,-0.07
SWZ,jsbml,-0.07
SWZ,jsfol,-0.07
SWZ,jsfml,-0.07
SWZ,jplol,-0.07
SWZ,jpkol,-0.07
SWZ,jpkml,-0.07
SWZ,jtool,-0.07
SWZ,jtoml,-0.07
SWZ,jcoco,-0.07
SWZ,jcafe,-0.07
SWZ,jcott,-0.1447
SWZ,jteas,-0.07
SWZ,jothr,-0.0522
SYR,jbeef,0.07
SYR,jpork,0.02
SYR,jlamb,0.07
SYR,jpoul,0.02
SYR,jeggs,0.1
SYR,jmilk,-0.11
SYR,jbarl,0.07
SYR,jmaiz,0.13
SYR,jmill,0.07
SYR,jrice,0.07
SYR,jsorg,0.07
SYR,jwhea,0.07
SYR,jocer,0.07
SYR,jbean,0.0746
SYR,jchkp,0.0746
SYR,jcowp,0.0746
SYR,jlent,0.0746
SYR,jpigp,0.0746
SYR,jopul,0.0746
SYR,jbana,0.1
SYR,jplnt,0.1
SYR,jsubf,0.1
SYR,jtemf,0.1
SYR,jvege,0.1
SYR,jsugr,0.2
SYR,jgrnd,0.0746
SYR,jgdnt,0.0746
SYR,jgdol,0.18
SYR,jgdml,0.18
SYR,jrpol,0.18
SYR,jrpml,0.18
SYR,jsbol,0.18
SYR,jsbml,0.18
SYR,jsfol,0.18
SYR,jsfml,0.18
SYR,jplol,0.18
SYR,jpkol,0.18
SYR,jpkml,0.18
SYR,jtool,0.18
SYR,jtoml,0.18
SYR,jcoco,0.1
SYR,jcafe,0.1
SYR,jcott,0.2068
SYR,jteas,0.1
SYR,jothr,0.0746
TCD,jbeef,0.28
TCD,jpork,0.08
TCD,jlamb,0.16
TCD,jpoul,0.08
TCD,jbarl,-0.17
TCD,jmaiz,-0.17
TCD,jmill,-0.17
TCD,jrice,-0.34
TCD,jsorg,-0.17
TCD,jwhea,-0.29
TCD,jocer,-0.17
TCD,jbean,-0.1044
TCD,jchkp,-0.1044
TCD,jcowp,-0.1044
TCD,jlent,-0.1044
TCD,jpigp,-0.1044
TCD,jopul,-0.1044
TCD,jbana,-0.14
TCD,jplnt,-0.14
TCD,jsubf,-0.14
TCD,jtemf,-0.14
TCD,jvege,-0.14
TCD,jsugr,0.3
TCD,jgrnd,-0.1044
TCD,jgdnt,-0.1044
TCD,jgdol,-0.03
TCD,jgdml,-0.03
TCD,jrpol,-0.03
TCD,jrpml,-0.03
TCD,jsbol,-0.03
TCD,jsbml,-0.03
TCD,jsfol,-0.03
TCD,jsfml,-0.03
TCD,jplol,-0.03
TCD,jpkol,-0.03
TCD,jpkml,-0.03
TCD,jtool,-0.03
TCD,jtoml,-0.03
TCD,jcoco,-0.14
TCD,jcafe,-0.14
TCD,jcott,-0.2895
TCD,jteas,-0.14
TCD,jothr,-0.1044
TGO,jbeef,0.43
TGO,jpork,0.28
TGO,jlamb,0.28
TGO,jpoul,0.1
TGO,jeggs,0.1
TGO,jbarl,-0.23
TGO,jmaiz,-0.23
TGO,jmill,-0.23
TGO,jrice,0.41
TGO,jsorg,-0.23
TGO,jwhea,-0.2
TGO,jocer,-0.23
TGO,jbean,-0.0969
TGO,jchkp,-0.0969
TGO,jcowp,-0.0969
TGO,jlent,-0.0969
TGO,jpigp,-0.0969
TGO,jopul,-0.0969
TGO,jbana,-0.13
TGO,jplnt,-0.13
TGO,jsubf,-0.13
TGO,jtemf,-0.13
TGO,jvege,-0.13
TGO,jsugr,0.3
TGO,jgrnd,-0.0969
TGO,jgdnt,-0.0969
TGO,jgdol,-0.07
TGO,jgdml,-0.07
TGO,jrpol,-0.07
TGO,jrpml,-0.07
TGO,jsbol,-0.07
TGO,jsbml,-0.07
TGO,jsfol,-0.07
TGO,jsfml,-0.07
TGO,jplol,-0.07
TGO,jpkol,-0.07
TGO,jpkml,-0.07
TGO,jtool,-0.07
TGO,jtoml,-0.07
TGO,jcoco,-0.13
TGO,jcafe,-0.13
TGO,jcott,-0.2688
TGO,jteas,-0.13
TGO,jothr,-0.0969
THA,jbeef,0.13
THA,jpork,0.13
THA,jpoul,0.13
THA,jmaiz,-0.02
THA,jrice,-0.23
THA,jwhea,0.6
THA,jbean,0.0671
THA,jchkp,0.0671
THA,jcowp,0.0671
THA,jlent,0.0671
THA,jpigp,0.0671
THA,jopul,0.0671
THA,jbana,0.09
THA,jplnt,0.09
THA,jsubf,0.09
THA,jtemf,0.09
THA,jvege,0.09
THA,jsugr,0.19
THA,jgrnd,0.0671
THA,jgdnt,0.0671
THA,jgdol,-0.02
THA,jgdml,0.1
THA,jrpsd,0.48
THA,jrpnt,0.48
THA,jrpol,-0.02
THA,jrpml,0.1
THA,jsoyb,0.48
THA,jsbnt,0.48
THA,jsbol,-0.02
THA,jsbml,0.1
THA,jsnfl,0.48
THA,jsfnt,0.48
THA,jsfol,-0.02
THA,jsfml,0.1
THA,jpalm,0.48
THA,jplol,-0.02
THA,jpkrl,0.48
THA,jpkol,-0.02
THA,jpkml,0.1
THA,jtols,0.48
THA,jtont,0.48
THA,jtool,-0.02
THA,jtoml,0.1
THA,jcoco,0.09
THA,jcafe,0.09
THA,jcott,0.1861
THA,jteas,0.09
THA,jothr,0.0671
TJK,jbeef,0.23
TJK,jpork,0.22
TJK,jlamb,0.21
TJK,jpoul,0.24
TJK,jeggs,0.22
TJK,jmilk,0.37
TJK,jrice,0.2
TJK,jwhea,-0.15
TJK,jgdol,-0.04
TJK,jgdml,-0.04
TJK,jrpol,-0.04
TJK,jrpml,-0.04
TJK,jsbol,-0.04
TJK,jsbml,-0.04
TJK,jsfol,-0.04
TJK,jsfml,-0.04
TJK,jplol,-0.04
TJK,jpkol,-0.04
TJK,jpkml,-0.04
TJK,jtool,-0.04
TJK,jtoml,-0.04
TKM,jbeef,0.23
TKM,jpork,0.22
TKM,jlamb,0.21
TKM,jpoul,0.24
TKM,jeggs,0.22
TKM,jmilk,0.37
TKM,jrice,0.2
TKM,jwhea,-0.15
TKM,jgdol,-0.04
TKM,jgdml,-0.04
TKM,jrpol,-0.04
TKM,jrpml,-0.04
TKM,jsbol,-0.04
TKM,jsbml,-0.04
TKM,jsfol,-0.04
TKM,jsfml,-0.04
TKM,jplol,-0.04
TKM,jpkol,-0.04
TKM,jpkml,-0.04
TKM,jtool,-0.04
TKM,jtoml,-0.04
TLS,jmaiz,-0.01
TLS,jrice,-0.02
TLS,jwhea,-0.01
TLS,jbean,0.1119
TLS,jchkp,0.1119
TLS,jcowp,0.1119
TLS,jlent,0.1119
TLS,jpigp,0.1119
TLS,jopul,0.1119
TLS,jbana,0.15
TLS,jplnt,0.15
TLS,jsubf,0.15
TLS,jtemf,0.15
TLS,jvege,0.15
TLS,jsugr,0.2
TLS,jgrnd,0.1119
TLS,jgdnt,0.1119
TLS,jcoco,0.15
TLS,jcafe,0.15
TLS,jcott,0.3102
TLS,jteas,0.15
TLS,jothr,0.1119
TUN,jbeef,0.07
TUN,jpork,0.02
TUN,jlamb,0.07
TUN,jpoul,0.02
TUN,jeggs,0.1
TUN,jmilk,-0.11
TUN,jbarl,0.07
TUN,jmaiz,0.13
TUN,jmill,0.07
TUN,jrice,0.07
TUN,jsorg,0.07
TUN,jwhea,0.07
TUN,jocer,0.07
TUN,jbean,0.0746
TUN,jchkp,0.0746
TUN,jcowp,0.0746
TUN,jlent,0.0746
TUN,jpigp,0.0746
TUN,jopul,0.0746
TUN,jbana,0.1
TUN,jplnt,0.1
TUN,jsubf,0.1
TUN,jtemf,0.1
TUN,jvege,0.1
TUN,jsugr,0.2
TUN,jgrnd,0.0746
TUN,jgdnt,0.0746
TUN,jgdol,0.18
TUN,jgdml,0.18
TUN,jrpol,0.18
TUN,jrpml,0.18
TUN,jsbol,0.18
TUN,jsbml,0.18
TUN,jsfol,0.18
TUN,jsfml,0.18
TUN,jplol,0.18
TUN,jpkol,0.18
TUN,jpkml,0.18
TUN,jtool,0.18
TUN,jtoml,0.18
TUN,jcoco,0.1
TUN,jcafe,0.1
TUN,jcott,0.2068
TUN,jteas,0.1
TUN,jothr,0.0746
TUR,jbeef,0.9999
TUR,jlamb,0.526154319
TUR,jeggs,0.589519598
TUR,jmilk,0.461259206
TUR,jbarl,0.564373157
TUR,jmaiz,0.477559542
TUR,jmill,0.34
TUR,jwhea,0.534518235
TUR,jpota,0.9999
TUR,jchkp,0.1193
TUR,jpigp,0.1193
TUR,jopul,0.1193
TUR,jtemf,0.142552045
TUR,jsugc,0.100755982
TUR,jsugb,0.100755982
TUR,jsugr,0.100755982
TUR,jsugrc,0.100755982
TUR,jsugrb,0.100755982
TUR,jgdol,0.47
TUR,jgdml,0.23
TUR,jrpol,0.47
TUR,jrpml,0.23
TUR,jsbol,0.47
TUR,jsbml,0.23
TUR,jsnfl,0.226654557
TUR,jsfnt,0.226654557
TUR,jsfol,0.47
TUR,jsfml,0.23
TUR,jpkol,0.47
TUR,jpkml,0.23
TUR,jtool,0.47
TUR,jtoml,0.23
TUR,jcott,0.126345393
TUR,jteas,0.16
TUR,jothr,0.1193
TZA,jbeef,0.5
TZA,jpork,0.3
TZA,jlamb,-0.5
TZA,jpoul,0.3
TZA,jeggs,0.1
TZA,jmilk,-0.1
TZA,jbarl,-0.06
TZA,jmaiz,-0.06
TZA,jmill,-0.06
TZA,jrice,0.3
TZA,jsorg,-0.06
TZA,jwhea,-0.23
TZA,jocer,-0.06
TZA,jbean,-0.0969
TZA,jchkp,-0.0969
TZA,jcowp,-0.0969
TZA,jlent,-0.0969
TZA,jpigp,-0.0969
TZA,jopul,-0.0969
TZA,jbana,-0.13
TZA,jplnt,-0.13
TZA,jsubf,-0.13
TZA,jtemf,-0.13
TZA,jvege,-0.13
TZA,jsugr,0.3
TZA,jgrnd,-0.0969
TZA,jgdnt,-0.0969
TZA,jgdol,-0.07
TZA,jgdml,-0.02
TZA,jrpol,-0.07
TZA,jrpml,-0.02
TZA,jsbol,-0.07
TZA,jsbml,-0.02
TZA,jsfol,-0.07
TZA,jsfml,-0.02
TZA,jplol,-0.07
TZA,jpkol,-0.07
TZA,jpkml,-0.02
TZA,jtool,-0.07
TZA,jtoml,-0.02
TZA,jcoco,-0.13
TZA,jcafe,-0.13
TZA,jcott,-0.2688
TZA,jteas,-0.13
TZA,jothr,-0.0969
UGA,jbeef,0.5
UGA,jpork,0.3
UGA,jlamb,-0.5
UGA,jpoul,0.3
UGA,jeggs,0.1
UGA,jmilk,-0.1
UGA,jbarl,-0.06
UGA,jmaiz,-0.06
UGA,jmill,-0.06
UGA,jrice,0.3
UGA,jsorg,-0.06
UGA,jwhea,-0.23
UGA,jocer,-0.06
UGA,jbean,-0.0969
UGA,jchkp,-0.0969
UGA,jcowp,-0.0969
UGA,jlent,-0.0969
UGA,jpigp,-0.0969
UGA,jopul,-0.0969
UGA,jbana,-0.13
UGA,jplnt,-0.13
UGA,jsubf,-0.13
UGA,jtemf,-0.13
UGA,jvege,-0.13
UGA,jsugr,0.3
UGA,jgrnd,-0.0969
UGA,jgdnt,-0.0969
UGA,jgdol,-0.07
UGA,jgdml,-0.02
UGA,jrpol,-0.07
UGA,jrpml,-0.02
UGA,jsbol,-0.07
UGA,jsbml,-0.02
UGA,jsfol,-0.07
UGA,jsfml,-0.02
UGA,jplol,-0.07
UGA,jpkol,-0.07
UGA,jpkml,-0.02
UGA,jtool,-0.07
UGA,jtoml,-0.02
UGA,jcoco,-0.13
UGA,jcafe,-0.13
UGA,jcott,-0.2688
UGA,jteas,-0.13
UGA,jothr,-0.0969
UKP,jbeef,0.131974056
UKP,jpork,0.017134985
UKP,jlamb,0.141404438
UKP,jpoul,0.400145888
UKP,jeggs,0.008054241
UKP,jmilk,0.008590853
UKP,jbarl,7.1517E-06
UKP,jmaiz,7.69393E-06
UKP,jmill,0.58
UKP,jrice,0.010714061
UKP,jwhea,6.79888E-06
UKP,jocer,1.04671E-05
UKP,jpota,0.104513785
UKP,jtemf,0.069863457
UKP,jsugc,0.002577357
UKP,jsugb,0.002577357
UKP,jsugr,0.002577357
UKP,jsugrc,0.002577357
UKP,jsugrb,0.002577357
UKP,jgdol,0.48
UKP,jgdml,0.48
UKP,jrpsd,0.000331114
UKP,jrpnt,0.000331114
UKP,jrpol,0.48
UKP,jrpml,0.48
UKP,jsoyb,0.000278732
UKP,jsbnt,0.000278732
UKP,jsbol,0.48
UKP,jsbml,0.48
UKP,jsnfl,0.000346722
UKP,jsfnt,0.000346722
UKP,jsfol,0.48
UKP,jsfml,0.48
UKP,jpalm,0.5
UKP,jpkrl,0.5
UKP,jpkol,0.48
UKP,jpkml,0.48
UKP,jtool,0.48
UKP,jtoml,0.48
UKR,jbeef,0.036132726
UKR,jpork,0.122302447
UKR,jpoul,0.528926379
UKR,jeggs,0.054952466
UKR,jmilk,-0.024021286
UKR,jbarl,-0.049526828
UKR,jmaiz,-0.067300901
UKR,jwhea,-0.076933364
UKR,jocer,0.003435419
UKR,jsugc,0.478942489
UKR,jsugb,0.478942489
UKR,jsugr,0.478942489
UKR,jsugrc,0.478942489
UKR,jsugrb,0.478942489
UKR,jgdol,-0.04
UKR,jgdml,-0.04
UKR,jrpol,-0.04
UKR,jrpml,-0.04
UKR,jsbol,-0.04
UKR,jsbml,-0.04
UKR,jsnfl,-0.091601478
UKR,jsfnt,-0.091601478
UKR,jsfol,-0.04
UKR,jsfml,-0.04
UKR,jpkol,-0.04
UKR,jpkml,-0.04
UKR,jtool,-0.04
UKR,jtoml,-0.04
URY,jbeef,-0.22
URY,jpork,-0.07
URY,jlamb,-0.09
URY,jpoul,-0.07
URY,jmilk,-0.42
URY,jmaiz,-0.04
URY,jrice,-0.01
URY,jwhea,-0.45
URY,jbean,0.1864
URY,jchkp,0.1864
URY,jcowp,0.1864
URY,jlent,0.1864
URY,jpigp,0.1864
URY,jopul,0.1864
URY,jbana,0.25
URY,jplnt,0.25
URY,jsubf,0.25
URY,jtemf,0.25
URY,jvege,0.25
URY,jsugr,0.2
URY,jgrnd,0.1864
URY,jgdnt,0.1864
URY,jgdol,0.28
URY,jgdml,0.28
URY,jrpsd,0.16
URY,jrpnt,0.16
URY,jrpol,0.28
URY,jrpml,0.28
URY,jsoyb,0.16
URY,jsbnt,0.16
URY,jsbol,0.28
URY,jsbml,0.28
URY,jsnfl,0.16
URY,jsfnt,0.16
URY,jsfol,0.28
URY,jsfml,0.28
URY,jpalm,0.16
URY,jplol,0.28
URY,jpkrl,0.16
URY,jpkol,0.28
URY,jpkml,0.28
URY,jtols,0.16
URY,jtont,0.16
URY,jtool,0.28
URY,jtoml,0.28
URY,jcoco,0.25
URY,jcafe,0.25
URY,jcott,0.5169
URY,jteas,0.25
URY,jothr,0.1864
USA,jlamb,0.098901099
USA,jmilk,0.053473954
USA,jbarl,0.000233161
USA,jmaiz,0.000342397
USA,jmill,0.27
USA,jrice,0.002850923
USA,jsorg,1.84431E-05
USA,jwhea,0.008536164
USA,jsugc,0.524422941
USA,jsugb,0.524422941
USA,jsugr,0.524422941
USA,jsugrc,0.524422941
USA,jsugrb,0.524422941
USA,jgdol,0.07
USA,jgdml,0.07
USA,jrpol,0.07
USA,jrpml,0.07
USA,jsoyb,0.000189804
USA,jsbnt,0.000189804
USA,jsbol,0.07
USA,jsbml,0.07
USA,jsfol,0.07
USA,jsfml,0.07
USA,jpalm,0.07
USA,jpkrl,0.07
USA,jpkol,0.07
USA,jpkml,0.07
USA,jtool,0.07
USA,jtoml,0.07
USA,jcott,0.002674257
UZB,jbeef,0.23
UZB,jpork,0.22
UZB,jlamb,0.21
UZB,jpoul,0.24
UZB,jeggs,0.22
UZB,jmilk,0.37
UZB,jrice,0.2
UZB,jwhea,-0.15
UZB,jgdol,-0.04
UZB,jgdml,-0.04
UZB,jrpol,-0.04
UZB,jrpml,-0.04
UZB,jsbol,-0.04
UZB,jsbml,-0.04
UZB,jsfol,-0.04
UZB,jsfml,-0.04
UZB,jplol,-0.04
UZB,jpkol,-0.04
UZB,jpkml,-0.04
UZB,jtool,-0.04
UZB,jtoml,-0.04
VEN,jbeef,-0.22
VEN,jpork,-0.07
VEN,jlamb,-0.09
VEN,jpoul,-0.07
VEN,jmilk,-0.42
VEN,jmaiz,-0.04
VEN,jrice,-0.01
VEN,jwhea,-0.45
VEN,jbean,0.1864
VEN,jchkp,0.1864
VEN,jcowp,0.1864
VEN,jlent,0.1864
VEN,jpigp,0.1864
VEN,jopul,0.1864
VEN,jbana,0.25
VEN,jplnt,0.25
VEN,jsubf,0.25
VEN,jtemf,0.25
VEN,jvege,0.25
VEN,jsugr,0.2
VEN,jgrnd,0.1864
VEN,jgdnt,0.1864
VEN,jgdol,0.28
VEN,jgdml,0.28
VEN,jrpsd,0.16
VEN,jrpnt,0.16
VEN,jrpol,0.28
VEN,jrpml,0.28
VEN,jsoyb,0.16
VEN,jsbnt,0.16
VEN,jsbol,0.28
VEN,jsbml,0.28
VEN,jsnfl,0.16
VEN,jsfnt,0.16
VEN,jsfol,0.28
VEN,jsfml,0.28
VEN,jpalm,0.16
VEN,jplol,0.28
VEN,jpkrl,0.16
VEN,jpkol,0.28
VEN,jpkml,0.28
VEN,jtols,0.16
VEN,jtont,0.16
VEN,jtool,0.28
VEN,jtoml,0.28
VEN,jcoco,0.25
VEN,jcafe,0.25
VEN,jcott,0.5169
VEN,jteas,0.25
VEN,jothr,0.1864
VNM,jbeef,0.27
VNM,jpork,0.22
VNM,jpoul,0.15
VNM,jmilk,-0.27
VNM,jbarl,-0.23
VNM,jmaiz,-0.23
VNM,jmill,-0.23
VNM,jrice,-0.23
VNM,jsorg,-0.23
VNM,jwhea,-0.04
VNM,jocer,-0.23
VNM,jbean,0.1715
VNM,jchkp,0.1715
VNM,jcowp,0.1715
VNM,jlent,0.1715
VNM,jpigp,0.1715
VNM,jopul,0.1715
VNM,jbana,0.23
VNM,jplnt,0.23
VNM,jsubf,0.23
VNM,jtemf,0.23
VNM,jvege,0.23
VNM,jsugr,0.2
VNM,jgrnd,0.1715
VNM,jgdnt,0.1715
VNM,jgdol,-0.17
VNM,jgdml,-0.17
VNM,jrpol,-0.17
VNM,jrpml,-0.17
VNM,jsbol,-0.17
VNM,jsbml,-0.17
VNM,jsfol,-0.17
VNM,jsfml,-0.17
VNM,jplol,-0.17
VNM,jpkol,-0.17
VNM,jpkml,-0.17
VNM,jtool,-0.17
VNM,jtoml,-0.17
VNM,jcoco,0.23
VNM,jcafe,0.23
VNM,jcott,0.4756
VNM,jteas,0.23
VNM,jothr,0.1715
VUT,jmaiz,-0.01
VUT,jrice,-0.02
VUT,jwhea,-0.01
VUT,jbean,0.1119
VUT,jchkp,0.1119
VUT,jcowp,0.1119
VUT,jlent,0.1119
VUT,jpigp,0.1119
VUT,jopul,0.1119
VUT,jbana,0.15
VUT,jplnt,0.15
VUT,jsubf,0.15
VUT,jtemf,0.15
VUT,jvege,0.15
VUT,jsugr,0.2
VUT,jgrnd,0.1119
VUT,jgdnt,0.1119
VUT,jcoco,0.15
VUT,jcafe,0.15
VUT,jcott,0.3102
VUT,jteas,0.15
VUT,jothr,0.1119
YEM,jbeef,0.07
YEM,jpork,0.02
YEM,jlamb,0.07
YEM,jpoul,0.02
YEM,jeggs,0.1
YEM,jmilk,-0.11
YEM,jbarl,0.07
YEM,jmaiz,0.13
YEM,jmill,0.07
YEM,jrice,0.07
YEM,jsorg,0.07
YEM,jwhea,0.07
YEM,jocer,0.07
YEM,jbean,0.0746
YEM,jchkp,0.0746
YEM,jcowp,0.0746
YEM,jlent,0.0746
YEM,jpigp,0.0746
YEM,jopul,0.0746
YEM,jbana,0.1
YEM,jplnt,0.1
YEM,jsubf,0.1
YEM,jtemf,0.1
YEM,jvege,0.1
YEM,jsugr,0.2
YEM,jgrnd,0.0746
YEM,jgdnt,0.0746
YEM,jgdol,0.18
YEM,jgdml,0.18
YEM,jrpol,0.18
YEM,jrpml,0.18
YEM,jsbol,0.18
YEM,jsbml,0.18
YEM,jsfol,0.18
YEM,jsfml,0.18
YEM,jplol,0.18
YEM,jpkol,0.18
YEM,jpkml,0.18
YEM,jtool,0.18
YEM,jtoml,0.18
YEM,jcoco,0.1
YEM,jcafe,0.1
YEM,jcott,0.2068
YEM,jteas,0.1
YEM,jothr,0.0746
ZAF,jsugc,0.123195299
ZAF,jsugb,0.123195299
ZAF,jsugr,0.123195299
ZAF,jsugrc,0.123195299
ZAF,jsugrb,0.123195299
ZAF,jgdol,0.3
ZAF,jgdml,0.3
ZAF,jrpol,0.3
ZAF,jrpml,0.3
ZAF,jsbol,0.3
ZAF,jsbml,0.3
ZAF,jsfol,0.3
ZAF,jsfml,0.3
ZAF,jpkol,0.3
ZAF,jpkml,0.3
ZAF,jtool,0.3
ZAF,jtoml,0.3
ZMB,jbeef,0.24
ZMB,jeggs,0.09
ZMB,jmilk,-0.29
ZMB,jbarl,-0.2
ZMB,jmaiz,-0.2
ZMB,jmill,-0.2
ZMB,jrice,0.12
ZMB,jsorg,-0.2
ZMB,jwhea,-0.25
ZMB,jocer,-0.2
ZMB,jbean,-0.0522
ZMB,jchkp,-0.0522
ZMB,jcowp,-0.0522
ZMB,jlent,-0.0522
ZMB,jpigp,-0.0522
ZMB,jopul,-0.0522
ZMB,jbana,-0.07
ZMB,jplnt,-0.07
ZMB,jsubf,-0.07
ZMB,jtemf,-0.07
ZMB,jvege,-0.07
ZMB,jsugr,0.3
ZMB,jgrnd,-0.0522
ZMB,jgdnt,-0.0522
ZMB,jgdol,-0.07
ZMB,jgdml,-0.07
ZMB,jrpol,-0.07
ZMB,jrpml,-0.07
ZMB,jsbol,-0.07
ZMB,jsbml,-0.07
ZMB,jsfol,-0.07
ZMB,jsfml,-0.07
ZMB,jplol,-0.07
ZMB,jpkol,-0.07
ZMB,jpkml,-0.07
ZMB,jtool,-0.07
ZMB,jtoml,-0.07
ZMB,jcoco,-0.07
ZMB,jcafe,-0.07
ZMB,jcott,-0.1447
ZMB,jteas,-0.07
ZMB,jothr,-0.0522
ZWE,jbeef,0.24
ZWE,jeggs,0.09
ZWE,jmilk,-0.29
ZWE,jbarl,-0.2
ZWE,jmaiz,-0.2
ZWE,jmill,-0.2
ZWE,jrice,0.12
ZWE,jsorg,-0.2
ZWE,jwhea,-0.25
ZWE,jocer,-0.2
ZWE,jbean,-0.0522
ZWE,jchkp,-0.0522
ZWE,jcowp,-0.0522
ZWE,jlent,-0.0522
ZWE,jpigp,-0.0522
ZWE,jopul,-0.0522
ZWE,jbana,-0.07
ZWE,jplnt,-0.07
ZWE,jsubf,-0.07
ZWE,jtemf,-0.07
ZWE,jvege,-0.07
ZWE,jsugr,0.3
ZWE,jgrnd,-0.0522
ZWE,jgdnt,-0.0522
ZWE,jgdol,-0.07
ZWE,jgdml,-0.07
ZWE,jrpol,-0.07
ZWE,jrpml,-0.07
ZWE,jsbol,-0.07
ZWE,jsbml,-0.07
ZWE,jsfol,-0.07
ZWE,jsfml,-0.07
ZWE,jplol,-0.07
ZWE,jpkol,-0.07
ZWE,jpkml,-0.07
ZWE,jtool,-0.07
ZWE,jtoml,-0.07
ZWE,jcoco,-0.07
ZWE,jcafe,-0.07
ZWE,jcott,-0.1447
ZWE,jteas,-0.07
ZWE,jothr,-0.0522
