jbeef,LBR,jbeef,0.275
jbeef,LBR,jpork,-0.022
jbeef,LBR,jmilk,0.044
jbeef,AFG,jbeef,0.352
jbeef,AFG,jpork,-0.022
jbeef,AFG,jmilk,0.044
jbeef,AGO,jbeef,0.33
jbeef,AGO,jpork,-0.022
jbeef,AGO,jmilk,0.044
jbeef,ALB,jbeef,0.33
jbeef,ALB,jpork,-0.055
jbeef,ALB,jpoul,-0.033
jbeef,ALB,jmilk,0.066
jbeef,ARG,jbeef,0.55
jbeef,ARG,jmilk,0.033
jbeef,ARM,jbeef,0.275
jbeef,ARM,jpork,-0.033
jbeef,ARM,jpoul,-0.011
jbeef,ARM,jmilk,0.055
jbeef,AUS,jbeef,0.495
jbeef,AUS,jpork,-0.033
jbeef,AUS,jlamb,-0.11
jbeef,AUS,jpoul,-0.011
jbeef,AUS,jmilk,0.055
jbeef,AUT,jbeef,0.385
jbeef,AUT,jpork,-0.077
jbeef,AUT,jmilk,0.088
jbeef,AZE,jbeef,0.275
jbeef,AZE,jpork,-0.033
jbeef,AZE,jpoul,-0.011
jbeef,AZE,jmilk,0.055
jbeef,BDI,jbeef,0.385
jbeef,BDI,jpork,-0.022
jbeef,BDI,jmilk,0.044
jbeef,BEN,jbeef,0.275
jbeef,BEN,jpork,-0.022
jbeef,BEN,jmilk,0.044
jbeef,BFA,jbeef,0.33
jbeef,BFA,jpork,-0.022
jbeef,BFA,jmilk,0.044
jbeef,BGD,jbeef,0.374
jbeef,BGD,jpork,-0.022
jbeef,BGD,jmilk,0.044
jbeef,BGR,jbeef,0.33
jbeef,BGR,jpork,-0.055
jbeef,BGR,jpoul,-0.033
jbeef,BGR,jmilk,0.066
jbeef,BLR,jbeef,0.275
jbeef,BLR,jpork,-0.033
jbeef,BLR,jpoul,-0.011
jbeef,BLR,jmilk,0.055
jbeef,BLT,jbeef,0.275
jbeef,BLT,jpork,-0.033
jbeef,BLT,jpoul,-0.011
jbeef,BLT,jmilk,0.055
jbeef,BLX,jbeef,0.385
jbeef,BLX,jpork,-0.077
jbeef,BLX,jmilk,0.088
jbeef,BLZ,jbeef,0.484
jbeef,BLZ,jpork,-0.011
jbeef,BLZ,jmilk,0.011
jbeef,BOL,jbeef,0.484
jbeef,BOL,jpork,-0.011
jbeef,BOL,jmilk,0.011
jbeef,BRA,jbeef,0.55
jbeef,BRA,jpork,-0.022
jbeef,BRA,jmilk,0.033
jbeef,BTN,jbeef,0.352
jbeef,BTN,jpork,-0.022
jbeef,BTN,jmilk,0.044
jbeef,BWA,jbeef,0.33
jbeef,BWA,jpork,-0.022
jbeef,BWA,jmilk,0.044
jbeef,CAF,jbeef,0.275
jbeef,CAF,jpork,-0.022
jbeef,CAF,jmilk,0.044
jbeef,CAN,jbeef,0.418
jbeef,CAN,jpork,-0.033
jbeef,CAN,jlamb,-0.022
jbeef,CAN,jmilk,0.066
jbeef,CHL,jbeef,0.484
jbeef,CHL,jpork,-0.011
jbeef,CHL,jmilk,0.011
jbeef,CHM,jbeef,0.33
jbeef,CHM,jpork,-0.044
jbeef,CHM,jlamb,-0.011
jbeef,CHM,jmilk,0.055
jbeef,CHP,jbeef,0.385
jbeef,CHP,jpork,-0.077
jbeef,CHP,jmilk,0.088
jbeef,CIV,jbeef,0.275
jbeef,CIV,jpork,-0.022
jbeef,CIV,jmilk,0.044
jbeef,CMR,jbeef,0.275
jbeef,CMR,jpork,-0.022
jbeef,CMR,jmilk,0.044
jbeef,COD,jbeef,0.275
jbeef,COD,jpork,-0.022
jbeef,COD,jmilk,0.044
jbeef,COG,jbeef,0.275
jbeef,COG,jpork,-0.022
jbeef,COG,jmilk,0.044
jbeef,COL,jbeef,0.231
jbeef,COL,jmilk,0.011
jbeef,CRB,jbeef,0.275
jbeef,CRB,jpork,-0.022
jbeef,CRB,jmilk,0.044
jbeef,CRI,jbeef,0.484
jbeef,CRI,jpork,-0.011
jbeef,CRI,jmilk,0.011
jbeef,CUB,jbeef,0.484
jbeef,CUB,jpork,-0.011
jbeef,CUB,jmilk,0.011
jbeef,CYP,jbeef,0.231
jbeef,CYP,jmilk,0.033
jbeef,CZE,jbeef,0.33
jbeef,CZE,jpork,-0.055
jbeef,CZE,jpoul,-0.033
jbeef,CZE,jmilk,0.066
jbeef,DEU,jbeef,0.385
jbeef,DEU,jpork,-0.077
jbeef,DEU,jmilk,0.088
jbeef,DJI,jbeef,0.33
jbeef,DJI,jpork,-0.022
jbeef,DJI,jmilk,0.044
jbeef,DNK,jbeef,0.385
jbeef,DNK,jpork,-0.077
jbeef,DNK,jmilk,0.088
jbeef,DOM,jbeef,0.484
jbeef,DOM,jpork,-0.011
jbeef,DOM,jmilk,0.011
jbeef,DZA,jbeef,0.231
jbeef,DZA,jmilk,0.033
jbeef,ECU,jbeef,0.484
jbeef,ECU,jpork,-0.011
jbeef,ECU,jmilk,0.011
jbeef,EGY,jbeef,0.352
jbeef,EGY,jpoul,-0.022
jbeef,EGY,jmilk,0.033
jbeef,ERI,jbeef,0.33
jbeef,ERI,jpork,-0.022
jbeef,ERI,jmilk,0.044
jbeef,ETH,jbeef,0.33
jbeef,ETH,jpork,-0.022
jbeef,ETH,jmilk,0.044
jbeef,FJI,jbeef,0.275
jbeef,FJI,jpork,-0.022
jbeef,FJI,jmilk,0.044
jbeef,FNP,jbeef,0.385
jbeef,FNP,jpork,-0.077
jbeef,FNP,jmilk,0.088
jbeef,FRP,jbeef,0.385
jbeef,FRP,jpork,-0.077
jbeef,FRP,jmilk,0.088
jbeef,GAB,jbeef,0.275
jbeef,GAB,jpork,-0.022
jbeef,GAB,jmilk,0.044
jbeef,GEO,jbeef,0.275
jbeef,GEO,jpork,-0.033
jbeef,GEO,jpoul,-0.011
jbeef,GEO,jmilk,0.055
jbeef,GHA,jbeef,0.275
jbeef,GHA,jpork,-0.022
jbeef,GHA,jmilk,0.044
jbeef,GIN,jbeef,0.275
jbeef,GIN,jpork,-0.022
jbeef,GIN,jmilk,0.044
jbeef,GMB,jbeef,0.275
jbeef,GMB,jpork,-0.022
jbeef,GMB,jmilk,0.044
jbeef,GNB,jbeef,0.275
jbeef,GNB,jpork,-0.022
jbeef,GNB,jmilk,0.044
jbeef,GNQ,jbeef,0.275
jbeef,GNQ,jpork,-0.022
jbeef,GNQ,jmilk,0.044
jbeef,GRC,jbeef,0.33
jbeef,GRC,jpork,-0.055
jbeef,GRC,jpoul,-0.033
jbeef,GRC,jmilk,0.066
jbeef,GSA,jbeef,0.484
jbeef,GSA,jpork,-0.011
jbeef,GSA,jmilk,0.011
jbeef,GTM,jbeef,0.484
jbeef,GTM,jpork,-0.011
jbeef,GTM,jmilk,0.011
jbeef,HND,jbeef,0.484
jbeef,HND,jpork,-0.011
jbeef,HND,jmilk,0.011
jbeef,HRV,jbeef,0.33
jbeef,HRV,jpork,-0.055
jbeef,HRV,jpoul,-0.033
jbeef,HRV,jmilk,0.066
jbeef,HTI,jbeef,0.484
jbeef,HTI,jpork,-0.011
jbeef,HTI,jmilk,0.011
jbeef,HUN,jbeef,0.33
jbeef,HUN,jpork,-0.055
jbeef,HUN,jpoul,-0.033
jbeef,HUN,jmilk,0.066
jbeef,IDN,jbeef,0.275
jbeef,IDN,jpork,-0.022
jbeef,IDN,jmilk,0.044
jbeef,IND,jbeef,0.22
jbeef,IRL,jbeef,0.385
jbeef,IRL,jpork,-0.077
jbeef,IRL,jmilk,0.088
jbeef,IRN,jbeef,0.231
jbeef,IRN,jmilk,0.033
jbeef,IRQ,jbeef,0.231
jbeef,IRQ,jmilk,0.033
jbeef,ISL,jbeef,0.385
jbeef,ISL,jpork,-0.077
jbeef,ISL,jmilk,0.088
jbeef,ISR,jbeef,0.418
jbeef,ISR,jpork,-0.033
jbeef,ISR,jlamb,-0.022
jbeef,ISR,jmilk,0.066
jbeef,ITP,jbeef,0.385
jbeef,ITP,jpork,-0.077
jbeef,ITP,jmilk,0.088
jbeef,JAM,jbeef,0.275
jbeef,JAM,jpork,-0.022
jbeef,JAM,jmilk,0.044
jbeef,JOR,jbeef,0.231
jbeef,JOR,jmilk,0.033
jbeef,JPN,jbeef,0.33
jbeef,JPN,jpork,-0.11
jbeef,JPN,jpoul,-0.066
jbeef,JPN,jmilk,0.055
jbeef,KAZ,jbeef,0.275
jbeef,KAZ,jpork,-0.033
jbeef,KAZ,jpoul,-0.011
jbeef,KAZ,jmilk,0.055
jbeef,KEN,jbeef,0.385
jbeef,KEN,jpork,-0.022
jbeef,KEN,jmilk,0.044
jbeef,KGZ,jbeef,0.275
jbeef,KGZ,jpork,-0.033
jbeef,KGZ,jpoul,-0.011
jbeef,KGZ,jmilk,0.055
jbeef,KHM,jbeef,0.165
jbeef,KHM,jpork,-0.022
jbeef,KOR,jbeef,0.385
jbeef,KOR,jpork,-0.11
jbeef,LAO,jbeef,0.165
jbeef,LAO,jpork,-0.022
jbeef,LBN,jbeef,0.231
jbeef,LBN,jmilk,0.033
jbeef,LBY,jbeef,0.231
jbeef,LBY,jmilk,0.033
jbeef,LKA,jbeef,0.352
jbeef,LKA,jpork,-0.022
jbeef,LKA,jmilk,0.044
jbeef,LSO,jbeef,0.33
jbeef,LSO,jpork,-0.022
jbeef,LSO,jmilk,0.044
jbeef,MDA,jbeef,0.33
jbeef,MDA,jpork,-0.055
jbeef,MDA,jpoul,-0.033
jbeef,MDA,jmilk,0.066
jbeef,MDG,jbeef,0.33
jbeef,MDG,jpork,-0.022
jbeef,MDG,jmilk,0.044
jbeef,MEX,jbeef,0.33
jbeef,MEX,jpork,-0.055
jbeef,MEX,jmilk,0.055
jbeef,MLI,jbeef,0.33
jbeef,MLI,jpork,-0.022
jbeef,MLI,jmilk,0.044
jbeef,MMR,jbeef,0.176
jbeef,MMR,jpork,-0.022
jbeef,MNG,jbeef,0.44
jbeef,MNG,jpork,-0.11
jbeef,MOR,jbeef,0.231
jbeef,MOR,jmilk,0.033
jbeef,MOZ,jbeef,0.33
jbeef,MOZ,jpork,-0.022
jbeef,MOZ,jmilk,0.044
jbeef,MRT,jbeef,0.33
jbeef,MRT,jpork,-0.022
jbeef,MRT,jmilk,0.044
jbeef,MWI,jbeef,0.33
jbeef,MWI,jpork,-0.022
jbeef,MWI,jmilk,0.044
jbeef,MYS,jbeef,0.44
jbeef,MYS,jpork,-0.022
jbeef,MYS,jmilk,0.044
jbeef,NAM,jbeef,0.33
jbeef,NAM,jpork,-0.022
jbeef,NAM,jmilk,0.044
jbeef,NER,jbeef,0.33
jbeef,NER,jpork,-0.022
jbeef,NER,jmilk,0.044
jbeef,NGA,jbeef,0.275
jbeef,NGA,jpork,-0.022
jbeef,NGA,jmilk,0.044
jbeef,NIC,jbeef,0.484
jbeef,NIC,jpork,-0.011
jbeef,NIC,jmilk,0.011
jbeef,NLD,jbeef,0.385
jbeef,NLD,jpork,-0.077
jbeef,NLD,jmilk,0.088
jbeef,NOR,jbeef,0.385
jbeef,NOR,jpork,-0.077
jbeef,NOR,jmilk,0.088
jbeef,NPL,jbeef,0.352
jbeef,NPL,jpork,-0.022
jbeef,NPL,jmilk,0.044
jbeef,NZL,jbeef,0.418
jbeef,NZL,jpork,-0.033
jbeef,NZL,jlamb,-0.022
jbeef,NZL,jmilk,0.066
jbeef,OAO,jbeef,0.275
jbeef,OAO,jpork,-0.022
jbeef,OAO,jmilk,0.044
jbeef,OBN,jbeef,0.33
jbeef,OBN,jpork,-0.055
jbeef,OBN,jpoul,-0.033
jbeef,OBN,jmilk,0.066
jbeef,OIO,jbeef,0.275
jbeef,OIO,jpork,-0.022
jbeef,OIO,jmilk,0.044
jbeef,OPO,jbeef,0.275
jbeef,OPO,jpork,-0.022
jbeef,OPO,jmilk,0.044
jbeef,OSA,jbeef,0.165
jbeef,OSA,jpork,-0.022
jbeef,PAK,jbeef,0.231
jbeef,PAN,jbeef,0.484
jbeef,PAN,jpork,-0.011
jbeef,PAN,jmilk,0.011
jbeef,PER,jbeef,0.484
jbeef,PER,jpork,-0.011
jbeef,PER,jmilk,0.011
jbeef,PHL,jbeef,0.308
jbeef,PHL,jpork,-0.088
jbeef,PNG,jbeef,0.275
jbeef,PNG,jpork,-0.022
jbeef,PNG,jmilk,0.044
jbeef,POL,jbeef,0.33
jbeef,POL,jpork,-0.055
jbeef,POL,jpoul,-0.033
jbeef,POL,jmilk,0.066
jbeef,PRK,jbeef,0.44
jbeef,PRK,jpork,-0.11
jbeef,PRT,jbeef,0.385
jbeef,PRT,jpork,-0.077
jbeef,PRT,jmilk,0.088
jbeef,PRY,jbeef,0.484
jbeef,PRY,jpork,-0.011
jbeef,PRY,jmilk,0.011
jbeef,PSE,jbeef,0.275
jbeef,PSE,jpork,-0.022
jbeef,PSE,jmilk,0.044
jbeef,RAP,jbeef,0.231
jbeef,RAP,jmilk,0.033
jbeef,ROU,jbeef,0.33
jbeef,ROU,jpork,-0.055
jbeef,ROU,jpoul,-0.033
jbeef,ROU,jmilk,0.066
jbeef,RUS,jbeef,0.275
jbeef,RUS,jpork,-0.033
jbeef,RUS,jpoul,-0.011
jbeef,RUS,jmilk,0.055
jbeef,RWA,jbeef,0.385
jbeef,RWA,jpork,-0.022
jbeef,RWA,jmilk,0.044
jbeef,SAU,jbeef,0.231
jbeef,SAU,jmilk,0.033
jbeef,SDN,jbeef,0.33
jbeef,SDN,jpork,-0.022
jbeef,SDN,jmilk,0.044
jbeef,SEN,jbeef,0.275
jbeef,SEN,jpork,-0.022
jbeef,SEN,jmilk,0.044
jbeef,SLB,jbeef,0.275
jbeef,SLB,jpork,-0.022
jbeef,SLB,jmilk,0.044
jbeef,SLE,jbeef,0.275
jbeef,SLE,jpork,-0.022
jbeef,SLE,jmilk,0.044
jbeef,SLV,jbeef,0.484
jbeef,SLV,jpork,-0.011
jbeef,SLV,jmilk,0.011
jbeef,SOM,jbeef,0.33
jbeef,SOM,jpork,-0.022
jbeef,SOM,jmilk,0.044
jbeef,SPP,jbeef,0.385
jbeef,SPP,jpork,-0.077
jbeef,SPP,jmilk,0.088
jbeef,SVK,jbeef,0.33
jbeef,SVK,jpork,-0.055
jbeef,SVK,jpoul,-0.033
jbeef,SVK,jmilk,0.066
jbeef,SVN,jbeef,0.33
jbeef,SVN,jpork,-0.055
jbeef,SVN,jpoul,-0.033
jbeef,SVN,jmilk,0.066
jbeef,SWE,jbeef,0.385
jbeef,SWE,jpork,-0.077
jbeef,SWE,jmilk,0.088
jbeef,SWZ,jbeef,0.33
jbeef,SWZ,jpork,-0.022
jbeef,SWZ,jmilk,0.044
jbeef,SYR,jbeef,0.231
jbeef,SYR,jmilk,0.033
jbeef,TCD,jbeef,0.33
jbeef,TCD,jpork,-0.022
jbeef,TCD,jmilk,0.044
jbeef,TGO,jbeef,0.275
jbeef,TGO,jpork,-0.022
jbeef,TGO,jmilk,0.044
jbeef,THA,jbeef,0.33
jbeef,THA,jpork,-0.022
jbeef,THA,jmilk,0.044
jbeef,TJK,jbeef,0.275
jbeef,TJK,jpork,-0.033
jbeef,TJK,jpoul,-0.011
jbeef,TJK,jmilk,0.055
jbeef,TKM,jbeef,0.275
jbeef,TKM,jpork,-0.033
jbeef,TKM,jpoul,-0.011
jbeef,TKM,jmilk,0.055
jbeef,TLS,jbeef,0.275
jbeef,TLS,jpork,-0.022
jbeef,TLS,jmilk,0.044
jbeef,TUN,jbeef,0.231
jbeef,TUN,jmilk,0.033
jbeef,TUR,jbeef,0.275
jbeef,TUR,jmilk,0.033
jbeef,TZA,jbeef,0.385
jbeef,TZA,jpork,-0.022
jbeef,TZA,jmilk,0.044
jbeef,UGA,jbeef,0.385
jbeef,UGA,jpork,-0.022
jbeef,UGA,jmilk,0.044
jbeef,UKP,jbeef,0.385
jbeef,UKP,jpork,-0.077
jbeef,UKP,jmilk,0.088
jbeef,UKR,jbeef,0.275
jbeef,UKR,jpork,-0.033
jbeef,UKR,jpoul,-0.011
jbeef,UKR,jmilk,0.055
jbeef,URY,jbeef,0.484
jbeef,URY,jpork,-0.011
jbeef,URY,jmilk,0.011
jbeef,USA,jbeef,0.495
jbeef,USA,jpork,-0.011
jbeef,USA,jmilk,0.044
jbeef,UZB,jbeef,0.275
jbeef,UZB,jpork,-0.033
jbeef,UZB,jpoul,-0.011
jbeef,UZB,jmilk,0.055
jbeef,VEN,jbeef,0.484
jbeef,VEN,jpork,-0.011
jbeef,VEN,jmilk,0.011
jbeef,VNM,jbeef,0.275
jbeef,VNM,jpork,-0.022
jbeef,VUT,jbeef,0.275
jbeef,VUT,jpork,-0.022
jbeef,VUT,jmilk,0.044
jbeef,YEM,jbeef,0.231
jbeef,YEM,jmilk,0.033
jbeef,ZAF,jbeef,0.418
jbeef,ZAF,jpork,-0.033
jbeef,ZAF,jlamb,-0.022
jbeef,ZAF,jmilk,0.066
jbeef,ZMB,jbeef,0.33
jbeef,ZMB,jpork,-0.022
jbeef,ZMB,jmilk,0.044
jbeef,ZWE,jbeef,0.33
jbeef,ZWE,jpork,-0.022
jbeef,ZWE,jmilk,0.044
jpork,LBR,jbeef,-0.022
jpork,LBR,jpork,0.242
jpork,AFG,jbeef,-0.022
jpork,AFG,jpork,0.22
jpork,AGO,jbeef,-0.022
jpork,AGO,jpork,0.385
jpork,ALB,jbeef,-0.022
jpork,ALB,jpork,0.495
jpork,ARG,jbeef,-0.066
jpork,ARG,jpork,0.495
jpork,ARM,jbeef,-0.011
jpork,ARM,jpork,0.33
jpork,AUS,jbeef,-0.088
jpork,AUS,jpork,0.44
jpork,AUT,jbeef,-0.055
jpork,AUT,jpork,0.495
jpork,AUT,jpoul,-0.011
jpork,AZE,jbeef,-0.011
jpork,AZE,jpork,0.33
jpork,BDI,jbeef,-0.022
jpork,BDI,jpork,0.22
jpork,BEN,jbeef,-0.022
jpork,BEN,jpork,0.242
jpork,BFA,jbeef,-0.022
jpork,BFA,jpork,0.33
jpork,BGD,jbeef,-0.022
jpork,BGD,jpork,0.22
jpork,BGR,jbeef,-0.022
jpork,BGR,jpork,0.495
jpork,BLR,jbeef,-0.011
jpork,BLR,jpork,0.33
jpork,BLT,jbeef,-0.011
jpork,BLT,jpork,0.33
jpork,BLX,jbeef,-0.055
jpork,BLX,jpork,0.495
jpork,BLX,jpoul,-0.011
jpork,BLZ,jbeef,-0.055
jpork,BLZ,jpork,0.418
jpork,BOL,jbeef,-0.055
jpork,BOL,jpork,0.418
jpork,BRA,jbeef,-0.044
jpork,BRA,jpork,0.55
jpork,BTN,jbeef,-0.022
jpork,BTN,jpork,0.22
jpork,BWA,jbeef,-0.022
jpork,BWA,jpork,0.385
jpork,CAF,jbeef,-0.022
jpork,CAF,jpork,0.242
jpork,CAN,jbeef,-0.077
jpork,CAN,jpork,0.385
jpork,CAN,jlamb,-0.022
jpork,CAN,jpoul,-0.044
jpork,CHL,jbeef,-0.055
jpork,CHL,jpork,0.418
jpork,CHM,jbeef,-0.066
jpork,CHM,jpork,0.462
jpork,CHP,jbeef,-0.055
jpork,CHP,jpork,0.495
jpork,CHP,jpoul,-0.011
jpork,CIV,jbeef,-0.022
jpork,CIV,jpork,0.242
jpork,CMR,jbeef,-0.022
jpork,CMR,jpork,0.242
jpork,COD,jbeef,-0.022
jpork,COD,jpork,0.242
jpork,COG,jbeef,-0.022
jpork,COG,jpork,0.242
jpork,COL,jbeef,-0.044
jpork,COL,jpork,0.363
jpork,CRB,jbeef,-0.022
jpork,CRB,jpork,0.22
jpork,CRI,jbeef,-0.055
jpork,CRI,jpork,0.418
jpork,CUB,jbeef,-0.055
jpork,CUB,jpork,0.418
jpork,CYP,jpork,0.11
jpork,CZE,jbeef,-0.022
jpork,CZE,jpork,0.495
jpork,DEU,jbeef,-0.055
jpork,DEU,jpork,0.495
jpork,DEU,jpoul,-0.011
jpork,DJI,jbeef,-0.022
jpork,DJI,jpork,0.33
jpork,DNK,jbeef,-0.055
jpork,DNK,jpork,0.495
jpork,DNK,jpoul,-0.011
jpork,DOM,jbeef,-0.055
jpork,DOM,jpork,0.418
jpork,DZA,jpork,0.11
jpork,ECU,jbeef,-0.055
jpork,ECU,jpork,0.418
jpork,EGY,jbeef,-0.022
jpork,EGY,jpork,0.22
jpork,ERI,jbeef,-0.022
jpork,ERI,jpork,0.33
jpork,ETH,jbeef,-0.022
jpork,ETH,jpork,0.33
jpork,FJI,jbeef,-0.022
jpork,FJI,jpork,0.22
jpork,FNP,jbeef,-0.055
jpork,FNP,jpork,0.495
jpork,FNP,jpoul,-0.011
jpork,FRP,jbeef,-0.055
jpork,FRP,jpork,0.495
jpork,FRP,jpoul,-0.011
jpork,GAB,jbeef,-0.022
jpork,GAB,jpork,0.242
jpork,GEO,jbeef,-0.011
jpork,GEO,jpork,0.33
jpork,GHA,jbeef,-0.022
jpork,GHA,jpork,0.242
jpork,GIN,jbeef,-0.022
jpork,GIN,jpork,0.242
jpork,GMB,jbeef,-0.022
jpork,GMB,jpork,0.242
jpork,GNB,jbeef,-0.022
jpork,GNB,jpork,0.242
jpork,GNQ,jbeef,-0.022
jpork,GNQ,jpork,0.242
jpork,GRC,jbeef,-0.022
jpork,GRC,jpork,0.495
jpork,GSA,jbeef,-0.055
jpork,GSA,jpork,0.418
jpork,GTM,jbeef,-0.055
jpork,GTM,jpork,0.418
jpork,HND,jbeef,-0.055
jpork,HND,jpork,0.418
jpork,HRV,jbeef,-0.022
jpork,HRV,jpork,0.495
jpork,HTI,jbeef,-0.055
jpork,HTI,jpork,0.418
jpork,HUN,jbeef,-0.022
jpork,HUN,jpork,0.495
jpork,IDN,jbeef,-0.022
jpork,IDN,jpork,0.55
jpork,IND,jpork,0.33
jpork,IRL,jbeef,-0.055
jpork,IRL,jpork,0.495
jpork,IRL,jpoul,-0.011
jpork,IRN,jpork,0.11
jpork,IRQ,jpork,0.11
jpork,ISL,jbeef,-0.055
jpork,ISL,jpork,0.495
jpork,ISL,jpoul,-0.011
jpork,ISR,jbeef,-0.077
jpork,ISR,jpork,0.385
jpork,ISR,jlamb,-0.022
jpork,ISR,jpoul,-0.044
jpork,ITP,jbeef,-0.055
jpork,ITP,jpork,0.495
jpork,ITP,jpoul,-0.011
jpork,JAM,jbeef,-0.022
jpork,JAM,jpork,0.22
jpork,JOR,jpork,0.11
jpork,JPN,jbeef,-0.033
jpork,JPN,jpork,0.363
jpork,JPN,jpoul,-0.066
jpork,KAZ,jbeef,-0.011
jpork,KAZ,jpork,0.22
jpork,KEN,jbeef,-0.022
jpork,KEN,jpork,0.22
jpork,KGZ,jbeef,-0.011
jpork,KGZ,jpork,0.22
jpork,KHM,jbeef,-0.022
jpork,KHM,jpork,0.352
jpork,KOR,jbeef,-0.066
jpork,KOR,jpork,0.33
jpork,LAO,jbeef,-0.022
jpork,LAO,jpork,0.352
jpork,LBN,jpork,0.11
jpork,LBY,jpork,0.11
jpork,LKA,jbeef,-0.022
jpork,LKA,jpork,0.22
jpork,LSO,jbeef,-0.022
jpork,LSO,jpork,0.385
jpork,MDA,jbeef,-0.022
jpork,MDA,jpork,0.495
jpork,MDG,jbeef,-0.022
jpork,MDG,jpork,0.385
jpork,MEX,jbeef,-0.066
jpork,MEX,jpork,0.495
jpork,MLI,jbeef,-0.022
jpork,MLI,jpork,0.33
jpork,MMR,jbeef,-0.022
jpork,MMR,jpork,0.33
jpork,MNG,jpork,0.385
jpork,MOR,jpork,0.11
jpork,MOZ,jbeef,-0.022
jpork,MOZ,jpork,0.385
jpork,MRT,jbeef,-0.022
jpork,MRT,jpork,0.33
jpork,MWI,jbeef,-0.022
jpork,MWI,jpork,0.385
jpork,MYS,jbeef,-0.022
jpork,MYS,jpork,0.55
jpork,NAM,jbeef,-0.022
jpork,NAM,jpork,0.385
jpork,NER,jbeef,-0.022
jpork,NER,jpork,0.33
jpork,NGA,jbeef,-0.022
jpork,NGA,jpork,0.22
jpork,NIC,jbeef,-0.055
jpork,NIC,jpork,0.418
jpork,NLD,jbeef,-0.055
jpork,NLD,jpork,0.495
jpork,NLD,jpoul,-0.011
jpork,NOR,jbeef,-0.055
jpork,NOR,jpork,0.495
jpork,NOR,jpoul,-0.011
jpork,NPL,jbeef,-0.022
jpork,NPL,jpork,0.22
jpork,NZL,jbeef,-0.077
jpork,NZL,jpork,0.385
jpork,NZL,jlamb,-0.022
jpork,NZL,jpoul,-0.044
jpork,OAO,jbeef,-0.022
jpork,OAO,jpork,0.22
jpork,OBN,jbeef,-0.022
jpork,OBN,jpork,0.495
jpork,OIO,jbeef,-0.022
jpork,OIO,jpork,0.22
jpork,OPO,jbeef,-0.022
jpork,OPO,jpork,0.22
jpork,OSA,jbeef,-0.022
jpork,OSA,jpork,0.352
jpork,PAK,jpork,0.22
jpork,PAN,jbeef,-0.055
jpork,PAN,jpork,0.418
jpork,PER,jbeef,-0.055
jpork,PER,jpork,0.418
jpork,PHL,jbeef,-0.033
jpork,PHL,jpork,0.495
jpork,PNG,jbeef,-0.022
jpork,PNG,jpork,0.22
jpork,POL,jbeef,-0.022
jpork,POL,jpork,0.495
jpork,PRK,jpork,0.385
jpork,PRT,jbeef,-0.055
jpork,PRT,jpork,0.495
jpork,PRT,jpoul,-0.011
jpork,PRY,jbeef,-0.055
jpork,PRY,jpork,0.418
jpork,PSE,jbeef,-0.022
jpork,PSE,jpork,0.242
jpork,RAP,jpork,0.11
jpork,ROU,jbeef,-0.022
jpork,ROU,jpork,0.495
jpork,RUS,jbeef,-0.011
jpork,RUS,jpork,0.33
jpork,RWA,jbeef,-0.022
jpork,RWA,jpork,0.22
jpork,SAU,jpork,0.11
jpork,SDN,jbeef,-0.022
jpork,SDN,jpork,0.33
jpork,SEN,jbeef,-0.022
jpork,SEN,jpork,0.242
jpork,SLB,jbeef,-0.022
jpork,SLB,jpork,0.22
jpork,SLE,jbeef,-0.022
jpork,SLE,jpork,0.242
jpork,SLV,jbeef,-0.055
jpork,SLV,jpork,0.418
jpork,SOM,jbeef,-0.022
jpork,SOM,jpork,0.33
jpork,SPP,jbeef,-0.055
jpork,SPP,jpork,0.495
jpork,SPP,jpoul,-0.011
jpork,SVK,jbeef,-0.022
jpork,SVK,jpork,0.495
jpork,SVN,jbeef,-0.022
jpork,SVN,jpork,0.495
jpork,SWE,jbeef,-0.055
jpork,SWE,jpork,0.495
jpork,SWE,jpoul,-0.011
jpork,SWZ,jbeef,-0.022
jpork,SWZ,jpork,0.385
jpork,SYR,jpork,0.11
jpork,TCD,jbeef,-0.022
jpork,TCD,jpork,0.33
jpork,TGO,jbeef,-0.022
jpork,TGO,jpork,0.242
jpork,THA,jbeef,-0.066
jpork,THA,jpork,0.605
jpork,TJK,jbeef,-0.011
jpork,TJK,jpork,0.22
jpork,TKM,jbeef,-0.011
jpork,TKM,jpork,0.22
jpork,TLS,jbeef,-0.022
jpork,TLS,jpork,0.22
jpork,TUN,jpork,0.11
jpork,TUR,jpork,0.11
jpork,TZA,jbeef,-0.022
jpork,TZA,jpork,0.22
jpork,UGA,jbeef,-0.022
jpork,UGA,jpork,0.22
jpork,UKP,jbeef,-0.055
jpork,UKP,jpork,0.495
jpork,UKP,jpoul,-0.011
jpork,UKR,jbeef,-0.011
jpork,UKR,jpork,0.33
jpork,URY,jbeef,-0.055
jpork,URY,jpork,0.418
jpork,USA,jbeef,-0.022
jpork,USA,jpork,0.385
jpork,USA,jpoul,-0.011
jpork,UZB,jbeef,-0.011
jpork,UZB,jpork,0.22
jpork,VEN,jbeef,-0.055
jpork,VEN,jpork,0.418
jpork,VNM,jbeef,-0.022
jpork,VNM,jpork,0.55
jpork,VUT,jbeef,-0.022
jpork,VUT,jpork,0.22
jpork,YEM,jpork,0.11
jpork,ZAF,jbeef,-0.077
jpork,ZAF,jpork,0.385
jpork,ZAF,jlamb,-0.022
jpork,ZAF,jpoul,-0.044
jpork,ZMB,jbeef,-0.022
jpork,ZMB,jpork,0.385
jpork,ZWE,jbeef,-0.022
jpork,ZWE,jpork,0.385
jlamb,LBR,jlamb,0.275
jlamb,AFG,jlamb,0.264
jlamb,AGO,jlamb,0.22
jlamb,ALB,jlamb,0.198
jlamb,ARG,jlamb,0.231
jlamb,ARM,jlamb,0.22
jlamb,AUS,jbeef,-0.11
jlamb,AUS,jlamb,0.385
jlamb,AUS,jmilk,-0.055
jlamb,AUT,jlamb,0.385
jlamb,AZE,jlamb,0.22
jlamb,BDI,jlamb,0.275
jlamb,BEN,jlamb,0.275
jlamb,BFA,jlamb,0.242
jlamb,BGD,jlamb,0.22
jlamb,BGR,jlamb,0.198
jlamb,BLR,jlamb,0.22
jlamb,BLT,jlamb,0.22
jlamb,BLX,jlamb,0.385
jlamb,BLZ,jlamb,0.275
jlamb,BOL,jlamb,0.275
jlamb,BRA,jlamb,0.198
jlamb,BTN,jlamb,0.264
jlamb,BWA,jlamb,0.22
jlamb,CAF,jlamb,0.275
jlamb,CAN,jbeef,-0.022
jlamb,CAN,jlamb,0.352
jlamb,CAN,jpoul,-0.022
jlamb,CAN,jmilk,-0.033
jlamb,CHL,jlamb,0.275
jlamb,CHM,jpork,-0.033
jlamb,CHM,jlamb,0.275
jlamb,CHP,jlamb,0.385
jlamb,CIV,jlamb,0.275
jlamb,CMR,jlamb,0.275
jlamb,COD,jlamb,0.275
jlamb,COG,jlamb,0.275
jlamb,COL,jlamb,0.165
jlamb,CRB,jlamb,0.22
jlamb,CRI,jlamb,0.275
jlamb,CUB,jlamb,0.275
jlamb,CYP,jlamb,0.275
jlamb,CZE,jlamb,0.198
jlamb,DEU,jlamb,0.385
jlamb,DJI,jlamb,0.242
jlamb,DNK,jlamb,0.385
jlamb,DOM,jlamb,0.275
jlamb,DZA,jlamb,0.275
jlamb,ECU,jlamb,0.275
jlamb,EGY,jlamb,0.385
jlamb,ERI,jlamb,0.242
jlamb,ETH,jlamb,0.242
jlamb,FJI,jlamb,0.22
jlamb,FNP,jlamb,0.385
jlamb,FRP,jlamb,0.385
jlamb,GAB,jlamb,0.275
jlamb,GEO,jlamb,0.22
jlamb,GHA,jlamb,0.275
jlamb,GIN,jlamb,0.275
jlamb,GMB,jlamb,0.275
jlamb,GNB,jlamb,0.275
jlamb,GNQ,jlamb,0.275
jlamb,GRC,jlamb,0.198
jlamb,GSA,jlamb,0.275
jlamb,GTM,jlamb,0.275
jlamb,HND,jlamb,0.275
jlamb,HRV,jlamb,0.198
jlamb,HTI,jlamb,0.275
jlamb,HUN,jlamb,0.198
jlamb,IDN,jlamb,0.33
jlamb,IND,jlamb,0.385
jlamb,IRL,jlamb,0.385
jlamb,IRN,jlamb,0.275
jlamb,IRQ,jlamb,0.275
jlamb,ISL,jlamb,0.385
jlamb,ISR,jbeef,-0.022
jlamb,ISR,jlamb,0.352
jlamb,ISR,jpoul,-0.022
jlamb,ISR,jmilk,-0.033
jlamb,ITP,jlamb,0.385
jlamb,JAM,jlamb,0.22
jlamb,JOR,jlamb,0.275
jlamb,JPN,jlamb,0.308
jlamb,KAZ,jlamb,0.22
jlamb,KEN,jlamb,0.275
jlamb,KGZ,jlamb,0.22
jlamb,KHM,jlamb,0.286
jlamb,KOR,jlamb,0.22
jlamb,LAO,jlamb,0.286
jlamb,LBN,jlamb,0.275
jlamb,LBY,jlamb,0.275
jlamb,LKA,jlamb,0.264
jlamb,LSO,jlamb,0.22
jlamb,MDA,jlamb,0.198
jlamb,MDG,jlamb,0.22
jlamb,MEX,jlamb,0.242
jlamb,MLI,jlamb,0.242
jlamb,MMR,jlamb,0.242
jlamb,MNG,jlamb,0.22
jlamb,MOR,jlamb,0.275
jlamb,MOZ,jlamb,0.22
jlamb,MRT,jlamb,0.242
jlamb,MWI,jlamb,0.22
jlamb,MYS,jlamb,0.275
jlamb,NAM,jlamb,0.22
jlamb,NER,jlamb,0.242
jlamb,NGA,jlamb,0.22
jlamb,NIC,jlamb,0.275
jlamb,NLD,jlamb,0.385
jlamb,NOR,jlamb,0.385
jlamb,NPL,jlamb,0.264
jlamb,NZL,jbeef,-0.022
jlamb,NZL,jlamb,0.352
jlamb,NZL,jpoul,-0.022
jlamb,NZL,jmilk,-0.033
jlamb,OAO,jlamb,0.22
jlamb,OBN,jlamb,0.198
jlamb,OIO,jlamb,0.22
jlamb,OPO,jlamb,0.22
jlamb,OSA,jlamb,0.286
jlamb,PAK,jlamb,0.275
jlamb,PAN,jlamb,0.275
jlamb,PER,jlamb,0.275
jlamb,PHL,jlamb,0.22
jlamb,PNG,jlamb,0.22
jlamb,POL,jlamb,0.198
jlamb,PRK,jlamb,0.22
jlamb,PRT,jlamb,0.385
jlamb,PRY,jlamb,0.275
jlamb,PSE,jlamb,0.275
jlamb,RAP,jlamb,0.275
jlamb,ROU,jlamb,0.198
jlamb,RUS,jlamb,0.22
jlamb,RWA,jlamb,0.275
jlamb,SAU,jlamb,0.275
jlamb,SDN,jlamb,0.242
jlamb,SEN,jlamb,0.275
jlamb,SLB,jlamb,0.22
jlamb,SLE,jlamb,0.275
jlamb,SLV,jlamb,0.275
jlamb,SOM,jlamb,0.242
jlamb,SPP,jlamb,0.385
jlamb,SVK,jlamb,0.198
jlamb,SVN,jlamb,0.198
jlamb,SWE,jlamb,0.385
jlamb,SWZ,jlamb,0.22
jlamb,SYR,jlamb,0.275
jlamb,TCD,jlamb,0.242
jlamb,TGO,jlamb,0.275
jlamb,THA,jlamb,0.22
jlamb,TJK,jlamb,0.22
jlamb,TKM,jlamb,0.22
jlamb,TLS,jlamb,0.22
jlamb,TUN,jlamb,0.275
jlamb,TUR,jlamb,0.198
jlamb,TZA,jlamb,0.275
jlamb,UGA,jlamb,0.275
jlamb,UKP,jlamb,0.385
jlamb,UKR,jlamb,0.22
jlamb,URY,jlamb,0.275
jlamb,USA,jlamb,0.44
jlamb,UZB,jlamb,0.22
jlamb,VEN,jlamb,0.275
jlamb,VNM,jlamb,0.264
jlamb,VUT,jlamb,0.22
jlamb,YEM,jlamb,0.275
jlamb,ZAF,jbeef,-0.022
jlamb,ZAF,jlamb,0.352
jlamb,ZAF,jpoul,-0.022
jlamb,ZAF,jmilk,-0.033
jlamb,ZMB,jlamb,0.22
jlamb,ZWE,jlamb,0.22
jpoul,LBR,jpoul,0.33
jpoul,AFG,jpoul,0.33
jpoul,AGO,jpoul,0.33
jpoul,ALB,jbeef,-0.066
jpoul,ALB,jpoul,0.385
jpoul,ALB,jeggs,-0.033
jpoul,ARG,jpoul,0.495
jpoul,ARM,jbeef,-0.077
jpoul,ARM,jpoul,0.275
jpoul,ARM,jeggs,-0.033
jpoul,AUS,jbeef,-0.088
jpoul,AUS,jpork,-0.055
jpoul,AUS,jlamb,-0.055
jpoul,AUS,jpoul,0.44
jpoul,AUS,jeggs,-0.022
jpoul,AUT,jpork,-0.055
jpoul,AUT,jpoul,0.385
jpoul,AUT,jeggs,-0.044
jpoul,AZE,jbeef,-0.077
jpoul,AZE,jpoul,0.275
jpoul,AZE,jeggs,-0.033
jpoul,BDI,jpoul,0.33
jpoul,BEN,jpoul,0.33
jpoul,BFA,jpoul,0.33
jpoul,BGD,jpoul,0.33
jpoul,BGR,jbeef,-0.066
jpoul,BGR,jpoul,0.385
jpoul,BGR,jeggs,-0.033
jpoul,BLR,jbeef,-0.077
jpoul,BLR,jpoul,0.275
jpoul,BLR,jeggs,-0.033
jpoul,BLT,jbeef,-0.077
jpoul,BLT,jpoul,0.275
jpoul,BLT,jeggs,-0.033
jpoul,BLX,jpork,-0.055
jpoul,BLX,jpoul,0.385
jpoul,BLX,jeggs,-0.044
jpoul,BLZ,jbeef,-0.011
jpoul,BLZ,jpoul,0.308
jpoul,BOL,jbeef,-0.011
jpoul,BOL,jpoul,0.308
jpoul,BRA,jpoul,0.385
jpoul,BTN,jpoul,0.33
jpoul,BWA,jpoul,0.33
jpoul,CAF,jpoul,0.33
jpoul,CAN,jpork,-0.11
jpoul,CAN,jpoul,0.418
jpoul,CAN,jeggs,-0.011
jpoul,CHL,jbeef,-0.011
jpoul,CHL,jpoul,0.308
jpoul,CHM,jbeef,-0.022
jpoul,CHM,jpork,-0.066
jpoul,CHM,jpoul,0.33
jpoul,CHP,jpork,-0.055
jpoul,CHP,jpoul,0.385
jpoul,CHP,jeggs,-0.044
jpoul,CIV,jpoul,0.33
jpoul,CMR,jpoul,0.33
jpoul,COD,jpoul,0.33
jpoul,COG,jpoul,0.33
jpoul,COL,jpoul,0.308
jpoul,CRB,jpoul,0.33
jpoul,CRI,jbeef,-0.011
jpoul,CRI,jpoul,0.308
jpoul,CUB,jbeef,-0.011
jpoul,CUB,jpoul,0.308
jpoul,CYP,jpoul,0.385
jpoul,CZE,jbeef,-0.066
jpoul,CZE,jpoul,0.385
jpoul,CZE,jeggs,-0.033
jpoul,DEU,jpork,-0.055
jpoul,DEU,jpoul,0.385
jpoul,DEU,jeggs,-0.044
jpoul,DJI,jpoul,0.33
jpoul,DNK,jpork,-0.055
jpoul,DNK,jpoul,0.385
jpoul,DNK,jeggs,-0.044
jpoul,DOM,jbeef,-0.011
jpoul,DOM,jpoul,0.308
jpoul,DZA,jpoul,0.385
jpoul,ECU,jbeef,-0.011
jpoul,ECU,jpoul,0.308
jpoul,EGY,jbeef,-0.11
jpoul,EGY,jpoul,0.495
jpoul,EGY,jeggs,-0.022
jpoul,ERI,jpoul,0.33
jpoul,ETH,jpoul,0.33
jpoul,FJI,jpoul,0.33
jpoul,FNP,jpork,-0.055
jpoul,FNP,jpoul,0.385
jpoul,FNP,jeggs,-0.044
jpoul,FRP,jpork,-0.055
jpoul,FRP,jpoul,0.385
jpoul,FRP,jeggs,-0.044
jpoul,GAB,jpoul,0.33
jpoul,GEO,jbeef,-0.077
jpoul,GEO,jpoul,0.275
jpoul,GEO,jeggs,-0.033
jpoul,GHA,jpoul,0.33
jpoul,GIN,jpoul,0.33
jpoul,GMB,jpoul,0.33
jpoul,GNB,jpoul,0.33
jpoul,GNQ,jpoul,0.33
jpoul,GRC,jbeef,-0.066
jpoul,GRC,jpoul,0.385
jpoul,GRC,jeggs,-0.033
jpoul,GSA,jbeef,-0.011
jpoul,GSA,jpoul,0.308
jpoul,GTM,jbeef,-0.011
jpoul,GTM,jpoul,0.308
jpoul,HND,jbeef,-0.011
jpoul,HND,jpoul,0.308
jpoul,HRV,jbeef,-0.066
jpoul,HRV,jpoul,0.385
jpoul,HRV,jeggs,-0.033
jpoul,HTI,jbeef,-0.011
jpoul,HTI,jpoul,0.308
jpoul,HUN,jbeef,-0.066
jpoul,HUN,jpoul,0.385
jpoul,HUN,jeggs,-0.033
jpoul,IDN,jpork,-0.077
jpoul,IDN,jpoul,0.495
jpoul,IND,jpoul,0.44
jpoul,IRL,jpork,-0.055
jpoul,IRL,jpoul,0.385
jpoul,IRL,jeggs,-0.044
jpoul,IRN,jpoul,0.385
jpoul,IRQ,jpoul,0.385
jpoul,ISL,jpork,-0.055
jpoul,ISL,jpoul,0.385
jpoul,ISL,jeggs,-0.044
jpoul,ISR,jpork,-0.11
jpoul,ISR,jpoul,0.418
jpoul,ISR,jeggs,-0.011
jpoul,ITP,jpork,-0.055
jpoul,ITP,jpoul,0.385
jpoul,ITP,jeggs,-0.044
jpoul,JAM,jpoul,0.33
jpoul,JOR,jpoul,0.385
jpoul,JPN,jbeef,-0.055
jpoul,JPN,jpork,-0.66
jpoul,JPN,jpoul,0.484
jpoul,JPN,jeggs,-0.033
jpoul,KAZ,jbeef,-0.077
jpoul,KAZ,jpoul,0.275
jpoul,KAZ,jeggs,-0.033
jpoul,KEN,jpoul,0.33
jpoul,KGZ,jbeef,-0.077
jpoul,KGZ,jpoul,0.275
jpoul,KGZ,jeggs,-0.033
jpoul,KHM,jpork,-0.077
jpoul,KHM,jpoul,0.385
jpoul,KOR,jpork,-0.055
jpoul,KOR,jpoul,0.44
jpoul,LAO,jpork,-0.077
jpoul,LAO,jpoul,0.385
jpoul,LBN,jpoul,0.385
jpoul,LBY,jpoul,0.385
jpoul,LKA,jpoul,0.33
jpoul,LSO,jpoul,0.33
jpoul,MDA,jbeef,-0.066
jpoul,MDA,jpoul,0.385
jpoul,MDA,jeggs,-0.033
jpoul,MDG,jpoul,0.33
jpoul,MEX,jpoul,0.44
jpoul,MLI,jpoul,0.33
jpoul,MMR,jpork,-0.055
jpoul,MMR,jpoul,0.275
jpoul,MNG,jpoul,0.44
jpoul,MOR,jpoul,0.385
jpoul,MOZ,jpoul,0.33
jpoul,MRT,jpoul,0.33
jpoul,MWI,jpoul,0.33
jpoul,MYS,jpork,-0.066
jpoul,MYS,jpoul,0.44
jpoul,NAM,jpoul,0.33
jpoul,NER,jpoul,0.33
jpoul,NGA,jpoul,0.33
jpoul,NIC,jbeef,-0.011
jpoul,NIC,jpoul,0.308
jpoul,NLD,jpork,-0.055
jpoul,NLD,jpoul,0.385
jpoul,NLD,jeggs,-0.044
jpoul,NOR,jpork,-0.055
jpoul,NOR,jpoul,0.385
jpoul,NOR,jeggs,-0.044
jpoul,NPL,jpoul,0.33
jpoul,NZL,jpork,-0.11
jpoul,NZL,jpoul,0.418
jpoul,NZL,jeggs,-0.011
jpoul,OAO,jpoul,0.33
jpoul,OBN,jbeef,-0.066
jpoul,OBN,jpoul,0.385
jpoul,OBN,jeggs,-0.033
jpoul,OIO,jpoul,0.33
jpoul,OPO,jpoul,0.33
jpoul,OSA,jpork,-0.077
jpoul,OSA,jpoul,0.385
jpoul,PAK,jpoul,0.55
jpoul,PAN,jbeef,-0.011
jpoul,PAN,jpoul,0.308
jpoul,PER,jbeef,-0.011
jpoul,PER,jpoul,0.308
jpoul,PHL,jpork,-0.077
jpoul,PHL,jpoul,0.385
jpoul,PNG,jpoul,0.33
jpoul,POL,jbeef,-0.066
jpoul,POL,jpoul,0.385
jpoul,POL,jeggs,-0.033
jpoul,PRK,jpoul,0.44
jpoul,PRT,jpork,-0.055
jpoul,PRT,jpoul,0.385
jpoul,PRT,jeggs,-0.044
jpoul,PRY,jbeef,-0.011
jpoul,PRY,jpoul,0.308
jpoul,PSE,jpoul,0.33
jpoul,RAP,jpoul,0.385
jpoul,ROU,jbeef,-0.066
jpoul,ROU,jpoul,0.385
jpoul,ROU,jeggs,-0.033
jpoul,RUS,jbeef,-0.077
jpoul,RUS,jpoul,0.275
jpoul,RUS,jeggs,-0.033
jpoul,RWA,jpoul,0.33
jpoul,SAU,jpoul,0.385
jpoul,SDN,jpoul,0.33
jpoul,SEN,jpoul,0.33
jpoul,SLB,jpoul,0.33
jpoul,SLE,jpoul,0.33
jpoul,SLV,jbeef,-0.011
jpoul,SLV,jpoul,0.308
jpoul,SOM,jpoul,0.33
jpoul,SPP,jpork,-0.055
jpoul,SPP,jpoul,0.385
jpoul,SPP,jeggs,-0.044
jpoul,SVK,jbeef,-0.066
jpoul,SVK,jpoul,0.385
jpoul,SVK,jeggs,-0.033
jpoul,SVN,jbeef,-0.066
jpoul,SVN,jpoul,0.385
jpoul,SVN,jeggs,-0.033
jpoul,SWE,jpork,-0.055
jpoul,SWE,jpoul,0.385
jpoul,SWE,jeggs,-0.044
jpoul,SWZ,jpoul,0.33
jpoul,SYR,jpoul,0.385
jpoul,TCD,jpoul,0.33
jpoul,TGO,jpoul,0.33
jpoul,THA,jpork,-0.088
jpoul,THA,jpoul,0.44
jpoul,TJK,jbeef,-0.077
jpoul,TJK,jpoul,0.275
jpoul,TJK,jeggs,-0.033
jpoul,TKM,jbeef,-0.077
jpoul,TKM,jpoul,0.275
jpoul,TKM,jeggs,-0.033
jpoul,TLS,jpoul,0.33
jpoul,TUN,jpoul,0.385
jpoul,TUR,jpoul,0.385
jpoul,TZA,jpoul,0.33
jpoul,UGA,jpoul,0.33
jpoul,UKP,jpork,-0.055
jpoul,UKP,jpoul,0.385
jpoul,UKP,jeggs,-0.044
jpoul,UKR,jbeef,-0.077
jpoul,UKR,jpoul,0.275
jpoul,UKR,jeggs,-0.033
jpoul,URY,jbeef,-0.011
jpoul,URY,jpoul,0.308
jpoul,USA,jpork,-0.055
jpoul,USA,jpoul,0.44
jpoul,USA,jeggs,-0.022
jpoul,UZB,jbeef,-0.077
jpoul,UZB,jpoul,0.275
jpoul,UZB,jeggs,-0.033
jpoul,VEN,jbeef,-0.011
jpoul,VEN,jpoul,0.308
jpoul,VNM,jpork,-0.055
jpoul,VNM,jpoul,0.385
jpoul,VUT,jpoul,0.33
jpoul,YEM,jpoul,0.385
jpoul,ZAF,jpork,-0.11
jpoul,ZAF,jpoul,0.418
jpoul,ZAF,jeggs,-0.011
jpoul,ZMB,jpoul,0.33
jpoul,ZWE,jpoul,0.33
jeggs,LBR,jeggs,0.275
jeggs,AFG,jeggs,0.275
jeggs,AGO,jeggs,0.33
jeggs,ALB,jeggs,0.198
jeggs,ARG,jeggs,0.33
jeggs,ARM,jpoul,-0.022
jeggs,ARM,jeggs,0.198
jeggs,AUS,jpoul,-0.022
jeggs,AUS,jeggs,0.33
jeggs,AUT,jpoul,-0.022
jeggs,AUT,jeggs,0.308
jeggs,AZE,jpoul,-0.022
jeggs,AZE,jeggs,0.198
jeggs,BDI,jeggs,0.352
jeggs,BEN,jeggs,0.275
jeggs,BFA,jpoul,-0.011
jeggs,BFA,jeggs,0.275
jeggs,BGD,jeggs,0.275
jeggs,BGR,jeggs,0.198
jeggs,BLR,jpoul,-0.022
jeggs,BLR,jeggs,0.198
jeggs,BLT,jpoul,-0.022
jeggs,BLT,jeggs,0.198
jeggs,BLX,jpoul,-0.022
jeggs,BLX,jeggs,0.308
jeggs,BLZ,jpoul,-0.011
jeggs,BLZ,jeggs,0.275
jeggs,BOL,jpoul,-0.011
jeggs,BOL,jeggs,0.275
jeggs,BRA,jeggs,0.275
jeggs,BTN,jeggs,0.275
jeggs,BWA,jeggs,0.33
jeggs,CAF,jeggs,0.275
jeggs,CAN,jpoul,-0.011
jeggs,CAN,jeggs,0.154
jeggs,CHL,jpoul,-0.011
jeggs,CHL,jeggs,0.275
jeggs,CHM,jeggs,0.44
jeggs,CHP,jpoul,-0.022
jeggs,CHP,jeggs,0.308
jeggs,CIV,jeggs,0.275
jeggs,CMR,jeggs,0.275
jeggs,COD,jeggs,0.275
jeggs,COG,jeggs,0.275
jeggs,COL,jpoul,-0.011
jeggs,COL,jeggs,0.275
jeggs,CRB,jeggs,0.44
jeggs,CRI,jpoul,-0.011
jeggs,CRI,jeggs,0.275
jeggs,CUB,jpoul,-0.011
jeggs,CUB,jeggs,0.275
jeggs,CYP,jpoul,-0.022
jeggs,CYP,jeggs,0.44
jeggs,CZE,jeggs,0.198
jeggs,DEU,jpoul,-0.022
jeggs,DEU,jeggs,0.308
jeggs,DJI,jpoul,-0.011
jeggs,DJI,jeggs,0.275
jeggs,DNK,jpoul,-0.022
jeggs,DNK,jeggs,0.308
jeggs,DOM,jpoul,-0.011
jeggs,DOM,jeggs,0.275
jeggs,DZA,jpoul,-0.022
jeggs,DZA,jeggs,0.44
jeggs,ECU,jpoul,-0.011
jeggs,ECU,jeggs,0.275
jeggs,EGY,jpoul,-0.011
jeggs,EGY,jeggs,0.385
jeggs,ERI,jpoul,-0.011
jeggs,ERI,jeggs,0.275
jeggs,ETH,jpoul,-0.011
jeggs,ETH,jeggs,0.275
jeggs,FJI,jeggs,0.44
jeggs,FNP,jpoul,-0.022
jeggs,FNP,jeggs,0.308
jeggs,FRP,jpoul,-0.022
jeggs,FRP,jeggs,0.308
jeggs,GAB,jeggs,0.275
jeggs,GEO,jpoul,-0.022
jeggs,GEO,jeggs,0.198
jeggs,GHA,jeggs,0.275
jeggs,GIN,jeggs,0.275
jeggs,GMB,jeggs,0.275
jeggs,GNB,jeggs,0.275
jeggs,GNQ,jeggs,0.275
jeggs,GRC,jeggs,0.198
jeggs,GSA,jpoul,-0.011
jeggs,GSA,jeggs,0.275
jeggs,GTM,jpoul,-0.011
jeggs,GTM,jeggs,0.275
jeggs,HND,jpoul,-0.011
jeggs,HND,jeggs,0.275
jeggs,HRV,jeggs,0.198
jeggs,HTI,jpoul,-0.011
jeggs,HTI,jeggs,0.275
jeggs,HUN,jeggs,0.198
jeggs,IDN,jpoul,-0.011
jeggs,IDN,jeggs,0.385
jeggs,IND,jeggs,0.352
jeggs,IRL,jpoul,-0.022
jeggs,IRL,jeggs,0.308
jeggs,IRN,jpoul,-0.022
jeggs,IRN,jeggs,0.44
jeggs,IRQ,jpoul,-0.022
jeggs,IRQ,jeggs,0.44
jeggs,ISL,jpoul,-0.022
jeggs,ISL,jeggs,0.308
jeggs,ISR,jpoul,-0.011
jeggs,ISR,jeggs,0.154
jeggs,ITP,jpoul,-0.022
jeggs,ITP,jeggs,0.308
jeggs,JAM,jeggs,0.44
jeggs,JOR,jpoul,-0.022
jeggs,JOR,jeggs,0.44
jeggs,JPN,jeggs,0.352
jeggs,KAZ,jpoul,-0.022
jeggs,KAZ,jeggs,0.154
jeggs,KEN,jeggs,0.352
jeggs,KGZ,jpoul,-0.022
jeggs,KGZ,jeggs,0.154
jeggs,KHM,jeggs,0.44
jeggs,KOR,jpoul,-0.022
jeggs,KOR,jeggs,0.385
jeggs,LAO,jeggs,0.44
jeggs,LBN,jpoul,-0.022
jeggs,LBN,jeggs,0.44
jeggs,LBY,jpoul,-0.022
jeggs,LBY,jeggs,0.44
jeggs,LKA,jeggs,0.275
jeggs,LSO,jeggs,0.33
jeggs,MDA,jeggs,0.198
jeggs,MDG,jeggs,0.33
jeggs,MEX,jeggs,0.385
jeggs,MLI,jpoul,-0.011
jeggs,MLI,jeggs,0.275
jeggs,MMR,jeggs,0.385
jeggs,MNG,jpoul,-0.022
jeggs,MNG,jeggs,0.44
jeggs,MOR,jpoul,-0.022
jeggs,MOR,jeggs,0.44
jeggs,MOZ,jeggs,0.33
jeggs,MRT,jpoul,-0.011
jeggs,MRT,jeggs,0.275
jeggs,MWI,jeggs,0.33
jeggs,MYS,jeggs,0.418
jeggs,NAM,jeggs,0.33
jeggs,NER,jpoul,-0.011
jeggs,NER,jeggs,0.275
jeggs,NGA,jeggs,0.308
jeggs,NIC,jpoul,-0.011
jeggs,NIC,jeggs,0.275
jeggs,NLD,jpoul,-0.022
jeggs,NLD,jeggs,0.308
jeggs,NOR,jpoul,-0.022
jeggs,NOR,jeggs,0.308
jeggs,NPL,jeggs,0.275
jeggs,NZL,jpoul,-0.011
jeggs,NZL,jeggs,0.154
jeggs,OAO,jeggs,0.44
jeggs,OBN,jeggs,0.198
jeggs,OIO,jeggs,0.44
jeggs,OPO,jeggs,0.44
jeggs,OSA,jeggs,0.44
jeggs,PAK,jeggs,0.33
jeggs,PAN,jpoul,-0.011
jeggs,PAN,jeggs,0.275
jeggs,PER,jpoul,-0.011
jeggs,PER,jeggs,0.275
jeggs,PHL,jeggs,0.44
jeggs,PNG,jeggs,0.44
jeggs,POL,jeggs,0.198
jeggs,PRK,jpoul,-0.022
jeggs,PRK,jeggs,0.44
jeggs,PRT,jpoul,-0.022
jeggs,PRT,jeggs,0.308
jeggs,PRY,jpoul,-0.011
jeggs,PRY,jeggs,0.275
jeggs,PSE,jeggs,0.275
jeggs,RAP,jpoul,-0.022
jeggs,RAP,jeggs,0.44
jeggs,ROU,jeggs,0.198
jeggs,RUS,jpoul,-0.022
jeggs,RUS,jeggs,0.198
jeggs,RWA,jeggs,0.352
jeggs,SAU,jpoul,-0.022
jeggs,SAU,jeggs,0.44
jeggs,SDN,jpoul,-0.011
jeggs,SDN,jeggs,0.275
jeggs,SEN,jeggs,0.275
jeggs,SLB,jeggs,0.44
jeggs,SLE,jeggs,0.275
jeggs,SLV,jpoul,-0.011
jeggs,SLV,jeggs,0.275
jeggs,SOM,jpoul,-0.011
jeggs,SOM,jeggs,0.275
jeggs,SPP,jpoul,-0.022
jeggs,SPP,jeggs,0.308
jeggs,SVK,jeggs,0.198
jeggs,SVN,jeggs,0.198
jeggs,SWE,jpoul,-0.022
jeggs,SWE,jeggs,0.308
jeggs,SWZ,jeggs,0.33
jeggs,SYR,jpoul,-0.022
jeggs,SYR,jeggs,0.44
jeggs,TCD,jpoul,-0.011
jeggs,TCD,jeggs,0.275
jeggs,TGO,jeggs,0.275
jeggs,THA,jeggs,0.22
jeggs,TJK,jpoul,-0.022
jeggs,TJK,jeggs,0.154
jeggs,TKM,jpoul,-0.022
jeggs,TKM,jeggs,0.154
jeggs,TLS,jeggs,0.44
jeggs,TUN,jpoul,-0.022
jeggs,TUN,jeggs,0.44
jeggs,TUR,jpoul,-0.011
jeggs,TUR,jeggs,0.385
jeggs,TZA,jeggs,0.352
jeggs,UGA,jeggs,0.352
jeggs,UKP,jpoul,-0.022
jeggs,UKP,jeggs,0.308
jeggs,UKR,jpoul,-0.022
jeggs,UKR,jeggs,0.198
jeggs,URY,jpoul,-0.011
jeggs,URY,jeggs,0.275
jeggs,USA,jpoul,-0.022
jeggs,USA,jeggs,0.308
jeggs,UZB,jpoul,-0.022
jeggs,UZB,jeggs,0.154
jeggs,VEN,jpoul,-0.011
jeggs,VEN,jeggs,0.275
jeggs,VNM,jeggs,0.385
jeggs,VUT,jeggs,0.44
jeggs,YEM,jpoul,-0.022
jeggs,YEM,jeggs,0.44
jeggs,ZAF,jpoul,-0.011
jeggs,ZAF,jeggs,0.154
jeggs,ZMB,jeggs,0.33
jeggs,ZWE,jeggs,0.33
jmilk,LBR,jmilk,0.385
jmilk,AFG,jmilk,0.396
jmilk,AGO,jmilk,0.44
jmilk,ALB,jbeef,0.044
jmilk,ALB,jmilk,0.33
jmilk,ARG,jbeef,0.099
jmilk,ARG,jmilk,0.418
jmilk,ARM,jbeef,0.033
jmilk,ARM,jmilk,0.22
jmilk,AUS,jbeef,0.099
jmilk,AUS,jlamb,-0.033
jmilk,AUS,jmilk,0.418
jmilk,AUT,jbeef,0.088
jmilk,AUT,jmilk,0.462
jmilk,AZE,jbeef,0.033
jmilk,AZE,jmilk,0.22
jmilk,BDI,jmilk,0.385
jmilk,BEN,jmilk,0.385
jmilk,BFA,jmilk,0.44
jmilk,BGD,jmilk,0.396
jmilk,BGR,jbeef,0.044
jmilk,BGR,jmilk,0.33
jmilk,BLR,jbeef,0.033
jmilk,BLR,jmilk,0.22
jmilk,BLT,jbeef,0.033
jmilk,BLT,jmilk,0.22
jmilk,BLX,jbeef,0.088
jmilk,BLX,jmilk,0.462
jmilk,BLZ,jbeef,0.033
jmilk,BLZ,jmilk,0.308
jmilk,BOL,jbeef,0.033
jmilk,BOL,jmilk,0.308
jmilk,BRA,jbeef,0.044
jmilk,BRA,jmilk,0.385
jmilk,BTN,jmilk,0.396
jmilk,BWA,jmilk,0.44
jmilk,CAF,jmilk,0.385
jmilk,CAN,jbeef,0.066
jmilk,CAN,jlamb,-0.022
jmilk,CAN,jmilk,0.363
jmilk,CHL,jbeef,0.033
jmilk,CHL,jmilk,0.308
jmilk,CHM,jmilk,0.33
jmilk,CHP,jbeef,0.088
jmilk,CHP,jmilk,0.462
jmilk,CIV,jmilk,0.385
jmilk,CMR,jmilk,0.385
jmilk,COD,jmilk,0.385
jmilk,COG,jmilk,0.385
jmilk,COL,jbeef,0.033
jmilk,COL,jmilk,0.264
jmilk,CRB,jmilk,0.396
jmilk,CRI,jbeef,0.033
jmilk,CRI,jmilk,0.308
jmilk,CUB,jbeef,0.033
jmilk,CUB,jmilk,0.308
jmilk,CYP,jbeef,0.033
jmilk,CYP,jmilk,0.484
jmilk,CZE,jbeef,0.044
jmilk,CZE,jmilk,0.33
jmilk,DEU,jbeef,0.088
jmilk,DEU,jmilk,0.462
jmilk,DJI,jmilk,0.44
jmilk,DNK,jbeef,0.088
jmilk,DNK,jmilk,0.462
jmilk,DOM,jbeef,0.033
jmilk,DOM,jmilk,0.308
jmilk,DZA,jbeef,0.033
jmilk,DZA,jmilk,0.484
jmilk,ECU,jbeef,0.033
jmilk,ECU,jmilk,0.308
jmilk,EGY,jbeef,0.044
jmilk,EGY,jmilk,0.385
jmilk,ERI,jmilk,0.44
jmilk,ETH,jmilk,0.44
jmilk,FJI,jmilk,0.396
jmilk,FNP,jbeef,0.088
jmilk,FNP,jmilk,0.462
jmilk,FRP,jbeef,0.088
jmilk,FRP,jmilk,0.462
jmilk,GAB,jmilk,0.385
jmilk,GEO,jbeef,0.033
jmilk,GEO,jmilk,0.22
jmilk,GHA,jmilk,0.385
jmilk,GIN,jmilk,0.385
jmilk,GMB,jmilk,0.385
jmilk,GNB,jmilk,0.385
jmilk,GNQ,jmilk,0.385
jmilk,GRC,jbeef,0.044
jmilk,GRC,jmilk,0.33
jmilk,GSA,jbeef,0.033
jmilk,GSA,jmilk,0.308
jmilk,GTM,jbeef,0.033
jmilk,GTM,jmilk,0.308
jmilk,HND,jbeef,0.033
jmilk,HND,jmilk,0.308
jmilk,HRV,jbeef,0.044
jmilk,HRV,jmilk,0.33
jmilk,HTI,jbeef,0.033
jmilk,HTI,jmilk,0.308
jmilk,HUN,jbeef,0.044
jmilk,HUN,jmilk,0.33
jmilk,IDN,jmilk,0.44
jmilk,IND,jmilk,0.363
jmilk,IRL,jbeef,0.088
jmilk,IRL,jmilk,0.462
jmilk,IRN,jbeef,0.033
jmilk,IRN,jmilk,0.484
jmilk,IRQ,jbeef,0.033
jmilk,IRQ,jmilk,0.484
jmilk,ISL,jbeef,0.088
jmilk,ISL,jmilk,0.462
jmilk,ISR,jbeef,0.066
jmilk,ISR,jlamb,-0.022
jmilk,ISR,jmilk,0.363
jmilk,ITP,jbeef,0.088
jmilk,ITP,jmilk,0.462
jmilk,JAM,jmilk,0.396
jmilk,JOR,jbeef,0.033
jmilk,JOR,jmilk,0.484
jmilk,JPN,jbeef,0.055
jmilk,JPN,jmilk,0.286
jmilk,KAZ,jbeef,0.044
jmilk,KAZ,jmilk,0.22
jmilk,KEN,jmilk,0.385
jmilk,KGZ,jbeef,0.044
jmilk,KGZ,jmilk,0.22
jmilk,KHM,jmilk,0.44
jmilk,KOR,jmilk,0.484
jmilk,LAO,jmilk,0.44
jmilk,LBN,jbeef,0.033
jmilk,LBN,jmilk,0.484
jmilk,LBY,jbeef,0.033
jmilk,LBY,jmilk,0.484
jmilk,LKA,jmilk,0.396
jmilk,LSO,jmilk,0.44
jmilk,MDA,jbeef,0.044
jmilk,MDA,jmilk,0.33
jmilk,MDG,jmilk,0.44
jmilk,MEX,jbeef,0.055
jmilk,MEX,jmilk,0.385
jmilk,MLI,jmilk,0.44
jmilk,MMR,jmilk,0.385
jmilk,MNG,jmilk,0.396
jmilk,MOR,jbeef,0.033
jmilk,MOR,jmilk,0.484
jmilk,MOZ,jmilk,0.44
jmilk,MRT,jmilk,0.44
jmilk,MWI,jmilk,0.44
jmilk,MYS,jmilk,0.308
jmilk,NAM,jmilk,0.44
jmilk,NER,jmilk,0.44
jmilk,NGA,jmilk,0.44
jmilk,NIC,jbeef,0.033
jmilk,NIC,jmilk,0.308
jmilk,NLD,jbeef,0.088
jmilk,NLD,jmilk,0.462
jmilk,NOR,jbeef,0.088
jmilk,NOR,jmilk,0.462
jmilk,NPL,jmilk,0.396
jmilk,NZL,jbeef,0.066
jmilk,NZL,jlamb,-0.022
jmilk,NZL,jmilk,0.363
jmilk,OAO,jmilk,0.396
jmilk,OBN,jbeef,0.044
jmilk,OBN,jmilk,0.33
jmilk,OIO,jmilk,0.396
jmilk,OPO,jmilk,0.396
jmilk,OSA,jmilk,0.44
jmilk,PAK,jmilk,0.33
jmilk,PAN,jbeef,0.033
jmilk,PAN,jmilk,0.308
jmilk,PER,jbeef,0.033
jmilk,PER,jmilk,0.308
jmilk,PHL,jmilk,0.352
jmilk,PNG,jmilk,0.396
jmilk,POL,jbeef,0.044
jmilk,POL,jmilk,0.33
jmilk,PRK,jmilk,0.396
jmilk,PRT,jbeef,0.088
jmilk,PRT,jmilk,0.462
jmilk,PRY,jbeef,0.033
jmilk,PRY,jmilk,0.308
jmilk,PSE,jmilk,0.385
jmilk,RAP,jbeef,0.033
jmilk,RAP,jmilk,0.484
jmilk,ROU,jbeef,0.044
jmilk,ROU,jmilk,0.33
jmilk,RUS,jbeef,0.033
jmilk,RUS,jmilk,0.22
jmilk,RWA,jmilk,0.385
jmilk,SAU,jbeef,0.033
jmilk,SAU,jmilk,0.484
jmilk,SDN,jmilk,0.44
jmilk,SEN,jmilk,0.385
jmilk,SLB,jmilk,0.396
jmilk,SLE,jmilk,0.385
jmilk,SLV,jbeef,0.033
jmilk,SLV,jmilk,0.308
jmilk,SOM,jmilk,0.44
jmilk,SPP,jbeef,0.088
jmilk,SPP,jmilk,0.462
jmilk,SVK,jbeef,0.044
jmilk,SVK,jmilk,0.33
jmilk,SVN,jbeef,0.044
jmilk,SVN,jmilk,0.33
jmilk,SWE,jbeef,0.088
jmilk,SWE,jmilk,0.462
jmilk,SWZ,jmilk,0.44
jmilk,SYR,jbeef,0.033
jmilk,SYR,jmilk,0.484
jmilk,TCD,jmilk,0.44
jmilk,TGO,jmilk,0.385
jmilk,THA,jmilk,0.33
jmilk,TJK,jbeef,0.044
jmilk,TJK,jmilk,0.22
jmilk,TKM,jbeef,0.044
jmilk,TKM,jmilk,0.22
jmilk,TLS,jmilk,0.396
jmilk,TUN,jbeef,0.033
jmilk,TUN,jmilk,0.484
jmilk,TUR,jbeef,0.033
jmilk,TUR,jmilk,0.44
jmilk,TZA,jmilk,0.385
jmilk,UGA,jmilk,0.385
jmilk,UKP,jbeef,0.088
jmilk,UKP,jmilk,0.462
jmilk,UKR,jbeef,0.033
jmilk,UKR,jmilk,0.22
jmilk,URY,jbeef,0.033
jmilk,URY,jmilk,0.308
jmilk,USA,jbeef,0.033
jmilk,USA,jmilk,0.407
jmilk,UZB,jbeef,0.044
jmilk,UZB,jmilk,0.22
jmilk,VEN,jbeef,0.033
jmilk,VEN,jmilk,0.308
jmilk,VNM,jmilk,0.33
jmilk,VUT,jmilk,0.396
jmilk,YEM,jbeef,0.033
jmilk,YEM,jmilk,0.484
jmilk,ZAF,jbeef,0.066
jmilk,ZAF,jlamb,-0.022
jmilk,ZAF,jmilk,0.363
jmilk,ZMB,jmilk,0.44
jmilk,ZWE,jmilk,0.44
